GATE(iteration): 112 physical cores; 10 correctness slots = min(84/8 server, 28/2 load), 8 server threads at ratio 6:2 and 3 ports per slot; correctness load is modest protocol traffic (at least 2 physical cores per slot), server SMT reserved; isolated ABBA smoke: 32 server + 80 load physical cores, 80 load SMT threads (automatic available siblings), 0 explicit server SMT threads, reviewed ratio 16:16 (52 surplus server cores move to ABBA load)
  artifacts: /home/user/Projects/cx-final/build/gate-run.iDWLwm
  row budget: 900s; median=0.01s; own-row-history; mechanism-floor=900s (cold cache state not distinguished); release build (+footprint locks)
  release build (+footprint locks)                     ok
  row budget: 900s; median=0.84s; own-row-history; mechanism-floor=900s (cold cache state not distinguished); ASAN build
  ASAN build                                           ok
  row budget: 30s; median=3.445s; own-row-history; Redis config quoting + mid-value #
  Redis config quoting + mid-value #                   ok
  row budget: 30s; median=4.2s; own-row-history; flip controller model unit
  flip controller model unit                           ok
  row budget: 30s; median=0.31s; own-row-history; B+ counting-fingerprint filter unit
foreign-read-safety unit: PASS
  B+ counting-fingerprint filter unit                  ok
  row budget: 30s; median=1.12s; own-row-history; read-local write ring + arming transient unit
  read-local write ring + arming transient unit        ok
  row budget: 30s; median=0.07s; own-row-history; core concurrency watch
  core concurrency watch                               ok
  row budget: 30s; median=0.07s; own-row-history; core concurrency scheduler
  core concurrency scheduler                           ok
  row budget: 30s; median=0.07s; own-row-history; core concurrency lifetime
  core concurrency lifetime                            ok
  row budget: 30s; median=0.07s; own-row-history; core concurrency drain
  core concurrency drain                               ok
  row budget: 30s; median=0.07s; own-row-history; core concurrency route
  core concurrency route                               ok
  row budget: 30s; median=0.07s; own-row-history; core concurrency snapshot
  core concurrency snapshot                            ok
  row budget: 30s; median=0.13s; own-row-history; core concurrency config
  core concurrency config                              ok
  row budget: 30s; median=0.13s; own-row-history; core concurrency notify
  core concurrency notify                              ok
  row budget: 30s; median=3.47s; own-row-history; reorder mechanism + 32/128-task geometry battery
  reorder mechanism + 32/128-task geometry battery     ok
  row budget: 30s; median=0s; own-row-history; storage unlinked regression
  storage unlinked regression                          ok
  row budget: 30s; median=0s; own-row-history; storage randomkey regression
  storage randomkey regression                         ok
  row budget: 30s; median=0s; own-row-history; storage rehash regression
  storage rehash regression                            ok
  row budget: 30s; median=0.01s; own-row-history; storage rollback regression
  storage rollback regression                          ok
  row budget: 30s; median=0s; own-row-history; storage snapshot-eviction regression
  storage snapshot-eviction regression                 ok
  row budget: 900s; median=0.06s; own-row-history; mechanism-floor=900s (cold cache state not distinguished); storage flags regression
  storage flags regression                             ok
  row budget: 30s; median=0s; own-row-history; storage aof-eviction regression
  storage aof-eviction regression                      ok
  row budget: 30s; median=0s; own-row-history; storage intents regression
  storage intents regression                           ok
  row budget: 30s; median=0s; own-row-history; storage imported-hash regression
  storage imported-hash regression                     ok
  row budget: 30s; median=0s; own-row-history; storage field-index-failure regression
  storage field-index-failure regression               ok
  row budget: 30s; median=0.005s; own-row-history; storage hash-bytes regression
  storage hash-bytes regression                        ok
  row budget: 900s; median=0s; own-row-history; mechanism-floor=900s (cold cache state not distinguished); storage deadline-sidecar regression
  storage deadline-sidecar regression                  ok
  row budget: 900s; median=0s; own-row-history; mechanism-floor=900s (cold cache state not distinguished); atomic survivors unit build
  atomic survivors unit build                          ok
  row budget: 30s; median=0.01s; own-row-history; atomic survivor: admission
  atomic survivor: admission                           ok
  row budget: 30s; median=0.01s; own-row-history; atomic survivor: closure
  atomic survivor: closure                             ok
  row budget: 30s; median=0.01s; own-row-history; atomic survivor: script_keys
  atomic survivor: script_keys                         ok
  row budget: 30s; median=0.01s; own-row-history; atomic survivor: rename_overlay
  atomic survivor: rename_overlay                      ok
  row budget: 30s; median=0.01s; own-row-history; atomic survivor: write_latest
  atomic survivor: write_latest                        ok
  row budget: 30s; median=0.01s; own-row-history; atomic survivor: script_apply
  atomic survivor: script_apply                        ok
  row budget: 30s; median=0.01s; own-row-history; atomic survivor: lua_conversion
  atomic survivor: lua_conversion                      ok
  row budget: 30s; median=0.01s; own-row-history; atomic survivor: watch_parent
  atomic survivor: watch_parent                        ok
  row budget: 30s; median=0.01s; own-row-history; atomic survivor: watch_cycle
  atomic survivor: watch_cycle                         ok
  row budget: 30s; median=0.01s; own-row-history; atomic survivor: mset_arity
  atomic survivor: mset_arity                          ok
  row budget: 30s; median=0.01s; own-row-history; atomic survivor: watch_oom
  atomic survivor: watch_oom                           ok
  row budget: 30s; median=0.01s; own-row-history; atomic survivor: lua_lines
  atomic survivor: lua_lines                           ok
  row budget: 30s; median=0.01s; own-row-history; atomic survivor: library_limit
  atomic survivor: library_limit                       ok
  row budget: 30s; median=0.02s; own-row-history; atomic survivor: stage_flag
  atomic survivor: stage_flag                          ok
  row budget: 30s; median=0.01s; own-row-history; atomic survivor: instruction_limit
  atomic survivor: instruction_limit                   ok
  row budget: 900s; median=0s; own-row-history; mechanism-floor=900s (cold cache state not distinguished); netcmd regression build
  netcmd regression build                              ok
  row budget: 30s; median=0.01s; own-row-history; netcmd streams regression
  netcmd streams regression                            ok
  row budget: 30s; median=0s; own-row-history; netcmd zpop regression
  netcmd zpop regression                               ok
  row budget: 30s; median=0.01s; own-row-history; netcmd notify-oom regression
  netcmd notify-oom regression                         ok
  row budget: 30s; median=0.01s; own-row-history; netcmd notify-retry regression
  netcmd notify-retry regression                       ok
  row budget: 30s; median=0.01s; own-row-history; netcmd flush regression
  netcmd flush regression                              ok
  row budget: 30s; median=0s; own-row-history; netcmd output regression
  netcmd output regression                             ok
  row budget: 30s; median=0.01s; own-row-history; netcmd pubsub regression
  netcmd pubsub regression                             ok
  row budget: 30s; median=0s; own-row-history; netcmd receive regression
  netcmd receive regression                            ok
  row budget: 30s; median=0.01s; own-row-history; netcmd config regression
  netcmd config regression                             ok
  row budget: 30s; median=0.05s; own-row-history; generated Redis 7.4 ACL categories
  generated Redis 7.4 ACL categories                   ok
  row budget: 30s; median=0.01s; own-row-history; reject --mode (flag deleted)
  reject --mode (flag deleted)                         ok
  row budget: 30s; median=0.01s; own-row-history; reject --spread
  reject --spread                                      ok
  row budget: 30s; median=0.01s; own-row-history; reject --nodes
  reject --nodes                                       ok
  row budget: 30s; median=0.01s; own-row-history; reject 3-part ratio
  reject 3-part ratio                                  ok
  row budget: 30s; median=0.01s; own-row-history; reject missing conf
  reject missing conf                                  ok
  row budget: 30s; median=0.01s; own-row-history; reject bad conf key
  reject bad conf key                                  ok
  row budget: 30s; median=0.01s; own-row-history; reject aclfile + conf user lines
  reject aclfile + conf user lines                     ok
  row budget: 30s; median=0.04s; own-row-history; cmdmeta covers every registered command
  cmdmeta covers every registered command              ok
  row budget: 900s; median=0.07s; own-row-history; mechanism-floor=900s (cold cache state not distinguished); waits config publication + admission unit
  waits config publication + admission unit            ok
  row budget: 900s; median=1.01s; own-row-history; mechanism-floor=900s (cold cache state not distinguished); reads never wait for retirement quiescence
  reads never wait for retirement quiescence           ok
  row budget: 30s; median=2.03s; own-row-history; read-only resize split read-local=0
  read-only resize split read-local=0                  ok
  row budget: 30s; median=2.03s; own-row-history; read-only resize split read-local=1
  read-only resize split read-local=1                  ok
  row budget: 30s; median=1.53s; own-row-history; read-only resize fused read-local=0
  read-only resize fused read-local=0                  ok
  row budget: 30s; median=1.53s; own-row-history; read-only resize fused read-local=1
  read-only resize fused read-local=1                  ok
  row budget: 31s; median=7.655s; own-row-history; torture battery
  torture battery                                      ok
  row budget: 30s; median=1.095s; own-row-history; RYOW battery
  RYOW battery                                         ok
  row budget: 30s; median=0.03s; own-row-history; ACL category runtime table
  ACL category runtime table                           ok
  row budget: 30s; median=0.03s; own-row-history; ACL LOAD/SAVE no-file errors
  ACL LOAD/SAVE no-file errors                         ok
  row budget: 30s; median=1.03s; own-row-history; idle loop ceiling (LBSIGNALS, 1s)
  idle loop ceiling (LBSIGNALS, 1s)                    ok
  row budget: 30s; median=0.02s; own-row-history; shutdown invariants (nothing stuck)
  shutdown invariants (nothing stuck)                  ok
  row budget: 30s; median=0.02s; own-row-history; direct-reply fired (direct=N)
  direct-reply fired (direct=11001)                    ok
  row budget: 30s; median=0.04s; own-row-history; dispatched==executed (N)
  dispatched==executed (54530)                         ok
  row budget: 105s; median=26.145s; own-row-history; atomic torn/window battery
  atomic torn/window battery                           ok
  row budget: 30s; median=4.065s; own-row-history; atomic RYOW/mixed-write battery
  atomic RYOW/mixed-write battery                      ok
  row budget: 30s; median=4.24s; own-row-history; atomic owner-local hazard battery
  atomic owner-local hazard battery                    ok
  row budget: 30s; median=0.02s; own-row-history; atomic shutdown invariants
  atomic shutdown invariants                           ok
  row budget: 30s; median=0.47s; own-row-history; s6 battery (atomic 0)
  s6 battery (atomic 0)                                ok
  row budget: 30s; median=2.07s; own-row-history; multi_exec battery (atomic 0)
  multi_exec battery (atomic 0)                        ok
  row budget: 30s; median=1.51s; own-row-history; blocking battery (atomic 0)
  blocking battery (atomic 0)                          ok
  row budget: 30s; median=0.48s; own-row-history; blockmulti battery (atomic 0)
  blockmulti battery (atomic 0)                        ok
  row budget: 30s; median=0.51s; own-row-history; stream battery (atomic 0)
  stream battery (atomic 0)                            ok
  row budget: 30s; median=0.04s; own-row-history; streamgroups battery (atomic 0)
  streamgroups battery (atomic 0)                      ok
  row budget: 30s; median=0.89s; own-row-history; pubsub battery (atomic 0)
  pubsub battery (atomic 0)                            ok
  row budget: 30s; median=0.02s; own-row-history; lua_scripting battery (atomic 0)
  lua_scripting battery (atomic 0)                     ok
  row budget: 30s; median=0.04s; own-row-history; scriptsurf battery (atomic 0)
  scriptsurf battery (atomic 0)                        ok
  row budget: 61s; median=15.04s; own-row-history; limits battery (atomic 0)
  limits battery (atomic 0)                            ok
  row budget: 30s; median=0.03s; own-row-history; resp3 battery (atomic 0)
  resp3 battery (atomic 0)                             ok
  row budget: 30s; median=0.03s; own-row-history; bitfield battery (atomic 0)
  bitfield battery (atomic 0)                          ok
  row budget: 30s; median=0.06s; own-row-history; dumprestore battery (atomic 0)
  dumprestore battery (atomic 0)                       ok
  row budget: 30s; median=0.05s; own-row-history; zsetops battery (atomic 0)
  zsetops battery (atomic 0)                           ok
  row budget: 30s; median=0.03s; own-row-history; geo battery (atomic 0)
  geo battery (atomic 0)                               ok
  row budget: 30s; median=1.135s; own-row-history; climon battery (atomic 0)
  climon battery (atomic 0)                            ok
  row budget: 30s; median=3.92s; own-row-history; climon2 battery (atomic 0)
  climon2 battery (atomic 0)                           ok
  row budget: 57s; median=14.11s; own-row-history; tracking battery (atomic 0)
  tracking battery (atomic 0)                          ok
  row budget: 30s; median=3.69s; own-row-history; hexpire battery (atomic 0)
  hexpire battery (atomic 0)                           ok
  row budget: 30s; median=0.6s; own-row-history; servertail battery (atomic 0)
  servertail battery (atomic 0)                        ok
  row budget: 30s; median=0.15s; own-row-history; lcs battery (atomic 0)
  lcs battery (atomic 0)                               ok
  row budget: 30s; median=2.15s; own-row-history; concur battery (atomic 0)
  concur battery (atomic 0)                            ok
  row budget: 30s; median=0.58s; own-row-history; edgeproto battery (atomic 0)
  edgeproto battery (atomic 0)                         ok
  row budget: 30s; median=0.34s; own-row-history; edgeenc battery (atomic 0)
  edgeenc battery (atomic 0)                           ok
  row budget: 30s; median=4.085s; own-row-history; edgetime battery (atomic 0)
  edgetime battery (atomic 0)                          ok
  row budget: 30s; median=0.02s; own-row-history; arity battery (atomic 0)
  arity battery (atomic 0)                             ok
  row budget: 30s; median=0.025s; own-row-history; contarity battery (atomic 0)
  contarity battery (atomic 0)                         ok
  row budget: 30s; median=0.02s; own-row-history; cmdgap battery (atomic 0)
  cmdgap battery (atomic 0)                            ok
  row budget: 30s; median=0.28s; own-row-history; aclsel battery (atomic 0)
  aclsel battery (atomic 0)                            ok
  row budget: 233s; median=58.245s; own-row-history; expwide battery (atomic 0)
  expwide battery (atomic 0)                           ok
  row budget: 30s; median=0.14s; own-row-history; infofix battery (atomic 0)
  infofix battery (atomic 0)                           ok
  row budget: 30s; median=2.935s; own-row-history; pushtear battery (atomic 0)
  pushtear battery (atomic 0)                          ok
  row budget: 30s; median=0.03s; own-row-history; netcmd battery (atomic 0)
  netcmd battery (atomic 0)                            ok
  row budget: 30s; median=0.02s; own-row-history; feature shutdown invariants (atomic 0)
  feature shutdown invariants (atomic 0)               ok
  row budget: 30s; median=0.47s; own-row-history; s6 battery (atomic 1)
  s6 battery (atomic 1)                                ok
  row budget: 30s; median=2.07s; own-row-history; multi_exec battery (atomic 1)
  multi_exec battery (atomic 1)                        ok
  row budget: 30s; median=1.5s; own-row-history; blocking battery (atomic 1)
  blocking battery (atomic 1)                          ok
  row budget: 30s; median=0.48s; own-row-history; blockmulti battery (atomic 1)
  blockmulti battery (atomic 1)                        ok
  row budget: 30s; median=0.49s; own-row-history; stream battery (atomic 1)
  stream battery (atomic 1)                            ok
  row budget: 30s; median=0.04s; own-row-history; streamgroups battery (atomic 1)
  streamgroups battery (atomic 1)                      ok
  row budget: 30s; median=0.89s; own-row-history; pubsub battery (atomic 1)
  pubsub battery (atomic 1)                            ok
  row budget: 30s; median=0.03s; own-row-history; lua_scripting battery (atomic 1)
  lua_scripting battery (atomic 1)                     ok
  row budget: 30s; median=0.04s; own-row-history; scriptsurf battery (atomic 1)
  scriptsurf battery (atomic 1)                        ok
  row budget: 60s; median=14.9s; own-row-history; limits battery (atomic 1)
  limits battery (atomic 1)                            ok
  row budget: 30s; median=0.03s; own-row-history; resp3 battery (atomic 1)
  resp3 battery (atomic 1)                             ok
  row budget: 30s; median=0.03s; own-row-history; bitfield battery (atomic 1)
  bitfield battery (atomic 1)                          ok
  row budget: 30s; median=0.06s; own-row-history; dumprestore battery (atomic 1)
  dumprestore battery (atomic 1)                       ok
  row budget: 30s; median=0.045s; own-row-history; zsetops battery (atomic 1)
  zsetops battery (atomic 1)                           ok
  row budget: 30s; median=0.03s; own-row-history; geo battery (atomic 1)
  geo battery (atomic 1)                               ok
  row budget: 30s; median=1.13s; own-row-history; climon battery (atomic 1)
  climon battery (atomic 1)                            ok
  row budget: 30s; median=3.92s; own-row-history; climon2 battery (atomic 1)
  climon2 battery (atomic 1)                           ok
  row budget: 57s; median=14.11s; own-row-history; tracking battery (atomic 1)
  tracking battery (atomic 1)                          ok
  row budget: 30s; median=3.45s; own-row-history; hexpire battery (atomic 1)
  hexpire battery (atomic 1)                           ok
  row budget: 30s; median=0.61s; own-row-history; servertail battery (atomic 1)
  servertail battery (atomic 1)                        ok
  row budget: 30s; median=0.16s; own-row-history; lcs battery (atomic 1)
  lcs battery (atomic 1)                               ok
  row budget: 30s; median=2.155s; own-row-history; concur battery (atomic 1)
  concur battery (atomic 1)                            ok
  row budget: 30s; median=0.575s; own-row-history; edgeproto battery (atomic 1)
  edgeproto battery (atomic 1)                         ok
  row budget: 30s; median=0.35s; own-row-history; edgeenc battery (atomic 1)
  edgeenc battery (atomic 1)                           ok
  row budget: 30s; median=4.08s; own-row-history; edgetime battery (atomic 1)
  edgetime battery (atomic 1)                          ok
  row budget: 30s; median=0.02s; own-row-history; arity battery (atomic 1)
  arity battery (atomic 1)                             ok
  row budget: 30s; median=0.03s; own-row-history; contarity battery (atomic 1)
  contarity battery (atomic 1)                         ok
  row budget: 30s; median=0.02s; own-row-history; cmdgap battery (atomic 1)
  cmdgap battery (atomic 1)                            ok
  row budget: 30s; median=0.28s; own-row-history; aclsel battery (atomic 1)
  aclsel battery (atomic 1)                            ok
  row budget: 229s; median=57.115s; own-row-history; expwide battery (atomic 1)
  expwide battery (atomic 1)                           ok
  row budget: 30s; median=0.14s; own-row-history; infofix battery (atomic 1)
  infofix battery (atomic 1)                           ok
  row budget: 30s; median=2.94s; own-row-history; pushtear battery (atomic 1)
  pushtear battery (atomic 1)                          ok
  row budget: 30s; median=0.03s; own-row-history; netcmd battery (atomic 1)
  netcmd battery (atomic 1)                            ok
  row budget: 30s; median=0.02s; own-row-history; feature shutdown invariants (atomic 1)
  feature shutdown invariants (atomic 1)               ok
  row budget: 30s; median=0.26s; own-row-history; fused boot line (atomic 0)
  fused boot line (atomic 0)                           ok
  row budget: 30s; median=0.53s; own-row-history; fused s6 battery (atomic 0)
  fused s6 battery (atomic 0)                          ok
  row budget: 30s; median=2.07s; own-row-history; fused multi_exec battery (atomic 0)
  fused multi_exec battery (atomic 0)                  ok
  row budget: 30s; median=0.74s; own-row-history; fused edgeproto battery (atomic 0)
  fused edgeproto battery (atomic 0)                   ok
  row budget: 30s; median=0.04s; own-row-history; fused atomfix battery (atomic 0)
  fused atomfix battery (atomic 0)                     ok
  row budget: 30s; median=2.23s; own-row-history; fused spinprobe battery (atomic 0)
  fused spinprobe battery (atomic 0)                   ok
  row budget: 30s; median=1.16s; own-row-history; fused shutdown report (atomic 0)
  fused shutdown report (atomic 0)                     ok
  row budget: 30s; median=0.26s; own-row-history; fused boot line (atomic 1)
  fused boot line (atomic 1)                           ok
  row budget: 30s; median=0.53s; own-row-history; fused s6 battery (atomic 1)
  fused s6 battery (atomic 1)                          ok
  row budget: 30s; median=2.07s; own-row-history; fused multi_exec battery (atomic 1)
  fused multi_exec battery (atomic 1)                  ok
  row budget: 30s; median=0.74s; own-row-history; fused edgeproto battery (atomic 1)
  fused edgeproto battery (atomic 1)                   ok
  row budget: 30s; median=0.05s; own-row-history; fused atomfix battery (atomic 1)
  fused atomfix battery (atomic 1)                     ok
  row budget: 30s; median=2.23s; own-row-history; fused spinprobe battery (atomic 1)
  fused spinprobe battery (atomic 1)                   ok
  row budget: 30s; median=1.16s; own-row-history; fused shutdown report (atomic 1)
  fused shutdown report (atomic 1)                     ok
  row budget: 30s; median=0.26s; own-row-history; fused+armed boot line (atomic 0)
  fused+armed boot line (atomic 0)                     ok
  row budget: 30s; median=0.53s; own-row-history; fused+armed s6 battery (atomic 0)
  fused+armed s6 battery (atomic 0)                    ok
  row budget: 30s; median=2.07s; own-row-history; fused+armed multi_exec battery (atomic 0)
  fused+armed multi_exec battery (atomic 0)            ok
  row budget: 30s; median=1.44s; own-row-history; fused+armed blocking battery (atomic 0)
  fused+armed blocking battery (atomic 0)              ok
  row budget: 30s; median=0.48s; own-row-history; fused+armed blockmulti battery (atomic 0)
  fused+armed blockmulti battery (atomic 0)            ok
  row budget: 30s; median=0.5s; own-row-history; fused+armed stream battery (atomic 0)
  fused+armed stream battery (atomic 0)                ok
  row budget: 30s; median=0.04s; own-row-history; fused+armed streamgroups battery (atomic 0)
  fused+armed streamgroups battery (atomic 0)          ok
  row budget: 30s; median=0.89s; own-row-history; fused+armed pubsub battery (atomic 0)
  fused+armed pubsub battery (atomic 0)                ok
  row budget: 30s; median=0.03s; own-row-history; fused+armed lua_scripting battery (atomic 0)
  fused+armed lua_scripting battery (atomic 0)         ok
  row budget: 30s; median=0.05s; own-row-history; fused+armed scriptsurf battery (atomic 0)
  fused+armed scriptsurf battery (atomic 0)            ok
  row budget: 60s; median=14.885s; own-row-history; fused+armed limits battery (atomic 0)
  fused+armed limits battery (atomic 0)                ok
  row budget: 30s; median=0.03s; own-row-history; fused+armed resp3 battery (atomic 0)
  fused+armed resp3 battery (atomic 0)                 ok
  row budget: 30s; median=0.03s; own-row-history; fused+armed bitfield battery (atomic 0)
  fused+armed bitfield battery (atomic 0)              ok
  row budget: 30s; median=0.06s; own-row-history; fused+armed dumprestore battery (atomic 0)
  fused+armed dumprestore battery (atomic 0)           ok
  row budget: 30s; median=0.05s; own-row-history; fused+armed zsetops battery (atomic 0)
  fused+armed zsetops battery (atomic 0)               ok
  row budget: 30s; median=0.02s; own-row-history; fused+armed geo battery (atomic 0)
  fused+armed geo battery (atomic 0)                   ok
  row budget: 30s; median=1.13s; own-row-history; fused+armed climon battery (atomic 0)
  fused+armed climon battery (atomic 0)                ok
  row budget: 30s; median=3.92s; own-row-history; fused+armed climon2 battery (atomic 0)
  fused+armed climon2 battery (atomic 0)               ok
  row budget: 57s; median=14.105s; own-row-history; fused+armed tracking battery (atomic 0)
  fused+armed tracking battery (atomic 0)              ok
  row budget: 30s; median=3.45s; own-row-history; fused+armed hexpire battery (atomic 0)
  fused+armed hexpire battery (atomic 0)               ok
  row budget: 30s; median=0.56s; own-row-history; fused+armed servertail battery (atomic 0)
  fused+armed servertail battery (atomic 0)            ok
  row budget: 30s; median=0.16s; own-row-history; fused+armed lcs battery (atomic 0)
  fused+armed lcs battery (atomic 0)                   ok
  row budget: 30s; median=2.175s; own-row-history; fused+armed concur battery (atomic 0)
  fused+armed concur battery (atomic 0)                ok
  row budget: 30s; median=0.74s; own-row-history; fused+armed edgeproto battery (atomic 0)
  fused+armed edgeproto battery (atomic 0)             ok
  row budget: 30s; median=0.375s; own-row-history; fused+armed edgeenc battery (atomic 0)
  fused+armed edgeenc battery (atomic 0)               ok
  row budget: 30s; median=4.07s; own-row-history; fused+armed edgetime battery (atomic 0)
  fused+armed edgetime battery (atomic 0)              ok
  row budget: 30s; median=0.02s; own-row-history; fused+armed arity battery (atomic 0)
  fused+armed arity battery (atomic 0)                 ok
  row budget: 30s; median=0.03s; own-row-history; fused+armed contarity battery (atomic 0)
  fused+armed contarity battery (atomic 0)             ok
  row budget: 30s; median=0.025s; own-row-history; fused+armed cmdgap battery (atomic 0)
  fused+armed cmdgap battery (atomic 0)                ok
  row budget: 30s; median=0.28s; own-row-history; fused+armed aclsel battery (atomic 0)
  fused+armed aclsel battery (atomic 0)                ok
  row budget: 216s; median=53.925s; own-row-history; fused+armed expwide battery (atomic 0)
  fused+armed expwide battery (atomic 0)               ok
  row budget: 30s; median=0.15s; own-row-history; fused+armed infofix battery (atomic 0)
  fused+armed infofix battery (atomic 0)               ok
  row budget: 30s; median=2.93s; own-row-history; fused+armed pushtear battery (atomic 0)
  fused+armed pushtear battery (atomic 0)              ok
  row budget: 30s; median=0.03s; own-row-history; fused+armed netcmd battery (atomic 0)
  fused+armed netcmd battery (atomic 0)                ok
  row budget: 30s; median=1.16s; own-row-history; fused+armed shutdown report + lane fired (hits=N, atomic 0)
  fused+armed shutdown report + lane fired (hits=557, atomic 0) ok
  row budget: 30s; median=0.26s; own-row-history; fused+armed boot line (atomic 1)
  fused+armed boot line (atomic 1)                     ok
  row budget: 30s; median=0.53s; own-row-history; fused+armed s6 battery (atomic 1)
  fused+armed s6 battery (atomic 1)                    ok
  row budget: 30s; median=2.08s; own-row-history; fused+armed multi_exec battery (atomic 1)
  fused+armed multi_exec battery (atomic 1)            ok
  row budget: 30s; median=1.43s; own-row-history; fused+armed blocking battery (atomic 1)
  fused+armed blocking battery (atomic 1)              ok
  row budget: 30s; median=0.48s; own-row-history; fused+armed blockmulti battery (atomic 1)
  fused+armed blockmulti battery (atomic 1)            ok
  row budget: 30s; median=0.5s; own-row-history; fused+armed stream battery (atomic 1)
  fused+armed stream battery (atomic 1)                ok
  row budget: 30s; median=0.03s; own-row-history; fused+armed streamgroups battery (atomic 1)
  fused+armed streamgroups battery (atomic 1)          ok
  row budget: 30s; median=0.89s; own-row-history; fused+armed pubsub battery (atomic 1)
  fused+armed pubsub battery (atomic 1)                ok
  row budget: 30s; median=0.03s; own-row-history; fused+armed lua_scripting battery (atomic 1)
  fused+armed lua_scripting battery (atomic 1)         ok
  row budget: 30s; median=0.05s; own-row-history; fused+armed scriptsurf battery (atomic 1)
  fused+armed scriptsurf battery (atomic 1)            ok
  row budget: 61s; median=15.095s; own-row-history; fused+armed limits battery (atomic 1)
  fused+armed limits battery (atomic 1)                ok
  row budget: 30s; median=0.03s; own-row-history; fused+armed resp3 battery (atomic 1)
  fused+armed resp3 battery (atomic 1)                 ok
  row budget: 30s; median=0.03s; own-row-history; fused+armed bitfield battery (atomic 1)
  fused+armed bitfield battery (atomic 1)              ok
  row budget: 30s; median=0.06s; own-row-history; fused+armed dumprestore battery (atomic 1)
  fused+armed dumprestore battery (atomic 1)           ok
  row budget: 30s; median=0.05s; own-row-history; fused+armed zsetops battery (atomic 1)
  fused+armed zsetops battery (atomic 1)               ok
  row budget: 30s; median=0.02s; own-row-history; fused+armed geo battery (atomic 1)
  fused+armed geo battery (atomic 1)                   ok
  row budget: 30s; median=1.135s; own-row-history; fused+armed climon battery (atomic 1)
  fused+armed climon battery (atomic 1)                ok
  row budget: 30s; median=3.92s; own-row-history; fused+armed climon2 battery (atomic 1)
  fused+armed climon2 battery (atomic 1)               ok
  row budget: 57s; median=14.11s; own-row-history; fused+armed tracking battery (atomic 1)
  fused+armed tracking battery (atomic 1)              ok
  row budget: 30s; median=3.45s; own-row-history; fused+armed hexpire battery (atomic 1)
  fused+armed hexpire battery (atomic 1)               ok
  row budget: 30s; median=0.58s; own-row-history; fused+armed servertail battery (atomic 1)
  fused+armed servertail battery (atomic 1)            ok
  row budget: 30s; median=0.16s; own-row-history; fused+armed lcs battery (atomic 1)
  fused+armed lcs battery (atomic 1)                   ok
  row budget: 30s; median=2.21s; own-row-history; fused+armed concur battery (atomic 1)
  fused+armed concur battery (atomic 1)                ok
  row budget: 30s; median=0.74s; own-row-history; fused+armed edgeproto battery (atomic 1)
  fused+armed edgeproto battery (atomic 1)             ok
  row budget: 30s; median=0.38s; own-row-history; fused+armed edgeenc battery (atomic 1)
  fused+armed edgeenc battery (atomic 1)               ok
  row budget: 30s; median=4.08s; own-row-history; fused+armed edgetime battery (atomic 1)
  fused+armed edgetime battery (atomic 1)              ok
  row budget: 30s; median=0.03s; own-row-history; fused+armed arity battery (atomic 1)
  fused+armed arity battery (atomic 1)                 ok
  row budget: 30s; median=0.03s; own-row-history; fused+armed contarity battery (atomic 1)
  fused+armed contarity battery (atomic 1)             ok
  row budget: 30s; median=0.03s; own-row-history; fused+armed cmdgap battery (atomic 1)
  fused+armed cmdgap battery (atomic 1)                ok
  row budget: 30s; median=0.28s; own-row-history; fused+armed aclsel battery (atomic 1)
  fused+armed aclsel battery (atomic 1)                ok
  row budget: 188s; median=46.96s; own-row-history; fused+armed expwide battery (atomic 1)
  fused+armed expwide battery (atomic 1)               ok
  row budget: 30s; median=0.15s; own-row-history; fused+armed infofix battery (atomic 1)
  fused+armed infofix battery (atomic 1)               ok
  row budget: 30s; median=2.93s; own-row-history; fused+armed pushtear battery (atomic 1)
  fused+armed pushtear battery (atomic 1)              ok
  row budget: 30s; median=0.03s; own-row-history; fused+armed netcmd battery (atomic 1)
  fused+armed netcmd battery (atomic 1)                ok
  row budget: 30s; median=1.16s; own-row-history; fused+armed shutdown report + lane fired (hits=N, atomic 1)
  fused+armed shutdown report + lane fired (hits=557, atomic 1) ok
  row budget: 30s; median=0.31s; own-row-history; eviction lfu battery (split, atomic 0)
  eviction lfu battery (split, atomic 0)               ok
  row budget: 30s; median=0.31s; own-row-history; eviction lfu battery (fused+armed, atomic 0)
  eviction lfu battery (fused+armed, atomic 0)         ok
  row budget: 512s; median=110.64s; own-row-history; mechanism-floor=512s (two production 256s clock buckets); eviction lruclock battery (split, atomic 0)
  eviction lruclock battery (split, atomic 0)          ok
  row budget: 512s; median=110.23s; own-row-history; mechanism-floor=512s (two production 256s clock buckets); eviction lruclock battery (fused+armed, atomic 0)
  eviction lruclock battery (fused+armed, atomic 0)    ok
  row budget: 30s; median=0.31s; own-row-history; eviction lfu battery (split, atomic 1)
  eviction lfu battery (split, atomic 1)               ok
  row budget: 30s; median=0.31s; own-row-history; eviction lfu battery (fused+armed, atomic 1)
  eviction lfu battery (fused+armed, atomic 1)         ok
  row budget: 512s; median=109.13s; own-row-history; mechanism-floor=512s (two production 256s clock buckets); eviction lruclock battery (split, atomic 1)
  eviction lruclock battery (split, atomic 1)          ok
  row budget: 512s; median=108.02s; own-row-history; mechanism-floor=512s (two production 256s clock buckets); eviction lruclock battery (fused+armed, atomic 1)
  eviction lruclock battery (fused+armed, atomic 1)    ok
  row budget: 30s; median=2.14s; own-row-history; B+ held-group GET/MGET filter battery
  B+ held-group GET/MGET filter battery                ok
  row budget: 30s; median=0.04s; own-row-history; read-local lane admission battery
  read-local lane admission battery                    ok
  row budget: 175s; median=43.74s; own-row-history; ACL recheck one-reply battery (2s)
  ACL recheck one-reply battery (2s)                   ok
  row budget: 175s; median=43.74s; own-row-history; ACL recheck one-reply battery (1s)
  ACL recheck one-reply battery (1s)                   ok
  row budget: 30s; median=0.12s; own-row-history; cross-owner SORT battery (atomic 0)
  cross-owner SORT battery (atomic 0)                  ok
  row budget: 30s; median=0.12s; own-row-history; cross-owner SORT battery (atomic 1)
  cross-owner SORT battery (atomic 1)                  ok
  row budget: 30s; median=0.16s; own-row-history; lbsignals battery (atomic 0)
  lbsignals battery (atomic 0)                         ok
  row budget: 30s; median=1.49s; own-row-history; slowlog battery (atomic 0)
  slowlog battery (atomic 0)                           ok
  row budget: 30s; median=0.04s; own-row-history; atomfix battery (atomic 0)
  atomfix battery (atomic 0)                           ok
  row budget: 30s; median=0.04s; own-row-history; scriptatomic battery (atomic 0)
  scriptatomic battery (atomic 0)                      ok
  row budget: 58s; median=14.47s; own-row-history; execatomic battery (atomic 0)
  execatomic battery (atomic 0)                        ok
  row budget: 48s; median=11.86s; own-row-history; execiso battery (atomic 0)
  execiso battery (atomic 0)                           ok
  row budget: 30s; median=0.44s; own-row-history; execfix battery (atomic 0)
  execfix battery (atomic 0)                           ok
  row budget: 30s; median=0.09s; own-row-history; multires battery (atomic 0)
  multires battery (atomic 0)                          ok
  row budget: 30s; median=0.65s; own-row-history; multirace battery (atomic 0)
  multirace battery (atomic 0)                         ok
  row budget: 122s; median=30.49s; own-row-history; session_monotonic battery (atomic 0)
  session_monotonic battery (atomic 0)                 ok
  row budget: 30s; median=0.31s; own-row-history; xacct battery (atomic 0)
  xacct battery (atomic 0)                             ok
  row budget: 30s; median=0.44s; own-row-history; xmove battery (atomic 0)
  xmove battery (atomic 0)                             ok
  row budget: 30s; median=0.87s; own-row-history; xscript battery (atomic 0)
  xscript battery (atomic 0)                           ok
  row budget: 30s; median=0.16s; own-row-history; lbsignals battery (atomic 1)
  lbsignals battery (atomic 1)                         ok
  row budget: 30s; median=1.49s; own-row-history; slowlog battery (atomic 1)
  slowlog battery (atomic 1)                           ok
  row budget: 30s; median=0.04s; own-row-history; atomfix battery (atomic 1)
  atomfix battery (atomic 1)                           ok
  row budget: 30s; median=0.04s; own-row-history; scriptatomic battery (atomic 1)
  scriptatomic battery (atomic 1)                      ok
  row budget: 58s; median=14.47s; own-row-history; execatomic battery (atomic 1)
  execatomic battery (atomic 1)                        ok
  row budget: 48s; median=11.86s; own-row-history; execiso battery (atomic 1)
  execiso battery (atomic 1)                           ok
  row budget: 30s; median=0.445s; own-row-history; execfix battery (atomic 1)
  execfix battery (atomic 1)                           ok
  row budget: 30s; median=0.09s; own-row-history; multires battery (atomic 1)
  multires battery (atomic 1)                          ok
  row budget: 30s; median=0.65s; own-row-history; multirace battery (atomic 1)
  multirace battery (atomic 1)                         ok
  row budget: 122s; median=30.49s; own-row-history; session_monotonic battery (atomic 1)
  session_monotonic battery (atomic 1)                 ok
  row budget: 30s; median=0.3s; own-row-history; xacct battery (atomic 1)
  xacct battery (atomic 1)                             ok
  row budget: 30s; median=0.44s; own-row-history; xmove battery (atomic 1)
  xmove battery (atomic 1)                             ok
  row budget: 30s; median=0.86s; own-row-history; xscript battery (atomic 1)
  xscript battery (atomic 1)                           ok
  row budget: 30s; median=0.05s; own-row-history; xscript limit control
  xscript limit control                                ok
  row budget: 30s; median=0.54s; own-row-history; xscript window control
  xscript window control                               ok
  row budget: 63s; median=15.66s; own-row-history; expire-index growth bound
  expire-index growth bound                            ok
  row budget: 30s; median=1.495s; own-row-history; borrow-registry growth bound
  borrow-registry growth bound                         ok
  row budget: 116s; median=28.89s; own-row-history; cross-shard dispatch scaling
  cross-shard dispatch scaling                         ok
  row budget: 30s; median=0.06s; own-row-history; DUMP/RESTORE prepare + native SAVE
  DUMP/RESTORE prepare + native SAVE                   ok
  row budget: 30s; median=0.05s; own-row-history; DUMP/RESTORE cross-restart round-trip
  DUMP/RESTORE cross-restart round-trip                ok
  row budget: 30s; median=0.02s; own-row-history; DUMP/RESTORE restart shutdown invariants
  DUMP/RESTORE restart shutdown invariants             ok
  row budget: 30s; median=0.01s; own-row-history; reject bad protected-mode
  reject bad protected-mode                            ok
  row budget: 30s; median=0.01s; own-row-history; reject bad enable-debug-command
  reject bad enable-debug-command                      ok
  row budget: 30s; median=0.15s; own-row-history; AUTH/HELLO/protected state machine
  AUTH/HELLO/protected state machine                   ok
  row budget: 30s; median=0.28s; own-row-history; ACL battery (atomic off)
  ACL battery (atomic off)                             ok
  row budget: 30s; median=0.28s; own-row-history; ACL battery (atomic on)
  ACL battery (atomic on)                              ok
  row budget: 30s; median=0.94s; own-row-history; DEBUG toggle/reload battery
  DEBUG toggle/reload battery                          ok
  row budget: 30s; median=0.1s; own-row-history; typed snapshot round-trip incl stream
  typed snapshot round-trip incl stream                ok
  row budget: 30s; median=0.64s; own-row-history; snapshot concurrent cut (epoll)
  snapshot concurrent cut (epoll)                      ok
  row budget: 30s; median=0.19s; own-row-history; snapshot cut reload (epoll)
  snapshot cut reload (epoll)                          ok
  row budget: 30s; median=2.73s; own-row-history; snapshot never tears a cross-shard MSET group (epoll, atomic 1)
  snapshot never tears a cross-shard MSET group (epoll, atomic 1) ok
  row budget: 30s; median=5.24s; own-row-history; snapshot never tears a MULTI/EXEC group (epoll, default atomic 0)
  snapshot never tears a MULTI/EXEC group (epoll, default atomic 0) ok
  row budget: 30s; median=0.05s; own-row-history; typed snapshot save (epoll)
  typed snapshot save (epoll)                          ok
  row budget: 30s; median=0.05s; own-row-history; typed snapshot reload (epoll)
  typed snapshot reload (epoll)                        ok
  row budget: 30s; median=0.17s; own-row-history; typed snapshot preimage race (epoll)
  typed snapshot preimage race (epoll)                 ok
  row budget: 30s; median=0.06s; own-row-history; typed snapshot race reload (epoll)
  typed snapshot race reload (epoll)                   ok
  row budget: 30s; median=0.63s; own-row-history; snapshot concurrent cut (uring)
  snapshot concurrent cut (uring)                      ok
  row budget: 30s; median=0.17s; own-row-history; snapshot cut reload (uring)
  snapshot cut reload (uring)                          ok
  row budget: 30s; median=2.735s; own-row-history; snapshot never tears a cross-shard MSET group (uring, atomic 1)
  snapshot never tears a cross-shard MSET group (uring, atomic 1) ok
  row budget: 30s; median=5.21s; own-row-history; snapshot never tears a MULTI/EXEC group (uring, default atomic 0)
  snapshot never tears a MULTI/EXEC group (uring, default atomic 0) ok
  row budget: 30s; median=0.05s; own-row-history; typed snapshot save (uring)
  typed snapshot save (uring)                          ok
  row budget: 30s; median=0.05s; own-row-history; typed snapshot reload (uring)
  typed snapshot reload (uring)                        ok
  row budget: 30s; median=0.19s; own-row-history; typed snapshot preimage race (uring)
  typed snapshot preimage race (uring)                 ok
  row budget: 30s; median=0.06s; own-row-history; typed snapshot race reload (uring)
  typed snapshot race reload (uring)                   ok
  row budget: 30s; median=2.07s; own-row-history; MULTI feature battery
  MULTI feature battery                                ok
  row budget: 30s; median=1.48s; own-row-history; blocking feature battery
  blocking feature battery                             ok
  row budget: 30s; median=0.89s; own-row-history; pubsub feature battery
  pubsub feature battery                               ok
  row budget: 30s; median=0.03s; own-row-history; Lua feature battery
  Lua feature battery                                  ok
  row budget: 91s; median=22.69s; own-row-history; keyspace notification battery (atomic 0/1)
  keyspace notification battery (atomic 0/1)           ok
  row budget: 30s; median=0.02s; own-row-history; feature battery shutdown invariants
  feature battery shutdown invariants                  ok
  row budget: 30s; median=0.14s; own-row-history; FLIP state battery
  FLIP state battery                                   ok
  row budget: 81s; median=20.05s; own-row-history; FLIP under verified load
  FLIP under verified load                             ok
  row budget: 30s; median=1.46s; own-row-history; FLIP TTL + expiry events
  FLIP TTL + expiry events                             ok
  row budget: 30s; median=2.23s; own-row-history; partial-frame conn parks (no io spin)
  partial-frame conn parks (no io spin)                ok
  row budget: 472s; median=117.89s; own-row-history; flip controller: ramp gate, hold, surge + mix re-maneuvers
  flip controller: ramp gate, hold, surge + mix re-maneuvers ok
  row budget: 30s; median=6.13s; own-row-history; FLIP applies under saturated load
  FLIP applies under saturated load                    ok
  row budget: 30s; median=0.02s; own-row-history; flip battery shutdown invariants
  flip battery shutdown invariants                     ok
  row budget: 57s; median=14.03s; own-row-history; atomic MGET/MSET floor (N/s >= 120k)
  atomic MGET/MSET floor (552733/s >= 120k)            ok
  row budget: 30s; median=0.01s; own-row-history; tripwire arm/disarm round-trip
  tripwire arm/disarm round-trip                       ok
  row budget: 30s; median=0.04s; own-row-history; pipelined same-conn program order (400 rolls)
  pipelined same-conn program order (400 rolls)        ok
  row budget: 30s; median=0.08s; own-row-history; configuration reduction + actual geometry (epoll, atomic 0)
  configuration reduction + actual geometry (epoll, atomic 0) ok
  row budget: 30s; median=0.32s; own-row-history; AOF byte-exact + script groups + DEBUG LOADAOF (epoll, atomic 0)
  AOF byte-exact + script groups + DEBUG LOADAOF (epoll, atomic 0) ok
  row budget: 30s; median=0.04s; own-row-history; AOF writer fired (records=N)
  AOF writer fired (records=976)                       ok
  row budget: 30s; median=0.04s; own-row-history; AOF process-restart script replay (epoll, atomic 0)
  AOF process-restart script replay (epoll, atomic 0)  ok
  row budget: 30s; median=0.04s; own-row-history; AOF native snapshot streams byte-exact
  AOF native snapshot streams byte-exact               ok
  row budget: 30s; median=0.01s; own-row-history; AOF replay fired (records=N skipped=N)
  AOF replay fired (records=976 skipped=0)             ok
  row budget: 30s; median=0.08s; own-row-history; configuration reduction + actual geometry (epoll, atomic 1)
  configuration reduction + actual geometry (epoll, atomic 1) ok
  row budget: 30s; median=0.33s; own-row-history; AOF byte-exact + script groups + DEBUG LOADAOF (epoll, atomic 1)
  AOF byte-exact + script groups + DEBUG LOADAOF (epoll, atomic 1) ok
  row budget: 30s; median=0.04s; own-row-history; AOF writer fired (records=N)
  AOF writer fired (records=977)                       ok
  row budget: 30s; median=0.04s; own-row-history; AOF process-restart script replay (epoll, atomic 1)
  AOF process-restart script replay (epoll, atomic 1)  ok
  row budget: 30s; median=0.04s; own-row-history; AOF native snapshot streams byte-exact
  AOF native snapshot streams byte-exact               ok
  row budget: 30s; median=0.01s; own-row-history; AOF replay fired (records=N skipped=N)
  AOF replay fired (records=977 skipped=0)             ok
  row budget: 30s; median=0.35s; own-row-history; AOF directed group interruption fired
  AOF directed group interruption fired                ok
  row budget: 30s; median=0.05s; own-row-history; AOF atomic-group recovery + writer order
  AOF atomic-group recovery + writer order             ok
  row budget: 30s; median=0.02s; own-row-history; AOF group shutdown invariants
  AOF group shutdown invariants                        ok
  row budget: 30s; median=0.84s; own-row-history; AOF always sync + reply gate fired
  AOF always sync + reply gate fired                   ok
  row budget: 30s; median=0.03s; own-row-history; AOF always acknowledged-prefix recovery
  AOF always acknowledged-prefix recovery              ok
  row budget: 30s; median=2.09s; own-row-history; AOF everysec write gate + idle sync fired
  AOF everysec write gate + idle sync fired            ok
  row budget: 30s; median=0.03s; own-row-history; AOF everysec durability window + tail warning
  AOF everysec durability window + tail warning        ok
  row budget: 30s; median=0.03s; own-row-history; AOF no-sync bypassed sync + reply gate
  AOF no-sync bypassed sync + reply gate               ok
  row budget: 33s; median=8.215s; own-row-history; AOF rewrite atomic/stage/corruption matrix
  AOF rewrite atomic/stage/corruption matrix           ok
  row budget: 33s; median=8.205s; own-row-history; AOF rewrite triggers + observability matrix
  AOF rewrite triggers + observability matrix          ok
  row budget: 30s; median=0.01s; own-row-history; AOF-off negative-control seed landed
  AOF-off negative-control seed landed                 ok
  row budget: 30s; median=0s; own-row-history; AOF-off negative control lost data
  AOF-off negative control lost data                   ok
  row budget: 30s; median=0.09s; own-row-history; configuration reduction + actual geometry (uring, atomic 0)
  configuration reduction + actual geometry (uring, atomic 0) ok
  row budget: 30s; median=0.35s; own-row-history; AOF byte-exact + script groups + DEBUG LOADAOF (uring, atomic 0)
  AOF byte-exact + script groups + DEBUG LOADAOF (uring, atomic 0) ok
  row budget: 30s; median=0.04s; own-row-history; AOF writer fired (records=N)
  AOF writer fired (records=976)                       ok
  row budget: 30s; median=0.04s; own-row-history; AOF process-restart script replay (uring, atomic 0)
  AOF process-restart script replay (uring, atomic 0)  ok
  row budget: 30s; median=0.04s; own-row-history; AOF native snapshot streams byte-exact
  AOF native snapshot streams byte-exact               ok
  row budget: 30s; median=0.01s; own-row-history; AOF replay fired (records=N skipped=N)
  AOF replay fired (records=976 skipped=0)             ok
  row budget: 30s; median=0.08s; own-row-history; configuration reduction + actual geometry (uring, atomic 1)
  configuration reduction + actual geometry (uring, atomic 1) ok
  row budget: 30s; median=0.33s; own-row-history; AOF byte-exact + script groups + DEBUG LOADAOF (uring, atomic 1)
  AOF byte-exact + script groups + DEBUG LOADAOF (uring, atomic 1) ok
  row budget: 30s; median=0.04s; own-row-history; AOF writer fired (records=N)
  AOF writer fired (records=977)                       ok
  row budget: 30s; median=0.04s; own-row-history; AOF process-restart script replay (uring, atomic 1)
  AOF process-restart script replay (uring, atomic 1)  ok
  row budget: 30s; median=0.04s; own-row-history; AOF native snapshot streams byte-exact
  AOF native snapshot streams byte-exact               ok
  row budget: 30s; median=0.01s; own-row-history; AOF replay fired (records=N skipped=N)
  AOF replay fired (records=977 skipped=0)             ok
  row budget: 30s; median=0.35s; own-row-history; AOF directed group interruption fired
  AOF directed group interruption fired                ok
  row budget: 30s; median=0.05s; own-row-history; AOF atomic-group recovery + writer order
  AOF atomic-group recovery + writer order             ok
  row budget: 30s; median=0.02s; own-row-history; AOF group shutdown invariants
  AOF group shutdown invariants                        ok
  row budget: 30s; median=0.84s; own-row-history; AOF always sync + reply gate fired
  AOF always sync + reply gate fired                   ok
  row budget: 30s; median=0.03s; own-row-history; AOF always acknowledged-prefix recovery
  AOF always acknowledged-prefix recovery              ok
  row budget: 30s; median=2.09s; own-row-history; AOF everysec write gate + idle sync fired
  AOF everysec write gate + idle sync fired            ok
  row budget: 30s; median=0.03s; own-row-history; AOF everysec durability window + tail warning
  AOF everysec durability window + tail warning        ok
  row budget: 30s; median=0.03s; own-row-history; AOF no-sync bypassed sync + reply gate
  AOF no-sync bypassed sync + reply gate               ok
  row budget: 33s; median=8.215s; own-row-history; AOF rewrite atomic/stage/corruption matrix
  AOF rewrite atomic/stage/corruption matrix           ok
  row budget: 33s; median=8.205s; own-row-history; AOF rewrite triggers + observability matrix
  AOF rewrite triggers + observability matrix          ok
  row budget: 30s; median=0.01s; own-row-history; AOF-off negative-control seed landed
  AOF-off negative-control seed landed                 ok
  row budget: 30s; median=0s; own-row-history; AOF-off negative control lost data
  AOF-off negative control lost data                   ok
  row budget: 30s; median=1.27s; own-row-history; AOF control frame never inside a large record (atomic 0)
  AOF control frame never inside a large record (atomic 0) ok
  row budget: 30s; median=1.35s; own-row-history; AOF control frame never inside a large record (atomic 1)
  AOF control frame never inside a large record (atomic 1) ok
  row budget: 30s; median=1.07s; own-row-history; TLS ephemeral CA/server/client certificates
  TLS ephemeral CA/server/client certificates          ok
  row budget: 30s; median=0.01s; own-row-history; reject TLS listener without certificate
  reject TLS listener without certificate              ok
  row budget: 30s; median=0.01s; own-row-history; reject invalid tls-protocols
  reject invalid tls-protocols                         ok
  row budget: 30s; median=0.01s; own-row-history; reject invalid tls-ciphers
  reject invalid tls-ciphers                           ok
  row budget: 30s; median=0.05s; own-row-history; TLS client-auth yes matrix
  TLS client-auth yes matrix                           ok
  row budget: 30s; median=0.02s; own-row-history; TLS yes shutdown invariants
  TLS yes shutdown invariants                          ok
  row budget: 30s; median=0.05s; own-row-history; TLS client-auth optional matrix
  TLS client-auth optional matrix                      ok
  row budget: 30s; median=0.43s; own-row-history; kTLS engaged live (default boot)
  kTLS engaged live (default boot)                     ok
  row budget: 30s; median=0.02s; own-row-history; TLS optional shutdown invariants
  TLS optional shutdown invariants                     ok
  row budget: 60s; median=14.85s; own-row-history; TLS pipeline/torn-record/coexistence battery
  TLS pipeline/torn-record/coexistence battery         ok
  row budget: 30s; median=0.02s; own-row-history; TLS shutdown invariants
  TLS shutdown invariants                              ok
  row budget: 30s; median=0.02s; own-row-history; TLS application send path error-free
  TLS application send path error-free                 ok
  row budget: 30s; median=0.06s; own-row-history; TLS connection slots all freed (N/N)
  TLS connection slots all freed (33/33)               ok
  row budget: 30s; median=0s; own-row-history; TLS zc borrow gates fired (suppressed=N)
  TLS zc borrow gates fired (suppressed=21)            ok
  row budget: 30s; median=1.24s; own-row-history; feature 1s-0-0-0-0
  feature 1s-0-0-0-0                                   ok
  row budget: 30s; median=0.11s; own-row-history; feature 1s-0-0-0-1
  feature 1s-0-0-0-1                                   ok
  row budget: 30s; median=1.24s; own-row-history; feature 1s-0-0-1-0
  feature 1s-0-0-1-0                                   ok
  row budget: 30s; median=0.11s; own-row-history; feature 1s-0-0-1-1
  feature 1s-0-0-1-1                                   ok
  row budget: 30s; median=1.24s; own-row-history; feature 1s-0-1-0-0
  feature 1s-0-1-0-0                                   ok
  row budget: 30s; median=0.11s; own-row-history; feature 1s-0-1-0-1
  feature 1s-0-1-0-1                                   ok
  row budget: 30s; median=1.24s; own-row-history; feature 1s-0-1-1-0
  feature 1s-0-1-1-0                                   ok
  row budget: 30s; median=0.11s; own-row-history; feature 1s-0-1-1-1
  feature 1s-0-1-1-1                                   ok
  row budget: 30s; median=1.24s; own-row-history; feature 1s-1-0-0-0
  feature 1s-1-0-0-0                                   ok
  row budget: 30s; median=0.11s; own-row-history; feature 1s-1-0-0-1
  feature 1s-1-0-0-1                                   ok
  row budget: 30s; median=1.25s; own-row-history; feature 1s-1-0-1-0
  feature 1s-1-0-1-0                                   ok
  row budget: 30s; median=0.11s; own-row-history; feature 1s-1-0-1-1
  feature 1s-1-0-1-1                                   ok
  row budget: 30s; median=1.25s; own-row-history; feature 1s-1-1-0-0
  feature 1s-1-1-0-0                                   ok
  row budget: 30s; median=0.11s; own-row-history; feature 1s-1-1-0-1
  feature 1s-1-1-0-1                                   ok
  row budget: 30s; median=1.25s; own-row-history; feature 1s-1-1-1-0
  feature 1s-1-1-1-0                                   ok
  row budget: 30s; median=0.12s; own-row-history; feature 1s-1-1-1-1
  feature 1s-1-1-1-1                                   ok
  row budget: 30s; median=1.24s; own-row-history; feature 2s-0-0-0-0
  feature 2s-0-0-0-0                                   ok
  row budget: 30s; median=1.24s; own-row-history; feature 2s-0-0-0-1
  feature 2s-0-0-0-1                                   ok
  row budget: 30s; median=1.25s; own-row-history; feature 2s-0-0-1-0
  feature 2s-0-0-1-0                                   ok
  row budget: 30s; median=1.24s; own-row-history; feature 2s-0-0-1-1
  feature 2s-0-0-1-1                                   ok
  row budget: 30s; median=1.24s; own-row-history; feature 2s-0-1-0-0
  feature 2s-0-1-0-0                                   ok
  row budget: 30s; median=1.24s; own-row-history; feature 2s-0-1-0-1
  feature 2s-0-1-0-1                                   ok
  row budget: 30s; median=1.24s; own-row-history; feature 2s-0-1-1-0
  feature 2s-0-1-1-0                                   ok
  row budget: 30s; median=1.24s; own-row-history; feature 2s-0-1-1-1
  feature 2s-0-1-1-1                                   ok
  row budget: 30s; median=1.24s; own-row-history; feature 2s-1-0-0-0
  feature 2s-1-0-0-0                                   ok
  row budget: 30s; median=1.24s; own-row-history; feature 2s-1-0-0-1
  feature 2s-1-0-0-1                                   ok
  row budget: 30s; median=1.24s; own-row-history; feature 2s-1-0-1-0
  feature 2s-1-0-1-0                                   ok
  row budget: 30s; median=1.25s; own-row-history; feature 2s-1-0-1-1
  feature 2s-1-0-1-1                                   ok
  row budget: 30s; median=1.24s; own-row-history; feature 2s-1-1-0-0
  feature 2s-1-1-0-0                                   ok
  row budget: 30s; median=1.24s; own-row-history; feature 2s-1-1-0-1
  feature 2s-1-1-0-1                                   ok
  row budget: 30s; median=1.24s; own-row-history; feature 2s-1-1-1-0
  feature 2s-1-1-1-0                                   ok
  row budget: 30s; median=1.24s; own-row-history; feature 2s-1-1-1-1
  feature 2s-1-1-1-1                                   ok
  row budget: 30s; median=1.24s; own-row-history; feature split-home-min
  feature split-home-min                               ok
  row budget: 30s; median=1.26s; own-row-history; feature fused-home-max-nopin
  feature fused-home-max-nopin                         ok
  row budget: 30s; median=1.24s; own-row-history; feature split-shards-auto
  feature split-shards-auto                            ok
  row budget: 1395s; median=348.75s; own-row-history; ABBA comparison + saturation negative controls
  ABBA comparison + saturation negative controls       FAIL (see /home/user/Projects/cx-final/build/gate-run.iDWLwm/jobs/abba_selftest/gate-abbagate-unit.txt)
  row budget: 31s; median=7.64s; own-row-history; torture under ASAN
  torture under ASAN                                   ok
  row budget: 30s; median=1.015s; own-row-history; RYOW under ASAN
  RYOW under ASAN                                      ok
  row budget: 105s; median=26.16s; own-row-history; atomic torn/window under ASAN
  atomic torn/window under ASAN                        ok
  row budget: 30s; median=4.07s; own-row-history; atomic RYOW under ASAN
  atomic RYOW under ASAN                               ok
  row budget: 30s; median=0.02s; own-row-history; ASAN clean
  ASAN clean                                           ok
  row budget: 30s; median=1.23s; own-row-history; CLIENT REPLY OFF/SKIP cross-shard MGET wire silence (atomic 0)
  CLIENT REPLY OFF/SKIP cross-shard MGET wire silence (atomic 0) ok
  row budget: 30s; median=1.23s; own-row-history; CLIENT REPLY OFF/SKIP cross-shard MGET wire silence (atomic 1)
  CLIENT REPLY OFF/SKIP cross-shard MGET wire silence (atomic 1) ok
  row budget: 30s; median=1.355s; own-row-history; zc borrow battery
  zc borrow battery                                    ok
  row budget: 30s; median=0.02s; own-row-history; zc fired (zc_sends=N)
  zc fired (zc_sends=20)                               ok
  row budget: 30s; median=1.38s; own-row-history; zc borrow battery under ASAN
  zc borrow battery under ASAN                         ok
  row budget: 30s; median=0.02s; own-row-history; zc ASAN clean
  zc ASAN clean                                        ok
  row budget: 900s; median=0.72s; own-row-history; mechanism-floor=900s (cold cache state not distinguished); read-local ownership-invariant build
  read-local ownership-invariant build                 ok
  row budget: 101s; median=25.18s; own-row-history; armed block-cache churn battery
  armed block-cache churn battery                      ok
  row budget: 30s; median=0.02s; own-row-history; read-local ownership invariants
  read-local ownership invariants                      ok
  row budget: 2138s; median=534.32s; own-row-history; Redis 7.4 differential part (split, atomic 0)
DIFFER suites (41): string list set zset hash hexpire edgetime xshard xmove bitmap hll bitfield cgaps stream script streamgrp zsetops geo doubles scan multi edgeenc edgeproto cmdgap cmdgap2 sort servertail arity storeorder infofix blocking pubsub fanout spubsub notify wiredump climon compatintro aclsel cmdmeta s6fix
DIFFER geometry: split (--ratio 6:2)
DIFFER matrix: atomic={0} seeds={7 19 20 23 22 37} legs=246 logs=/home/user/Projects/cx-final/build/gate-run.iDWLwm/jobs/differ-split-0/differ
  vanilla Redis oracle boot                                  ok (pid=3704763 port=7906)
  oracle identity                                            ok (vanilla redis_version=7.4.10)
  target atomic=0 boot                                       ok (pid=3704840 port=7905)
  differ string (atomic=0 seed=7)                            ok (DIFFER string: 4033 ops, 0 diffs -> PASS)
  differ list (atomic=0 seed=7)                              ok (DIFFER list: 3521 ops, 0 diffs -> PASS)
  differ set (atomic=0 seed=7)                               ok (DIFFER set: 3524 ops, 0 diffs -> PASS)
  differ zset (atomic=0 seed=7)                              ok (DIFFER zset: 3531 ops, 0 diffs -> PASS)
  differ hash (atomic=0 seed=7)                              ok (DIFFER hash: 3545 ops, 0 diffs -> PASS)
  differ hexpire (atomic=0 seed=7)                           ok (DIFFER hexpire: 4288 ops, 0 diffs -> PASS)
  differ edgetime (atomic=0 seed=7)                          ok (DIFFER edgetime: 4426 ops, 0 diffs -> PASS)
  differ xshard (atomic=0 seed=7)                            ok (DIFFER xshard: 4276 ops, 0 diffs -> PASS)
  differ xmove (atomic=0 seed=7)                             ok (DIFFER xmove: 4263 ops, 0 diffs -> PASS)
  differ bitmap (atomic=0 seed=7)                            ok (DIFFER bitmap: 4262 ops, 0 diffs -> PASS)
  differ hll (atomic=0 seed=7)                               ok (DIFFER hll: 3057 ops, 0 diffs -> PASS)
  differ bitfield (atomic=0 seed=7)                          ok (DIFFER bitfield: 3226 ops, 0 diffs -> PASS)
  differ cgaps (atomic=0 seed=7)                             ok (DIFFER cgaps: 3310 ops, 0 diffs -> PASS)
  differ stream (atomic=0 seed=7)                            ok (DIFFER stream: 4031 ops, 0 diffs -> PASS)
  differ script (atomic=0 seed=7)                            ok (DIFFER script: 5061 ops, 0 diffs -> PASS)
  differ streamgrp (atomic=0 seed=7)                         ok (DIFFER streamgrp: 4052 ops, 0 diffs -> PASS)
  differ zsetops (atomic=0 seed=7)                           ok (DIFFER zsetops: 4200 ops, 0 diffs -> PASS)
  differ geo (atomic=0 seed=7)                               ok (DIFFER geo: 4200 ops, 0 diffs -> PASS)
  differ doubles (atomic=0 seed=7)                           ok (DIFFER doubles: 5000 ops, 0 diffs -> PASS)
  differ scan (atomic=0 seed=7)                              ok (DIFFER scan: 4081 ops, 0 diffs -> PASS)
  differ multi (atomic=0 seed=7)                             ok (DIFFER multi: 4260 ops, 0 diffs -> PASS)
  differ edgeenc (atomic=0 seed=7)                           ok (DIFFER edgeenc: 6757 ops, 0 diffs -> PASS)
  differ edgeproto (atomic=0 seed=7)                         ok (DIFFER edgeproto: 5200 ops, 0 diffs -> PASS)
  differ cmdgap (atomic=0 seed=7)                            ok (DIFFER cmdgap: 4213 ops, 0 diffs -> PASS)
  differ cmdgap2 (atomic=0 seed=7)                           ok (DIFFER cmdgap2: 4241 ops, 0 diffs -> PASS)
  differ sort (atomic=0 seed=7)                              ok (DIFFER sort: 4512 ops, 0 diffs -> PASS)
  differ servertail (atomic=0 seed=7)                        ok (DIFFER servertail: 5339 ops, 0 diffs -> PASS)
  differ arity (atomic=0 seed=7)                             ok (DIFFER arity: 4200 ops, 0 diffs -> PASS)
  differ storeorder (atomic=0 seed=7)                        ok (DIFFER storeorder: 4600 ops, 0 diffs -> PASS)
  differ infofix (atomic=0 seed=7)                           ok (DIFFER infofix: 4200 ops, 0 diffs -> PASS)
  differ blocking (atomic=0 seed=7)                          ok (DIFFER blocking: 5327 logical ops, 5388 checks, 0 diffs -> PASS)
  differ pubsub (atomic=0 seed=7)                            ok (DIFFER pubsub: 4198 logical ops, 25486 checks, 0 diffs -> PASS)
  differ fanout (atomic=0 seed=7)                            ok (DIFFER fanout: 14237 checks, 0 diffs -> PASS)
  differ spubsub (atomic=0 seed=7)                           ok (DIFFER spubsub: 801 checks, 0 diffs -> PASS)
  differ notify (atomic=0 seed=7)                            ok (DIFFER notify: 345 ops, 470 events, 0 diffs -> PASS)
  differ wiredump (atomic=0 seed=7)                          ok (DIFFER wiredump: 4200 ops, 0 diffs -> PASS)
  differ climon (atomic=0 seed=7)                            ok (DIFFER climon: 4318 ops, 0 diffs -> PASS)
  differ compatintro (atomic=0 seed=7)                       ok (DIFFER compatintro: 5630 checks, 0 diffs -> PASS (getkeys=1550, config_multi=631, client_rows=262, acl_mutations=401, notify_events=15, silence_controls=5))
  differ aclsel (atomic=0 seed=7)                            ok (DIFFER aclsel: 12619 checks, 0 diffs -> PASS (rejections=4200, unchanged=4200, grants=1400, command_denials=700, key_denials=1400, channel_denials=700))
  differ cmdmeta (atomic=0 seed=7)                           ok (DIFFER cmdmeta: 4202 ops, 0 diffs -> PASS (info=2122, intent=2078, pipes=129, categories=89, docs_boundary=1, zero_controls=2))
  differ s6fix (atomic=0 seed=7)                             ok (DIFFER s6fix: 48456 logical ops, 0 diffs -> PASS)
  differ string (atomic=0 seed=19)                           ok (DIFFER string: 4033 ops, 0 diffs -> PASS)
  differ list (atomic=0 seed=19)                             ok (DIFFER list: 3521 ops, 0 diffs -> PASS)
  differ set (atomic=0 seed=19)                              ok (DIFFER set: 3524 ops, 0 diffs -> PASS)
  differ zset (atomic=0 seed=19)                             ok (DIFFER zset: 3531 ops, 0 diffs -> PASS)
  differ hash (atomic=0 seed=19)                             ok (DIFFER hash: 3545 ops, 0 diffs -> PASS)
  differ hexpire (atomic=0 seed=19)                          ok (DIFFER hexpire: 4288 ops, 0 diffs -> PASS)
  differ edgetime (atomic=0 seed=19)                         ok (DIFFER edgetime: 4426 ops, 0 diffs -> PASS)
  differ xshard (atomic=0 seed=19)                           ok (DIFFER xshard: 4276 ops, 0 diffs -> PASS)
  differ xmove (atomic=0 seed=19)                            ok (DIFFER xmove: 4263 ops, 0 diffs -> PASS)
  differ bitmap (atomic=0 seed=19)                           ok (DIFFER bitmap: 4262 ops, 0 diffs -> PASS)
  differ hll (atomic=0 seed=19)                              ok (DIFFER hll: 3045 ops, 0 diffs -> PASS)
  differ bitfield (atomic=0 seed=19)                         ok (DIFFER bitfield: 3226 ops, 0 diffs -> PASS)
  differ cgaps (atomic=0 seed=19)                            ok (DIFFER cgaps: 3310 ops, 0 diffs -> PASS)
  differ stream (atomic=0 seed=19)                           ok (DIFFER stream: 4031 ops, 0 diffs -> PASS)
  differ script (atomic=0 seed=19)                           ok (DIFFER script: 5053 ops, 0 diffs -> PASS)
  differ streamgrp (atomic=0 seed=19)                        ok (DIFFER streamgrp: 4052 ops, 0 diffs -> PASS)
  differ zsetops (atomic=0 seed=19)                          ok (DIFFER zsetops: 4200 ops, 0 diffs -> PASS)
  differ geo (atomic=0 seed=19)                              ok (DIFFER geo: 4200 ops, 0 diffs -> PASS)
  differ doubles (atomic=0 seed=19)                          ok (DIFFER doubles: 5000 ops, 0 diffs -> PASS)
  differ scan (atomic=0 seed=19)                             ok (DIFFER scan: 4081 ops, 0 diffs -> PASS)
  differ multi (atomic=0 seed=19)                            ok (DIFFER multi: 4257 ops, 0 diffs -> PASS)
  differ edgeenc (atomic=0 seed=19)                          ok (DIFFER edgeenc: 6757 ops, 0 diffs -> PASS)
  differ edgeproto (atomic=0 seed=19)                        ok (DIFFER edgeproto: 5200 ops, 0 diffs -> PASS)
  differ cmdgap (atomic=0 seed=19)                           ok (DIFFER cmdgap: 4213 ops, 0 diffs -> PASS)
  differ cmdgap2 (atomic=0 seed=19)                          ok (DIFFER cmdgap2: 4241 ops, 0 diffs -> PASS)
  differ sort (atomic=0 seed=19)                             ok (DIFFER sort: 4495 ops, 0 diffs -> PASS)
  differ servertail (atomic=0 seed=19)                       ok (DIFFER servertail: 5339 ops, 0 diffs -> PASS)
  differ arity (atomic=0 seed=19)                            ok (DIFFER arity: 4200 ops, 0 diffs -> PASS)
  differ storeorder (atomic=0 seed=19)                       ok (DIFFER storeorder: 4600 ops, 0 diffs -> PASS)
  differ infofix (atomic=0 seed=19)                          ok (DIFFER infofix: 4200 ops, 0 diffs -> PASS)
  differ blocking (atomic=0 seed=19)                         ok (DIFFER blocking: 5297 logical ops, 5358 checks, 0 diffs -> PASS)
  differ pubsub (atomic=0 seed=19)                           ok (DIFFER pubsub: 4198 logical ops, 25265 checks, 0 diffs -> PASS)
  differ fanout (atomic=0 seed=19)                           ok (DIFFER fanout: 7081 checks, 0 diffs -> PASS)
  differ spubsub (atomic=0 seed=19)                          ok (DIFFER spubsub: 809 checks, 0 diffs -> PASS)
  differ notify (atomic=0 seed=19)                           ok (DIFFER notify: 331 ops, 454 events, 0 diffs -> PASS)
  differ wiredump (atomic=0 seed=19)                         ok (DIFFER wiredump: 4200 ops, 0 diffs -> PASS)
  differ climon (atomic=0 seed=19)                           ok (DIFFER climon: 4318 ops, 0 diffs -> PASS)
  differ compatintro (atomic=0 seed=19)                      ok (DIFFER compatintro: 5633 checks, 0 diffs -> PASS (getkeys=1550, config_multi=637, client_rows=240, acl_mutations=396, notify_events=15, silence_controls=5))
  differ aclsel (atomic=0 seed=19)                           ok (DIFFER aclsel: 12619 checks, 0 diffs -> PASS (rejections=4200, unchanged=4200, grants=1400, command_denials=700, key_denials=1400, channel_denials=700))
  differ cmdmeta (atomic=0 seed=19)                          ok (DIFFER cmdmeta: 4202 ops, 0 diffs -> PASS (info=2134, intent=2066, pipes=129, categories=89, docs_boundary=1, zero_controls=2))
  differ s6fix (atomic=0 seed=19)                            ok (DIFFER s6fix: 48456 logical ops, 0 diffs -> PASS)
  differ string (atomic=0 seed=20)                           ok (DIFFER string: 4033 ops, 0 diffs -> PASS)
  differ list (atomic=0 seed=20)                             ok (DIFFER list: 3521 ops, 0 diffs -> PASS)
  differ set (atomic=0 seed=20)                              ok (DIFFER set: 3524 ops, 0 diffs -> PASS)
  differ zset (atomic=0 seed=20)                             ok (DIFFER zset: 3531 ops, 0 diffs -> PASS)
  differ hash (atomic=0 seed=20)                             ok (DIFFER hash: 3545 ops, 0 diffs -> PASS)
  differ hexpire (atomic=0 seed=20)                          ok (DIFFER hexpire: 4288 ops, 0 diffs -> PASS)
  differ edgetime (atomic=0 seed=20)                         ok (DIFFER edgetime: 4426 ops, 0 diffs -> PASS)
  differ xshard (atomic=0 seed=20)                           ok (DIFFER xshard: 4276 ops, 0 diffs -> PASS)
  differ xmove (atomic=0 seed=20)                            ok (DIFFER xmove: 4263 ops, 0 diffs -> PASS)
  differ bitmap (atomic=0 seed=20)                           ok (DIFFER bitmap: 4262 ops, 0 diffs -> PASS)
  differ hll (atomic=0 seed=20)                              ok (DIFFER hll: 3068 ops, 0 diffs -> PASS)
  differ bitfield (atomic=0 seed=20)                         ok (DIFFER bitfield: 3226 ops, 0 diffs -> PASS)
  differ cgaps (atomic=0 seed=20)                            ok (DIFFER cgaps: 3310 ops, 0 diffs -> PASS)
  differ stream (atomic=0 seed=20)                           ok (DIFFER stream: 4031 ops, 0 diffs -> PASS)
  differ script (atomic=0 seed=20)                           ok (DIFFER script: 5062 ops, 0 diffs -> PASS)
  differ streamgrp (atomic=0 seed=20)                        ok (DIFFER streamgrp: 4052 ops, 0 diffs -> PASS)
  differ zsetops (atomic=0 seed=20)                          ok (DIFFER zsetops: 4200 ops, 0 diffs -> PASS)
  differ geo (atomic=0 seed=20)                              ok (DIFFER geo: 4200 ops, 0 diffs -> PASS)
  differ doubles (atomic=0 seed=20)                          ok (DIFFER doubles: 5000 ops, 0 diffs -> PASS)
  differ scan (atomic=0 seed=20)                             ok (DIFFER scan: 4081 ops, 0 diffs -> PASS)
  differ multi (atomic=0 seed=20)                            ok (DIFFER multi: 4189 ops, 0 diffs -> PASS)
  differ edgeenc (atomic=0 seed=20)                          ok (DIFFER edgeenc: 6757 ops, 0 diffs -> PASS)
  differ edgeproto (atomic=0 seed=20)                        ok (DIFFER edgeproto: 5200 ops, 0 diffs -> PASS)
  differ cmdgap (atomic=0 seed=20)                           ok (DIFFER cmdgap: 4213 ops, 0 diffs -> PASS)
  differ cmdgap2 (atomic=0 seed=20)                          ok (DIFFER cmdgap2: 4241 ops, 0 diffs -> PASS)
  differ sort (atomic=0 seed=20)                             ok (DIFFER sort: 4497 ops, 0 diffs -> PASS)
  differ servertail (atomic=0 seed=20)                       ok (DIFFER servertail: 5339 ops, 0 diffs -> PASS)
  differ arity (atomic=0 seed=20)                            ok (DIFFER arity: 4200 ops, 0 diffs -> PASS)
  differ storeorder (atomic=0 seed=20)                       ok (DIFFER storeorder: 4600 ops, 0 diffs -> PASS)
  differ infofix (atomic=0 seed=20)                          ok (DIFFER infofix: 4200 ops, 0 diffs -> PASS)
  differ blocking (atomic=0 seed=20)                         ok (DIFFER blocking: 5259 logical ops, 5320 checks, 0 diffs -> PASS)
  differ pubsub (atomic=0 seed=20)                           ok (DIFFER pubsub: 4198 logical ops, 25960 checks, 0 diffs -> PASS)
  differ fanout (atomic=0 seed=20)                           ok (DIFFER fanout: 10363 checks, 0 diffs -> PASS)
  differ spubsub (atomic=0 seed=20)                          ok (DIFFER spubsub: 786 checks, 0 diffs -> PASS)
  differ notify (atomic=0 seed=20)                           ok (DIFFER notify: 331 ops, 463 events, 0 diffs -> PASS)
  differ wiredump (atomic=0 seed=20)                         ok (DIFFER wiredump: 4200 ops, 0 diffs -> PASS)
  differ climon (atomic=0 seed=20)                           ok (DIFFER climon: 4318 ops, 0 diffs -> PASS)
  differ compatintro (atomic=0 seed=20)                      ok (DIFFER compatintro: 5586 checks, 0 diffs -> PASS (getkeys=1550, config_multi=604, client_rows=258, acl_mutations=409, notify_events=15, silence_controls=5))
  differ aclsel (atomic=0 seed=20)                           ok (DIFFER aclsel: 12619 checks, 0 diffs -> PASS (rejections=4200, unchanged=4200, grants=1400, command_denials=700, key_denials=1400, channel_denials=700))
  differ cmdmeta (atomic=0 seed=20)                          ok (DIFFER cmdmeta: 4202 ops, 0 diffs -> PASS (info=2083, intent=2117, pipes=129, categories=89, docs_boundary=1, zero_controls=2))
  differ s6fix (atomic=0 seed=20)                            ok (DIFFER s6fix: 48456 logical ops, 0 diffs -> PASS)
  differ string (atomic=0 seed=23)                           ok (DIFFER string: 4033 ops, 0 diffs -> PASS)
  differ list (atomic=0 seed=23)                             ok (DIFFER list: 3521 ops, 0 diffs -> PASS)
  differ set (atomic=0 seed=23)                              ok (DIFFER set: 3524 ops, 0 diffs -> PASS)
  differ zset (atomic=0 seed=23)                             ok (DIFFER zset: 3531 ops, 0 diffs -> PASS)
  differ hash (atomic=0 seed=23)                             ok (DIFFER hash: 3545 ops, 0 diffs -> PASS)
  differ hexpire (atomic=0 seed=23)                          ok (DIFFER hexpire: 4288 ops, 0 diffs -> PASS)
  differ edgetime (atomic=0 seed=23)                         ok (DIFFER edgetime: 4426 ops, 0 diffs -> PASS)
  differ xshard (atomic=0 seed=23)                           ok (DIFFER xshard: 4276 ops, 0 diffs -> PASS)
  differ xmove (atomic=0 seed=23)                            ok (DIFFER xmove: 4263 ops, 0 diffs -> PASS)
  differ bitmap (atomic=0 seed=23)                           ok (DIFFER bitmap: 4262 ops, 0 diffs -> PASS)
  differ hll (atomic=0 seed=23)                              ok (DIFFER hll: 3071 ops, 0 diffs -> PASS)
  differ bitfield (atomic=0 seed=23)                         ok (DIFFER bitfield: 3226 ops, 0 diffs -> PASS)
  differ cgaps (atomic=0 seed=23)                            ok (DIFFER cgaps: 3310 ops, 0 diffs -> PASS)
  differ stream (atomic=0 seed=23)                           ok (DIFFER stream: 4031 ops, 0 diffs -> PASS)
  differ script (atomic=0 seed=23)                           ok (DIFFER script: 5048 ops, 0 diffs -> PASS)
  differ streamgrp (atomic=0 seed=23)                        ok (DIFFER streamgrp: 4052 ops, 0 diffs -> PASS)
  differ zsetops (atomic=0 seed=23)                          ok (DIFFER zsetops: 4200 ops, 0 diffs -> PASS)
  differ geo (atomic=0 seed=23)                              ok (DIFFER geo: 4200 ops, 0 diffs -> PASS)
  differ doubles (atomic=0 seed=23)                          ok (DIFFER doubles: 5000 ops, 0 diffs -> PASS)
  differ scan (atomic=0 seed=23)                             ok (DIFFER scan: 4081 ops, 0 diffs -> PASS)
  differ multi (atomic=0 seed=23)                            ok (DIFFER multi: 4212 ops, 0 diffs -> PASS)
  differ edgeenc (atomic=0 seed=23)                          ok (DIFFER edgeenc: 6757 ops, 0 diffs -> PASS)
  differ edgeproto (atomic=0 seed=23)                        ok (DIFFER edgeproto: 5200 ops, 0 diffs -> PASS)
  differ cmdgap (atomic=0 seed=23)                           ok (DIFFER cmdgap: 4213 ops, 0 diffs -> PASS)
  differ cmdgap2 (atomic=0 seed=23)                          ok (DIFFER cmdgap2: 4241 ops, 0 diffs -> PASS)
  differ sort (atomic=0 seed=23)                             ok (DIFFER sort: 4496 ops, 0 diffs -> PASS)
  differ servertail (atomic=0 seed=23)                       ok (DIFFER servertail: 5339 ops, 0 diffs -> PASS)
  differ arity (atomic=0 seed=23)                            ok (DIFFER arity: 4200 ops, 0 diffs -> PASS)
  differ storeorder (atomic=0 seed=23)                       ok (DIFFER storeorder: 4600 ops, 0 diffs -> PASS)
  differ infofix (atomic=0 seed=23)                          ok (DIFFER infofix: 4200 ops, 0 diffs -> PASS)
  differ blocking (atomic=0 seed=23)                         ok (DIFFER blocking: 5294 logical ops, 5355 checks, 0 diffs -> PASS)
  differ pubsub (atomic=0 seed=23)                           ok (DIFFER pubsub: 4198 logical ops, 26605 checks, 0 diffs -> PASS)
  differ fanout (atomic=0 seed=23)                           ok (DIFFER fanout: 10420 checks, 0 diffs -> PASS)
  differ spubsub (atomic=0 seed=23)                          ok (DIFFER spubsub: 822 checks, 0 diffs -> PASS)
  differ notify (atomic=0 seed=23)                           ok (DIFFER notify: 327 ops, 451 events, 0 diffs -> PASS)
  differ wiredump (atomic=0 seed=23)                         ok (DIFFER wiredump: 4200 ops, 0 diffs -> PASS)
  differ climon (atomic=0 seed=23)                           ok (DIFFER climon: 4318 ops, 0 diffs -> PASS)
  differ compatintro (atomic=0 seed=23)                      ok (DIFFER compatintro: 5579 checks, 0 diffs -> PASS (getkeys=1550, config_multi=608, client_rows=224, acl_mutations=407, notify_events=15, silence_controls=5))
  differ aclsel (atomic=0 seed=23)                           ok (DIFFER aclsel: 12619 checks, 0 diffs -> PASS (rejections=4200, unchanged=4200, grants=1400, command_denials=700, key_denials=1400, channel_denials=700))
  differ cmdmeta (atomic=0 seed=23)                          ok (DIFFER cmdmeta: 4202 ops, 0 diffs -> PASS (info=2100, intent=2100, pipes=129, categories=89, docs_boundary=1, zero_controls=2))
  differ s6fix (atomic=0 seed=23)                            ok (DIFFER s6fix: 48456 logical ops, 0 diffs -> PASS)
  differ string (atomic=0 seed=22)                           ok (DIFFER string: 4033 ops, 0 diffs -> PASS)
  differ list (atomic=0 seed=22)                             ok (DIFFER list: 3521 ops, 0 diffs -> PASS)
  differ set (atomic=0 seed=22)                              ok (DIFFER set: 3524 ops, 0 diffs -> PASS)
  differ zset (atomic=0 seed=22)                             ok (DIFFER zset: 3531 ops, 0 diffs -> PASS)
  differ hash (atomic=0 seed=22)                             ok (DIFFER hash: 3545 ops, 0 diffs -> PASS)
  differ hexpire (atomic=0 seed=22)                          ok (DIFFER hexpire: 4288 ops, 0 diffs -> PASS)
  differ edgetime (atomic=0 seed=22)                         ok (DIFFER edgetime: 4426 ops, 0 diffs -> PASS)
  differ xshard (atomic=0 seed=22)                           ok (DIFFER xshard: 4276 ops, 0 diffs -> PASS)
  differ xmove (atomic=0 seed=22)                            ok (DIFFER xmove: 4263 ops, 0 diffs -> PASS)
  differ bitmap (atomic=0 seed=22)                           ok (DIFFER bitmap: 4262 ops, 0 diffs -> PASS)
  differ hll (atomic=0 seed=22)                              ok (DIFFER hll: 3010 ops, 0 diffs -> PASS)
  differ bitfield (atomic=0 seed=22)                         ok (DIFFER bitfield: 3226 ops, 0 diffs -> PASS)
  differ cgaps (atomic=0 seed=22)                            ok (DIFFER cgaps: 3310 ops, 0 diffs -> PASS)
  differ stream (atomic=0 seed=22)                           ok (DIFFER stream: 4031 ops, 0 diffs -> PASS)
  differ script (atomic=0 seed=22)                           ok (DIFFER script: 5043 ops, 0 diffs -> PASS)
  differ streamgrp (atomic=0 seed=22)                        ok (DIFFER streamgrp: 4052 ops, 0 diffs -> PASS)
  differ zsetops (atomic=0 seed=22)                          ok (DIFFER zsetops: 4200 ops, 0 diffs -> PASS)
  differ geo (atomic=0 seed=22)                              ok (DIFFER geo: 4200 ops, 0 diffs -> PASS)
  differ doubles (atomic=0 seed=22)                          ok (DIFFER doubles: 5000 ops, 0 diffs -> PASS)
  differ scan (atomic=0 seed=22)                             ok (DIFFER scan: 4081 ops, 0 diffs -> PASS)
  differ multi (atomic=0 seed=22)                            ok (DIFFER multi: 4223 ops, 0 diffs -> PASS)
  differ edgeenc (atomic=0 seed=22)                          ok (DIFFER edgeenc: 6757 ops, 0 diffs -> PASS)
  differ edgeproto (atomic=0 seed=22)                        ok (DIFFER edgeproto: 5200 ops, 0 diffs -> PASS)
  differ cmdgap (atomic=0 seed=22)                           ok (DIFFER cmdgap: 4213 ops, 0 diffs -> PASS)
  differ cmdgap2 (atomic=0 seed=22)                          ok (DIFFER cmdgap2: 4241 ops, 0 diffs -> PASS)
  differ sort (atomic=0 seed=22)                             ok (DIFFER sort: 4497 ops, 0 diffs -> PASS)
  differ servertail (atomic=0 seed=22)                       ok (DIFFER servertail: 5339 ops, 0 diffs -> PASS)
  differ arity (atomic=0 seed=22)                            ok (DIFFER arity: 4200 ops, 0 diffs -> PASS)
  differ storeorder (atomic=0 seed=22)                       ok (DIFFER storeorder: 4600 ops, 0 diffs -> PASS)
  differ infofix (atomic=0 seed=22)                          ok (DIFFER infofix: 4200 ops, 0 diffs -> PASS)
  differ blocking (atomic=0 seed=22)                         ok (DIFFER blocking: 5281 logical ops, 5342 checks, 0 diffs -> PASS)
  differ pubsub (atomic=0 seed=22)                           ok (DIFFER pubsub: 4198 logical ops, 25300 checks, 0 diffs -> PASS)
  differ fanout (atomic=0 seed=22)                           ok (DIFFER fanout: 13883 checks, 0 diffs -> PASS)
  differ spubsub (atomic=0 seed=22)                          ok (DIFFER spubsub: 797 checks, 0 diffs -> PASS)
  differ notify (atomic=0 seed=22)                           ok (DIFFER notify: 330 ops, 452 events, 0 diffs -> PASS)
  differ wiredump (atomic=0 seed=22)                         ok (DIFFER wiredump: 4200 ops, 0 diffs -> PASS)
  differ climon (atomic=0 seed=22)                           ok (DIFFER climon: 4318 ops, 0 diffs -> PASS)
  differ compatintro (atomic=0 seed=22)                      ok (DIFFER compatintro: 5595 checks, 0 diffs -> PASS (getkeys=1550, config_multi=617, client_rows=244, acl_mutations=399, notify_events=15, silence_controls=5))
  differ aclsel (atomic=0 seed=22)                           ok (DIFFER aclsel: 12619 checks, 0 diffs -> PASS (rejections=4200, unchanged=4200, grants=1400, command_denials=700, key_denials=1400, channel_denials=700))
  differ cmdmeta (atomic=0 seed=22)                          ok (DIFFER cmdmeta: 4202 ops, 0 diffs -> PASS (info=2093, intent=2107, pipes=129, categories=89, docs_boundary=1, zero_controls=2))
  differ s6fix (atomic=0 seed=22)                            ok (DIFFER s6fix: 48456 logical ops, 0 diffs -> PASS)
  differ string (atomic=0 seed=37)                           ok (DIFFER string: 4033 ops, 0 diffs -> PASS)
  differ list (atomic=0 seed=37)                             ok (DIFFER list: 3521 ops, 0 diffs -> PASS)
  differ set (atomic=0 seed=37)                              ok (DIFFER set: 3524 ops, 0 diffs -> PASS)
  differ zset (atomic=0 seed=37)                             ok (DIFFER zset: 3531 ops, 0 diffs -> PASS)
  differ hash (atomic=0 seed=37)                             ok (DIFFER hash: 3545 ops, 0 diffs -> PASS)
  differ hexpire (atomic=0 seed=37)                          ok (DIFFER hexpire: 4288 ops, 0 diffs -> PASS)
  differ edgetime (atomic=0 seed=37)                         ok (DIFFER edgetime: 4426 ops, 0 diffs -> PASS)
  differ xshard (atomic=0 seed=37)                           ok (DIFFER xshard: 4276 ops, 0 diffs -> PASS)
  differ xmove (atomic=0 seed=37)                            ok (DIFFER xmove: 4263 ops, 0 diffs -> PASS)
  differ bitmap (atomic=0 seed=37)                           ok (DIFFER bitmap: 4262 ops, 0 diffs -> PASS)
  differ hll (atomic=0 seed=37)                              ok (DIFFER hll: 3038 ops, 0 diffs -> PASS)
  differ bitfield (atomic=0 seed=37)                         ok (DIFFER bitfield: 3226 ops, 0 diffs -> PASS)
  differ cgaps (atomic=0 seed=37)                            ok (DIFFER cgaps: 3310 ops, 0 diffs -> PASS)
  differ stream (atomic=0 seed=37)                           ok (DIFFER stream: 4031 ops, 0 diffs -> PASS)
  differ script (atomic=0 seed=37)                           ok (DIFFER script: 5049 ops, 0 diffs -> PASS)
  differ streamgrp (atomic=0 seed=37)                        ok (DIFFER streamgrp: 4052 ops, 0 diffs -> PASS)
  differ zsetops (atomic=0 seed=37)                          ok (DIFFER zsetops: 4200 ops, 0 diffs -> PASS)
  differ geo (atomic=0 seed=37)                              ok (DIFFER geo: 4200 ops, 0 diffs -> PASS)
  differ doubles (atomic=0 seed=37)                          ok (DIFFER doubles: 5000 ops, 0 diffs -> PASS)
  differ scan (atomic=0 seed=37)                             ok (DIFFER scan: 4081 ops, 0 diffs -> PASS)
  differ multi (atomic=0 seed=37)                            ok (DIFFER multi: 4193 ops, 0 diffs -> PASS)
  differ edgeenc (atomic=0 seed=37)                          ok (DIFFER edgeenc: 6757 ops, 0 diffs -> PASS)
  differ edgeproto (atomic=0 seed=37)                        ok (DIFFER edgeproto: 5200 ops, 0 diffs -> PASS)
  differ cmdgap (atomic=0 seed=37)                           ok (DIFFER cmdgap: 4213 ops, 0 diffs -> PASS)
  differ cmdgap2 (atomic=0 seed=37)                          ok (DIFFER cmdgap2: 4241 ops, 0 diffs -> PASS)
  differ sort (atomic=0 seed=37)                             ok (DIFFER sort: 4495 ops, 0 diffs -> PASS)
  differ servertail (atomic=0 seed=37)                       ok (DIFFER servertail: 5339 ops, 0 diffs -> PASS)
  differ arity (atomic=0 seed=37)                            ok (DIFFER arity: 4200 ops, 0 diffs -> PASS)
  differ storeorder (atomic=0 seed=37)                       ok (DIFFER storeorder: 4600 ops, 0 diffs -> PASS)
  differ infofix (atomic=0 seed=37)                          ok (DIFFER infofix: 4200 ops, 0 diffs -> PASS)
  differ blocking (atomic=0 seed=37)                         ok (DIFFER blocking: 5316 logical ops, 5377 checks, 0 diffs -> PASS)
  differ pubsub (atomic=0 seed=37)                           ok (DIFFER pubsub: 4198 logical ops, 25326 checks, 0 diffs -> PASS)
  differ fanout (atomic=0 seed=37)                           ok (DIFFER fanout: 12949 checks, 0 diffs -> PASS)
  differ spubsub (atomic=0 seed=37)                          ok (DIFFER spubsub: 803 checks, 0 diffs -> PASS)
  differ notify (atomic=0 seed=37)                           ok (DIFFER notify: 346 ops, 461 events, 0 diffs -> PASS)
  differ wiredump (atomic=0 seed=37)                         ok (DIFFER wiredump: 4200 ops, 0 diffs -> PASS)
  differ climon (atomic=0 seed=37)                           ok (DIFFER climon: 4318 ops, 0 diffs -> PASS)
  differ compatintro (atomic=0 seed=37)                      ok (DIFFER compatintro: 5603 checks, 0 diffs -> PASS (getkeys=1550, config_multi=650, client_rows=246, acl_mutations=402, notify_events=15, silence_controls=5))
  differ aclsel (atomic=0 seed=37)                           ok (DIFFER aclsel: 12619 checks, 0 diffs -> PASS (rejections=4200, unchanged=4200, grants=1400, command_denials=700, key_denials=1400, channel_denials=700))
  differ cmdmeta (atomic=0 seed=37)                          ok (DIFFER cmdmeta: 4202 ops, 0 diffs -> PASS (info=2044, intent=2156, pipes=129, categories=89, docs_boundary=1, zero_controls=2))
  differ s6fix (atomic=0 seed=37)                            ok (DIFFER s6fix: 48456 logical ops, 0 diffs -> PASS)
  target atomic=0 stop                                       ok (port 7905 free)
  oracle stop                                                ok (port 7906 free)
DIFFER COMMAND COVERAGE: diffed 223 of 243 registered commands (1051421 recorded comparison witnesses, 246 legs)
  not observed in compared replies/properties: AUTH, BGREWRITEAOF, BGSAVE, DBSIZE, FLIP, FLUSHDB, HELLO, INFO, LOLWUT, MONITOR, QUIT, REPLICAOF, SAVE, SELECT, SHUTDOWN, SLAVEOF, TIME, UNWATCH, WATCH, ZREVRANGE
DIFFER GATE: pass=246 fail=0 runtime=8m54s
  Redis 7.4 differential part (split, atomic 0)        ok
  row budget: 2139s; median=534.65s; own-row-history; Redis 7.4 differential part (split, atomic 1)
DIFFER suites (41): string list set zset hash hexpire edgetime xshard xmove bitmap hll bitfield cgaps stream script streamgrp zsetops geo doubles scan multi edgeenc edgeproto cmdgap cmdgap2 sort servertail arity storeorder infofix blocking pubsub fanout spubsub notify wiredump climon compatintro aclsel cmdmeta s6fix
DIFFER geometry: split (--ratio 6:2)
DIFFER matrix: atomic={1} seeds={7 19 20 23 22 37} legs=246 logs=/home/user/Projects/cx-final/build/gate-run.iDWLwm/jobs/differ-split-1/differ
  vanilla Redis oracle boot                                  ok (pid=3704860 port=7921)
  oracle identity                                            ok (vanilla redis_version=7.4.10)
  target atomic=1 boot                                       ok (pid=3704936 port=7920)
  differ string (atomic=1 seed=7)                            ok (DIFFER string: 4033 ops, 0 diffs -> PASS)
  differ list (atomic=1 seed=7)                              ok (DIFFER list: 3521 ops, 0 diffs -> PASS)
  differ set (atomic=1 seed=7)                               ok (DIFFER set: 3524 ops, 0 diffs -> PASS)
  differ zset (atomic=1 seed=7)                              ok (DIFFER zset: 3531 ops, 0 diffs -> PASS)
  differ hash (atomic=1 seed=7)                              ok (DIFFER hash: 3545 ops, 0 diffs -> PASS)
  differ hexpire (atomic=1 seed=7)                           ok (DIFFER hexpire: 4288 ops, 0 diffs -> PASS)
  differ edgetime (atomic=1 seed=7)                          ok (DIFFER edgetime: 4426 ops, 0 diffs -> PASS)
  differ xshard (atomic=1 seed=7)                            ok (DIFFER xshard: 4276 ops, 0 diffs -> PASS)
  differ xmove (atomic=1 seed=7)                             ok (DIFFER xmove: 4263 ops, 0 diffs -> PASS)
  differ bitmap (atomic=1 seed=7)                            ok (DIFFER bitmap: 4262 ops, 0 diffs -> PASS)
  differ hll (atomic=1 seed=7)                               ok (DIFFER hll: 3057 ops, 0 diffs -> PASS)
  differ bitfield (atomic=1 seed=7)                          ok (DIFFER bitfield: 3226 ops, 0 diffs -> PASS)
  differ cgaps (atomic=1 seed=7)                             ok (DIFFER cgaps: 3310 ops, 0 diffs -> PASS)
  differ stream (atomic=1 seed=7)                            ok (DIFFER stream: 4031 ops, 0 diffs -> PASS)
  differ script (atomic=1 seed=7)                            ok (DIFFER script: 5061 ops, 0 diffs -> PASS)
  differ streamgrp (atomic=1 seed=7)                         ok (DIFFER streamgrp: 4052 ops, 0 diffs -> PASS)
  differ zsetops (atomic=1 seed=7)                           ok (DIFFER zsetops: 4200 ops, 0 diffs -> PASS)
  differ geo (atomic=1 seed=7)                               ok (DIFFER geo: 4200 ops, 0 diffs -> PASS)
  differ doubles (atomic=1 seed=7)                           ok (DIFFER doubles: 5000 ops, 0 diffs -> PASS)
  differ scan (atomic=1 seed=7)                              ok (DIFFER scan: 4081 ops, 0 diffs -> PASS)
  differ multi (atomic=1 seed=7)                             ok (DIFFER multi: 4260 ops, 0 diffs -> PASS)
  differ edgeenc (atomic=1 seed=7)                           ok (DIFFER edgeenc: 6757 ops, 0 diffs -> PASS)
  differ edgeproto (atomic=1 seed=7)                         ok (DIFFER edgeproto: 5200 ops, 0 diffs -> PASS)
  differ cmdgap (atomic=1 seed=7)                            ok (DIFFER cmdgap: 4213 ops, 0 diffs -> PASS)
  differ cmdgap2 (atomic=1 seed=7)                           ok (DIFFER cmdgap2: 4241 ops, 0 diffs -> PASS)
  differ sort (atomic=1 seed=7)                              ok (DIFFER sort: 4512 ops, 0 diffs -> PASS)
  differ servertail (atomic=1 seed=7)                        ok (DIFFER servertail: 5339 ops, 0 diffs -> PASS)
  differ arity (atomic=1 seed=7)                             ok (DIFFER arity: 4200 ops, 0 diffs -> PASS)
  differ storeorder (atomic=1 seed=7)                        ok (DIFFER storeorder: 4600 ops, 0 diffs -> PASS)
  differ infofix (atomic=1 seed=7)                           ok (DIFFER infofix: 4200 ops, 0 diffs -> PASS)
  differ blocking (atomic=1 seed=7)                          ok (DIFFER blocking: 5327 logical ops, 5388 checks, 0 diffs -> PASS)
  differ pubsub (atomic=1 seed=7)                            ok (DIFFER pubsub: 4198 logical ops, 25486 checks, 0 diffs -> PASS)
  differ fanout (atomic=1 seed=7)                            ok (DIFFER fanout: 14237 checks, 0 diffs -> PASS)
  differ spubsub (atomic=1 seed=7)                           ok (DIFFER spubsub: 801 checks, 0 diffs -> PASS)
  differ notify (atomic=1 seed=7)                            ok (DIFFER notify: 345 ops, 470 events, 0 diffs -> PASS)
  differ wiredump (atomic=1 seed=7)                          ok (DIFFER wiredump: 4200 ops, 0 diffs -> PASS)
  differ climon (atomic=1 seed=7)                            ok (DIFFER climon: 4318 ops, 0 diffs -> PASS)
  differ compatintro (atomic=1 seed=7)                       ok (DIFFER compatintro: 5630 checks, 0 diffs -> PASS (getkeys=1550, config_multi=631, client_rows=262, acl_mutations=401, notify_events=15, silence_controls=5))
  differ aclsel (atomic=1 seed=7)                            ok (DIFFER aclsel: 12619 checks, 0 diffs -> PASS (rejections=4200, unchanged=4200, grants=1400, command_denials=700, key_denials=1400, channel_denials=700))
  differ cmdmeta (atomic=1 seed=7)                           ok (DIFFER cmdmeta: 4202 ops, 0 diffs -> PASS (info=2122, intent=2078, pipes=129, categories=89, docs_boundary=1, zero_controls=2))
  differ s6fix (atomic=1 seed=7)                             ok (DIFFER s6fix: 48456 logical ops, 0 diffs -> PASS)
  differ string (atomic=1 seed=19)                           ok (DIFFER string: 4033 ops, 0 diffs -> PASS)
  differ list (atomic=1 seed=19)                             ok (DIFFER list: 3521 ops, 0 diffs -> PASS)
  differ set (atomic=1 seed=19)                              ok (DIFFER set: 3524 ops, 0 diffs -> PASS)
  differ zset (atomic=1 seed=19)                             ok (DIFFER zset: 3531 ops, 0 diffs -> PASS)
  differ hash (atomic=1 seed=19)                             ok (DIFFER hash: 3545 ops, 0 diffs -> PASS)
  differ hexpire (atomic=1 seed=19)                          ok (DIFFER hexpire: 4288 ops, 0 diffs -> PASS)
  differ edgetime (atomic=1 seed=19)                         ok (DIFFER edgetime: 4426 ops, 0 diffs -> PASS)
  differ xshard (atomic=1 seed=19)                           ok (DIFFER xshard: 4276 ops, 0 diffs -> PASS)
  differ xmove (atomic=1 seed=19)                            ok (DIFFER xmove: 4263 ops, 0 diffs -> PASS)
  differ bitmap (atomic=1 seed=19)                           ok (DIFFER bitmap: 4262 ops, 0 diffs -> PASS)
  differ hll (atomic=1 seed=19)                              ok (DIFFER hll: 3045 ops, 0 diffs -> PASS)
  differ bitfield (atomic=1 seed=19)                         ok (DIFFER bitfield: 3226 ops, 0 diffs -> PASS)
  differ cgaps (atomic=1 seed=19)                            ok (DIFFER cgaps: 3310 ops, 0 diffs -> PASS)
  differ stream (atomic=1 seed=19)                           ok (DIFFER stream: 4031 ops, 0 diffs -> PASS)
  differ script (atomic=1 seed=19)                           ok (DIFFER script: 5053 ops, 0 diffs -> PASS)
  differ streamgrp (atomic=1 seed=19)                        ok (DIFFER streamgrp: 4052 ops, 0 diffs -> PASS)
  differ zsetops (atomic=1 seed=19)                          ok (DIFFER zsetops: 4200 ops, 0 diffs -> PASS)
  differ geo (atomic=1 seed=19)                              ok (DIFFER geo: 4200 ops, 0 diffs -> PASS)
  differ doubles (atomic=1 seed=19)                          ok (DIFFER doubles: 5000 ops, 0 diffs -> PASS)
  differ scan (atomic=1 seed=19)                             ok (DIFFER scan: 4081 ops, 0 diffs -> PASS)
  differ multi (atomic=1 seed=19)                            ok (DIFFER multi: 4257 ops, 0 diffs -> PASS)
  differ edgeenc (atomic=1 seed=19)                          ok (DIFFER edgeenc: 6757 ops, 0 diffs -> PASS)
  differ edgeproto (atomic=1 seed=19)                        ok (DIFFER edgeproto: 5200 ops, 0 diffs -> PASS)
  differ cmdgap (atomic=1 seed=19)                           ok (DIFFER cmdgap: 4213 ops, 0 diffs -> PASS)
  differ cmdgap2 (atomic=1 seed=19)                          ok (DIFFER cmdgap2: 4241 ops, 0 diffs -> PASS)
  differ sort (atomic=1 seed=19)                             ok (DIFFER sort: 4495 ops, 0 diffs -> PASS)
  differ servertail (atomic=1 seed=19)                       ok (DIFFER servertail: 5339 ops, 0 diffs -> PASS)
  differ arity (atomic=1 seed=19)                            ok (DIFFER arity: 4200 ops, 0 diffs -> PASS)
  differ storeorder (atomic=1 seed=19)                       ok (DIFFER storeorder: 4600 ops, 0 diffs -> PASS)
  differ infofix (atomic=1 seed=19)                          ok (DIFFER infofix: 4200 ops, 0 diffs -> PASS)
  differ blocking (atomic=1 seed=19)                         ok (DIFFER blocking: 5297 logical ops, 5358 checks, 0 diffs -> PASS)
  differ pubsub (atomic=1 seed=19)                           ok (DIFFER pubsub: 4198 logical ops, 25265 checks, 0 diffs -> PASS)
  differ fanout (atomic=1 seed=19)                           ok (DIFFER fanout: 7081 checks, 0 diffs -> PASS)
  differ spubsub (atomic=1 seed=19)                          ok (DIFFER spubsub: 809 checks, 0 diffs -> PASS)
  differ notify (atomic=1 seed=19)                           ok (DIFFER notify: 331 ops, 454 events, 0 diffs -> PASS)
  differ wiredump (atomic=1 seed=19)                         ok (DIFFER wiredump: 4200 ops, 0 diffs -> PASS)
  differ climon (atomic=1 seed=19)                           ok (DIFFER climon: 4318 ops, 0 diffs -> PASS)
  differ compatintro (atomic=1 seed=19)                      ok (DIFFER compatintro: 5633 checks, 0 diffs -> PASS (getkeys=1550, config_multi=637, client_rows=240, acl_mutations=396, notify_events=15, silence_controls=5))
  differ aclsel (atomic=1 seed=19)                           ok (DIFFER aclsel: 12619 checks, 0 diffs -> PASS (rejections=4200, unchanged=4200, grants=1400, command_denials=700, key_denials=1400, channel_denials=700))
  differ cmdmeta (atomic=1 seed=19)                          ok (DIFFER cmdmeta: 4202 ops, 0 diffs -> PASS (info=2134, intent=2066, pipes=129, categories=89, docs_boundary=1, zero_controls=2))
  differ s6fix (atomic=1 seed=19)                            ok (DIFFER s6fix: 48456 logical ops, 0 diffs -> PASS)
  differ string (atomic=1 seed=20)                           ok (DIFFER string: 4033 ops, 0 diffs -> PASS)
  differ list (atomic=1 seed=20)                             ok (DIFFER list: 3521 ops, 0 diffs -> PASS)
  differ set (atomic=1 seed=20)                              ok (DIFFER set: 3524 ops, 0 diffs -> PASS)
  differ zset (atomic=1 seed=20)                             ok (DIFFER zset: 3531 ops, 0 diffs -> PASS)
  differ hash (atomic=1 seed=20)                             ok (DIFFER hash: 3545 ops, 0 diffs -> PASS)
  differ hexpire (atomic=1 seed=20)                          ok (DIFFER hexpire: 4288 ops, 0 diffs -> PASS)
  differ edgetime (atomic=1 seed=20)                         ok (DIFFER edgetime: 4426 ops, 0 diffs -> PASS)
  differ xshard (atomic=1 seed=20)                           ok (DIFFER xshard: 4276 ops, 0 diffs -> PASS)
  differ xmove (atomic=1 seed=20)                            ok (DIFFER xmove: 4263 ops, 0 diffs -> PASS)
  differ bitmap (atomic=1 seed=20)                           ok (DIFFER bitmap: 4262 ops, 0 diffs -> PASS)
  differ hll (atomic=1 seed=20)                              ok (DIFFER hll: 3068 ops, 0 diffs -> PASS)
  differ bitfield (atomic=1 seed=20)                         ok (DIFFER bitfield: 3226 ops, 0 diffs -> PASS)
  differ cgaps (atomic=1 seed=20)                            ok (DIFFER cgaps: 3310 ops, 0 diffs -> PASS)
  differ stream (atomic=1 seed=20)                           ok (DIFFER stream: 4031 ops, 0 diffs -> PASS)
  differ script (atomic=1 seed=20)                           ok (DIFFER script: 5062 ops, 0 diffs -> PASS)
  differ streamgrp (atomic=1 seed=20)                        ok (DIFFER streamgrp: 4052 ops, 0 diffs -> PASS)
  differ zsetops (atomic=1 seed=20)                          ok (DIFFER zsetops: 4200 ops, 0 diffs -> PASS)
  differ geo (atomic=1 seed=20)                              ok (DIFFER geo: 4200 ops, 0 diffs -> PASS)
  differ doubles (atomic=1 seed=20)                          ok (DIFFER doubles: 5000 ops, 0 diffs -> PASS)
  differ scan (atomic=1 seed=20)                             ok (DIFFER scan: 4081 ops, 0 diffs -> PASS)
  differ multi (atomic=1 seed=20)                            ok (DIFFER multi: 4189 ops, 0 diffs -> PASS)
  differ edgeenc (atomic=1 seed=20)                          ok (DIFFER edgeenc: 6757 ops, 0 diffs -> PASS)
  differ edgeproto (atomic=1 seed=20)                        ok (DIFFER edgeproto: 5200 ops, 0 diffs -> PASS)
  differ cmdgap (atomic=1 seed=20)                           ok (DIFFER cmdgap: 4213 ops, 0 diffs -> PASS)
  differ cmdgap2 (atomic=1 seed=20)                          ok (DIFFER cmdgap2: 4241 ops, 0 diffs -> PASS)
  differ sort (atomic=1 seed=20)                             ok (DIFFER sort: 4497 ops, 0 diffs -> PASS)
  differ servertail (atomic=1 seed=20)                       ok (DIFFER servertail: 5339 ops, 0 diffs -> PASS)
  differ arity (atomic=1 seed=20)                            ok (DIFFER arity: 4200 ops, 0 diffs -> PASS)
  differ storeorder (atomic=1 seed=20)                       ok (DIFFER storeorder: 4600 ops, 0 diffs -> PASS)
  differ infofix (atomic=1 seed=20)                          ok (DIFFER infofix: 4200 ops, 0 diffs -> PASS)
  differ blocking (atomic=1 seed=20)                         ok (DIFFER blocking: 5259 logical ops, 5320 checks, 0 diffs -> PASS)
  differ pubsub (atomic=1 seed=20)                           ok (DIFFER pubsub: 4198 logical ops, 25960 checks, 0 diffs -> PASS)
  differ fanout (atomic=1 seed=20)                           ok (DIFFER fanout: 10363 checks, 0 diffs -> PASS)
  differ spubsub (atomic=1 seed=20)                          ok (DIFFER spubsub: 786 checks, 0 diffs -> PASS)
  differ notify (atomic=1 seed=20)                           ok (DIFFER notify: 331 ops, 463 events, 0 diffs -> PASS)
  differ wiredump (atomic=1 seed=20)                         ok (DIFFER wiredump: 4200 ops, 0 diffs -> PASS)
  differ climon (atomic=1 seed=20)                           ok (DIFFER climon: 4318 ops, 0 diffs -> PASS)
  differ compatintro (atomic=1 seed=20)                      ok (DIFFER compatintro: 5586 checks, 0 diffs -> PASS (getkeys=1550, config_multi=604, client_rows=258, acl_mutations=409, notify_events=15, silence_controls=5))
  differ aclsel (atomic=1 seed=20)                           ok (DIFFER aclsel: 12619 checks, 0 diffs -> PASS (rejections=4200, unchanged=4200, grants=1400, command_denials=700, key_denials=1400, channel_denials=700))
  differ cmdmeta (atomic=1 seed=20)                          ok (DIFFER cmdmeta: 4202 ops, 0 diffs -> PASS (info=2083, intent=2117, pipes=129, categories=89, docs_boundary=1, zero_controls=2))
  differ s6fix (atomic=1 seed=20)                            ok (DIFFER s6fix: 48456 logical ops, 0 diffs -> PASS)
  differ string (atomic=1 seed=23)                           ok (DIFFER string: 4033 ops, 0 diffs -> PASS)
  differ list (atomic=1 seed=23)                             ok (DIFFER list: 3521 ops, 0 diffs -> PASS)
  differ set (atomic=1 seed=23)                              ok (DIFFER set: 3524 ops, 0 diffs -> PASS)
  differ zset (atomic=1 seed=23)                             ok (DIFFER zset: 3531 ops, 0 diffs -> PASS)
  differ hash (atomic=1 seed=23)                             ok (DIFFER hash: 3545 ops, 0 diffs -> PASS)
  differ hexpire (atomic=1 seed=23)                          ok (DIFFER hexpire: 4288 ops, 0 diffs -> PASS)
  differ edgetime (atomic=1 seed=23)                         ok (DIFFER edgetime: 4426 ops, 0 diffs -> PASS)
  differ xshard (atomic=1 seed=23)                           ok (DIFFER xshard: 4276 ops, 0 diffs -> PASS)
  differ xmove (atomic=1 seed=23)                            ok (DIFFER xmove: 4263 ops, 0 diffs -> PASS)
  differ bitmap (atomic=1 seed=23)                           ok (DIFFER bitmap: 4262 ops, 0 diffs -> PASS)
  differ hll (atomic=1 seed=23)                              ok (DIFFER hll: 3071 ops, 0 diffs -> PASS)
  differ bitfield (atomic=1 seed=23)                         ok (DIFFER bitfield: 3226 ops, 0 diffs -> PASS)
  differ cgaps (atomic=1 seed=23)                            ok (DIFFER cgaps: 3310 ops, 0 diffs -> PASS)
  differ stream (atomic=1 seed=23)                           ok (DIFFER stream: 4031 ops, 0 diffs -> PASS)
  differ script (atomic=1 seed=23)                           ok (DIFFER script: 5048 ops, 0 diffs -> PASS)
  differ streamgrp (atomic=1 seed=23)                        ok (DIFFER streamgrp: 4052 ops, 0 diffs -> PASS)
  differ zsetops (atomic=1 seed=23)                          ok (DIFFER zsetops: 4200 ops, 0 diffs -> PASS)
  differ geo (atomic=1 seed=23)                              ok (DIFFER geo: 4200 ops, 0 diffs -> PASS)
  differ doubles (atomic=1 seed=23)                          ok (DIFFER doubles: 5000 ops, 0 diffs -> PASS)
  differ scan (atomic=1 seed=23)                             ok (DIFFER scan: 4081 ops, 0 diffs -> PASS)
  differ multi (atomic=1 seed=23)                            ok (DIFFER multi: 4212 ops, 0 diffs -> PASS)
  differ edgeenc (atomic=1 seed=23)                          ok (DIFFER edgeenc: 6757 ops, 0 diffs -> PASS)
  differ edgeproto (atomic=1 seed=23)                        ok (DIFFER edgeproto: 5200 ops, 0 diffs -> PASS)
  differ cmdgap (atomic=1 seed=23)                           ok (DIFFER cmdgap: 4213 ops, 0 diffs -> PASS)
  differ cmdgap2 (atomic=1 seed=23)                          ok (DIFFER cmdgap2: 4241 ops, 0 diffs -> PASS)
  differ sort (atomic=1 seed=23)                             ok (DIFFER sort: 4496 ops, 0 diffs -> PASS)
  differ servertail (atomic=1 seed=23)                       ok (DIFFER servertail: 5339 ops, 0 diffs -> PASS)
  differ arity (atomic=1 seed=23)                            ok (DIFFER arity: 4200 ops, 0 diffs -> PASS)
  differ storeorder (atomic=1 seed=23)                       ok (DIFFER storeorder: 4600 ops, 0 diffs -> PASS)
  differ infofix (atomic=1 seed=23)                          ok (DIFFER infofix: 4200 ops, 0 diffs -> PASS)
  differ blocking (atomic=1 seed=23)                         ok (DIFFER blocking: 5294 logical ops, 5355 checks, 0 diffs -> PASS)
  differ pubsub (atomic=1 seed=23)                           ok (DIFFER pubsub: 4198 logical ops, 26605 checks, 0 diffs -> PASS)
  differ fanout (atomic=1 seed=23)                           ok (DIFFER fanout: 10420 checks, 0 diffs -> PASS)
  differ spubsub (atomic=1 seed=23)                          ok (DIFFER spubsub: 822 checks, 0 diffs -> PASS)
  differ notify (atomic=1 seed=23)                           ok (DIFFER notify: 327 ops, 451 events, 0 diffs -> PASS)
  differ wiredump (atomic=1 seed=23)                         ok (DIFFER wiredump: 4200 ops, 0 diffs -> PASS)
  differ climon (atomic=1 seed=23)                           ok (DIFFER climon: 4318 ops, 0 diffs -> PASS)
  differ compatintro (atomic=1 seed=23)                      ok (DIFFER compatintro: 5579 checks, 0 diffs -> PASS (getkeys=1550, config_multi=608, client_rows=224, acl_mutations=407, notify_events=15, silence_controls=5))
  differ aclsel (atomic=1 seed=23)                           ok (DIFFER aclsel: 12619 checks, 0 diffs -> PASS (rejections=4200, unchanged=4200, grants=1400, command_denials=700, key_denials=1400, channel_denials=700))
  differ cmdmeta (atomic=1 seed=23)                          ok (DIFFER cmdmeta: 4202 ops, 0 diffs -> PASS (info=2100, intent=2100, pipes=129, categories=89, docs_boundary=1, zero_controls=2))
  differ s6fix (atomic=1 seed=23)                            ok (DIFFER s6fix: 48456 logical ops, 0 diffs -> PASS)
  differ string (atomic=1 seed=22)                           ok (DIFFER string: 4033 ops, 0 diffs -> PASS)
  differ list (atomic=1 seed=22)                             ok (DIFFER list: 3521 ops, 0 diffs -> PASS)
  differ set (atomic=1 seed=22)                              ok (DIFFER set: 3524 ops, 0 diffs -> PASS)
  differ zset (atomic=1 seed=22)                             ok (DIFFER zset: 3531 ops, 0 diffs -> PASS)
  differ hash (atomic=1 seed=22)                             ok (DIFFER hash: 3545 ops, 0 diffs -> PASS)
  differ hexpire (atomic=1 seed=22)                          ok (DIFFER hexpire: 4288 ops, 0 diffs -> PASS)
  differ edgetime (atomic=1 seed=22)                         ok (DIFFER edgetime: 4426 ops, 0 diffs -> PASS)
  differ xshard (atomic=1 seed=22)                           ok (DIFFER xshard: 4276 ops, 0 diffs -> PASS)
  differ xmove (atomic=1 seed=22)                            ok (DIFFER xmove: 4263 ops, 0 diffs -> PASS)
  differ bitmap (atomic=1 seed=22)                           ok (DIFFER bitmap: 4262 ops, 0 diffs -> PASS)
  differ hll (atomic=1 seed=22)                              ok (DIFFER hll: 3010 ops, 0 diffs -> PASS)
  differ bitfield (atomic=1 seed=22)                         ok (DIFFER bitfield: 3226 ops, 0 diffs -> PASS)
  differ cgaps (atomic=1 seed=22)                            ok (DIFFER cgaps: 3310 ops, 0 diffs -> PASS)
  differ stream (atomic=1 seed=22)                           ok (DIFFER stream: 4031 ops, 0 diffs -> PASS)
  differ script (atomic=1 seed=22)                           ok (DIFFER script: 5043 ops, 0 diffs -> PASS)
  differ streamgrp (atomic=1 seed=22)                        ok (DIFFER streamgrp: 4052 ops, 0 diffs -> PASS)
  differ zsetops (atomic=1 seed=22)                          ok (DIFFER zsetops: 4200 ops, 0 diffs -> PASS)
  differ geo (atomic=1 seed=22)                              ok (DIFFER geo: 4200 ops, 0 diffs -> PASS)
  differ doubles (atomic=1 seed=22)                          ok (DIFFER doubles: 5000 ops, 0 diffs -> PASS)
  differ scan (atomic=1 seed=22)                             ok (DIFFER scan: 4081 ops, 0 diffs -> PASS)
  differ multi (atomic=1 seed=22)                            ok (DIFFER multi: 4223 ops, 0 diffs -> PASS)
  differ edgeenc (atomic=1 seed=22)                          ok (DIFFER edgeenc: 6757 ops, 0 diffs -> PASS)
  differ edgeproto (atomic=1 seed=22)                        ok (DIFFER edgeproto: 5200 ops, 0 diffs -> PASS)
  differ cmdgap (atomic=1 seed=22)                           ok (DIFFER cmdgap: 4213 ops, 0 diffs -> PASS)
  differ cmdgap2 (atomic=1 seed=22)                          ok (DIFFER cmdgap2: 4241 ops, 0 diffs -> PASS)
  differ sort (atomic=1 seed=22)                             ok (DIFFER sort: 4497 ops, 0 diffs -> PASS)
  differ servertail (atomic=1 seed=22)                       ok (DIFFER servertail: 5339 ops, 0 diffs -> PASS)
  differ arity (atomic=1 seed=22)                            ok (DIFFER arity: 4200 ops, 0 diffs -> PASS)
  differ storeorder (atomic=1 seed=22)                       ok (DIFFER storeorder: 4600 ops, 0 diffs -> PASS)
  differ infofix (atomic=1 seed=22)                          ok (DIFFER infofix: 4200 ops, 0 diffs -> PASS)
  differ blocking (atomic=1 seed=22)                         ok (DIFFER blocking: 5281 logical ops, 5342 checks, 0 diffs -> PASS)
  differ pubsub (atomic=1 seed=22)                           ok (DIFFER pubsub: 4198 logical ops, 25300 checks, 0 diffs -> PASS)
  differ fanout (atomic=1 seed=22)                           ok (DIFFER fanout: 13883 checks, 0 diffs -> PASS)
  differ spubsub (atomic=1 seed=22)                          ok (DIFFER spubsub: 797 checks, 0 diffs -> PASS)
  differ notify (atomic=1 seed=22)                           ok (DIFFER notify: 330 ops, 452 events, 0 diffs -> PASS)
  differ wiredump (atomic=1 seed=22)                         ok (DIFFER wiredump: 4200 ops, 0 diffs -> PASS)
  differ climon (atomic=1 seed=22)                           ok (DIFFER climon: 4318 ops, 0 diffs -> PASS)
  differ compatintro (atomic=1 seed=22)                      ok (DIFFER compatintro: 5595 checks, 0 diffs -> PASS (getkeys=1550, config_multi=617, client_rows=244, acl_mutations=399, notify_events=15, silence_controls=5))
  differ aclsel (atomic=1 seed=22)                           ok (DIFFER aclsel: 12619 checks, 0 diffs -> PASS (rejections=4200, unchanged=4200, grants=1400, command_denials=700, key_denials=1400, channel_denials=700))
  differ cmdmeta (atomic=1 seed=22)                          ok (DIFFER cmdmeta: 4202 ops, 0 diffs -> PASS (info=2093, intent=2107, pipes=129, categories=89, docs_boundary=1, zero_controls=2))
  differ s6fix (atomic=1 seed=22)                            ok (DIFFER s6fix: 48456 logical ops, 0 diffs -> PASS)
  differ string (atomic=1 seed=37)                           ok (DIFFER string: 4033 ops, 0 diffs -> PASS)
  differ list (atomic=1 seed=37)                             ok (DIFFER list: 3521 ops, 0 diffs -> PASS)
  differ set (atomic=1 seed=37)                              ok (DIFFER set: 3524 ops, 0 diffs -> PASS)
  differ zset (atomic=1 seed=37)                             ok (DIFFER zset: 3531 ops, 0 diffs -> PASS)
  differ hash (atomic=1 seed=37)                             ok (DIFFER hash: 3545 ops, 0 diffs -> PASS)
  differ hexpire (atomic=1 seed=37)                          ok (DIFFER hexpire: 4288 ops, 0 diffs -> PASS)
  differ edgetime (atomic=1 seed=37)                         ok (DIFFER edgetime: 4426 ops, 0 diffs -> PASS)
  differ xshard (atomic=1 seed=37)                           ok (DIFFER xshard: 4276 ops, 0 diffs -> PASS)
  differ xmove (atomic=1 seed=37)                            ok (DIFFER xmove: 4263 ops, 0 diffs -> PASS)
  differ bitmap (atomic=1 seed=37)                           ok (DIFFER bitmap: 4262 ops, 0 diffs -> PASS)
  differ hll (atomic=1 seed=37)                              ok (DIFFER hll: 3038 ops, 0 diffs -> PASS)
  differ bitfield (atomic=1 seed=37)                         ok (DIFFER bitfield: 3226 ops, 0 diffs -> PASS)
  differ cgaps (atomic=1 seed=37)                            ok (DIFFER cgaps: 3310 ops, 0 diffs -> PASS)
  differ stream (atomic=1 seed=37)                           ok (DIFFER stream: 4031 ops, 0 diffs -> PASS)
  differ script (atomic=1 seed=37)                           ok (DIFFER script: 5049 ops, 0 diffs -> PASS)
  differ streamgrp (atomic=1 seed=37)                        ok (DIFFER streamgrp: 4052 ops, 0 diffs -> PASS)
  differ zsetops (atomic=1 seed=37)                          ok (DIFFER zsetops: 4200 ops, 0 diffs -> PASS)
  differ geo (atomic=1 seed=37)                              ok (DIFFER geo: 4200 ops, 0 diffs -> PASS)
  differ doubles (atomic=1 seed=37)                          ok (DIFFER doubles: 5000 ops, 0 diffs -> PASS)
  differ scan (atomic=1 seed=37)                             ok (DIFFER scan: 4081 ops, 0 diffs -> PASS)
  differ multi (atomic=1 seed=37)                            ok (DIFFER multi: 4193 ops, 0 diffs -> PASS)
  differ edgeenc (atomic=1 seed=37)                          ok (DIFFER edgeenc: 6757 ops, 0 diffs -> PASS)
  differ edgeproto (atomic=1 seed=37)                        ok (DIFFER edgeproto: 5200 ops, 0 diffs -> PASS)
  differ cmdgap (atomic=1 seed=37)                           ok (DIFFER cmdgap: 4213 ops, 0 diffs -> PASS)
  differ cmdgap2 (atomic=1 seed=37)                          ok (DIFFER cmdgap2: 4241 ops, 0 diffs -> PASS)
  differ sort (atomic=1 seed=37)                             ok (DIFFER sort: 4495 ops, 0 diffs -> PASS)
  differ servertail (atomic=1 seed=37)                       ok (DIFFER servertail: 5339 ops, 0 diffs -> PASS)
  differ arity (atomic=1 seed=37)                            ok (DIFFER arity: 4200 ops, 0 diffs -> PASS)
  differ storeorder (atomic=1 seed=37)                       ok (DIFFER storeorder: 4600 ops, 0 diffs -> PASS)
  differ infofix (atomic=1 seed=37)                          ok (DIFFER infofix: 4200 ops, 0 diffs -> PASS)
  differ blocking (atomic=1 seed=37)                         ok (DIFFER blocking: 5316 logical ops, 5377 checks, 0 diffs -> PASS)
  differ pubsub (atomic=1 seed=37)                           ok (DIFFER pubsub: 4198 logical ops, 25326 checks, 0 diffs -> PASS)
  differ fanout (atomic=1 seed=37)                           ok (DIFFER fanout: 12949 checks, 0 diffs -> PASS)
  differ spubsub (atomic=1 seed=37)                          ok (DIFFER spubsub: 803 checks, 0 diffs -> PASS)
  differ notify (atomic=1 seed=37)                           ok (DIFFER notify: 346 ops, 461 events, 0 diffs -> PASS)
  differ wiredump (atomic=1 seed=37)                         ok (DIFFER wiredump: 4200 ops, 0 diffs -> PASS)
  differ climon (atomic=1 seed=37)                           ok (DIFFER climon: 4318 ops, 0 diffs -> PASS)
  differ compatintro (atomic=1 seed=37)                      ok (DIFFER compatintro: 5603 checks, 0 diffs -> PASS (getkeys=1550, config_multi=650, client_rows=246, acl_mutations=402, notify_events=15, silence_controls=5))
  differ aclsel (atomic=1 seed=37)                           ok (DIFFER aclsel: 12619 checks, 0 diffs -> PASS (rejections=4200, unchanged=4200, grants=1400, command_denials=700, key_denials=1400, channel_denials=700))
  differ cmdmeta (atomic=1 seed=37)                          ok (DIFFER cmdmeta: 4202 ops, 0 diffs -> PASS (info=2044, intent=2156, pipes=129, categories=89, docs_boundary=1, zero_controls=2))
  differ s6fix (atomic=1 seed=37)                            ok (DIFFER s6fix: 48456 logical ops, 0 diffs -> PASS)
  differ multi (atomic=1 seed=19 rep 1)                      ok (DIFFER multi: 4257 ops, 0 diffs -> PASS)
  differ multi (atomic=1 seed=19 rep 2)                      ok (DIFFER multi: 4257 ops, 0 diffs -> PASS)
  differ multi (atomic=1 seed=19 rep 3)                      ok (DIFFER multi: 4257 ops, 0 diffs -> PASS)
  differ multi (atomic=1 seed=19 rep 4)                      ok (DIFFER multi: 4257 ops, 0 diffs -> PASS)
  target atomic=1 stop                                       ok (port 7920 free)
  oracle stop                                                ok (port 7921 free)
DIFFER COMMAND COVERAGE: diffed 223 of 243 registered commands (1068449 recorded comparison witnesses, 250 legs)
  not observed in compared replies/properties: AUTH, BGREWRITEAOF, BGSAVE, DBSIZE, FLIP, FLUSHDB, HELLO, INFO, LOLWUT, MONITOR, QUIT, REPLICAOF, SAVE, SELECT, SHUTDOWN, SLAVEOF, TIME, UNWATCH, WATCH, ZREVRANGE
DIFFER GATE: pass=250 fail=0 runtime=8m54s
  Redis 7.4 differential part (split, atomic 1)        ok
  row budget: 664s; median=165.98s; own-row-history; mode equivalence part (all execution modes and knobs)
DIFFER suites (41): string list set zset hash hexpire edgetime xshard xmove bitmap hll bitfield cgaps stream script streamgrp zsetops geo doubles scan multi edgeenc edgeproto cmdgap cmdgap2 sort servertail arity storeorder infofix blocking pubsub fanout spubsub notify wiredump climon compatintro aclsel cmdmeta s6fix
DIFFER geometry: split (--ratio 6:2)
DIFFER matrix: atomic={} seeds={7 19 20 23 22 37} legs=0 logs=/home/user/Projects/cx-final/build/gate-run.iDWLwm/jobs/differ-equivalence/differ
  mode equivalence: all 32 execution/knob combinations       ok (exact replies and mechanism witnesses)
  mode equivalence: all 32 execution/knob combinations       ok (exact replies and mechanism witnesses)
DIFFER GATE: pass=2 fail=0 runtime=2m50s
  mode equivalence part (all execution modes and knobs) ok
  Redis 7.4 differential matrix                        ok (535.083933s across concurrent children)
  row budget: 2134s; median=533.37s; own-row-history; Redis 7.4 differential part (armed fused, atomic 0)
DIFFER suites (41): string list set zset hash hexpire edgetime xshard xmove bitmap hll bitfield cgaps stream script streamgrp zsetops geo doubles scan multi edgeenc edgeproto cmdgap cmdgap2 sort servertail arity storeorder infofix blocking pubsub fanout spubsub notify wiredump climon compatintro aclsel cmdmeta s6fix
DIFFER geometry: armed-fused (--thread-mode fused --read-local 1)
DIFFER matrix: atomic={0} seeds={7 19 20 23 22 37} legs=246 logs=/home/user/Projects/cx-final/build/gate-run.iDWLwm/jobs/differ-armed-0/differ
  vanilla Redis oracle boot                                  ok (pid=3704875 port=7903)
  oracle identity                                            ok (vanilla redis_version=7.4.10)
  target atomic=0 boot                                       ok (pid=3704953 port=7902)
  differ string (atomic=0 seed=7)                            ok (DIFFER string: 4033 ops, 0 diffs -> PASS)
  differ list (atomic=0 seed=7)                              ok (DIFFER list: 3521 ops, 0 diffs -> PASS)
  differ set (atomic=0 seed=7)                               ok (DIFFER set: 3524 ops, 0 diffs -> PASS)
  differ zset (atomic=0 seed=7)                              ok (DIFFER zset: 3531 ops, 0 diffs -> PASS)
  differ hash (atomic=0 seed=7)                              ok (DIFFER hash: 3545 ops, 0 diffs -> PASS)
  differ hexpire (atomic=0 seed=7)                           ok (DIFFER hexpire: 4288 ops, 0 diffs -> PASS)
  differ edgetime (atomic=0 seed=7)                          ok (DIFFER edgetime: 4426 ops, 0 diffs -> PASS)
  differ xshard (atomic=0 seed=7)                            ok (DIFFER xshard: 4276 ops, 0 diffs -> PASS)
  differ xmove (atomic=0 seed=7)                             ok (DIFFER xmove: 4263 ops, 0 diffs -> PASS)
  differ bitmap (atomic=0 seed=7)                            ok (DIFFER bitmap: 4262 ops, 0 diffs -> PASS)
  differ hll (atomic=0 seed=7)                               ok (DIFFER hll: 3057 ops, 0 diffs -> PASS)
  differ bitfield (atomic=0 seed=7)                          ok (DIFFER bitfield: 3226 ops, 0 diffs -> PASS)
  differ cgaps (atomic=0 seed=7)                             ok (DIFFER cgaps: 3310 ops, 0 diffs -> PASS)
  differ stream (atomic=0 seed=7)                            ok (DIFFER stream: 4031 ops, 0 diffs -> PASS)
  differ script (atomic=0 seed=7)                            ok (DIFFER script: 5061 ops, 0 diffs -> PASS)
  differ streamgrp (atomic=0 seed=7)                         ok (DIFFER streamgrp: 4052 ops, 0 diffs -> PASS)
  differ zsetops (atomic=0 seed=7)                           ok (DIFFER zsetops: 4200 ops, 0 diffs -> PASS)
  differ geo (atomic=0 seed=7)                               ok (DIFFER geo: 4200 ops, 0 diffs -> PASS)
  differ doubles (atomic=0 seed=7)                           ok (DIFFER doubles: 5000 ops, 0 diffs -> PASS)
  differ scan (atomic=0 seed=7)                              ok (DIFFER scan: 4081 ops, 0 diffs -> PASS)
  differ multi (atomic=0 seed=7)                             ok (DIFFER multi: 4260 ops, 0 diffs -> PASS)
  differ edgeenc (atomic=0 seed=7)                           ok (DIFFER edgeenc: 6757 ops, 0 diffs -> PASS)
  differ edgeproto (atomic=0 seed=7)                         ok (DIFFER edgeproto: 5200 ops, 0 diffs -> PASS)
  differ cmdgap (atomic=0 seed=7)                            ok (DIFFER cmdgap: 4213 ops, 0 diffs -> PASS)
  differ cmdgap2 (atomic=0 seed=7)                           ok (DIFFER cmdgap2: 4241 ops, 0 diffs -> PASS)
  differ sort (atomic=0 seed=7)                              SKIP (suite requires the split 6:2 geometry)
  differ servertail (atomic=0 seed=7)                        ok (DIFFER servertail: 5339 ops, 0 diffs -> PASS)
  differ arity (atomic=0 seed=7)                             ok (DIFFER arity: 4200 ops, 0 diffs -> PASS)
  differ storeorder (atomic=0 seed=7)                        ok (DIFFER storeorder: 4600 ops, 0 diffs -> PASS)
  differ infofix (atomic=0 seed=7)                           ok (DIFFER infofix: 4200 ops, 0 diffs -> PASS)
  differ blocking (atomic=0 seed=7)                          ok (DIFFER blocking: 5327 logical ops, 5388 checks, 0 diffs -> PASS)
  differ pubsub (atomic=0 seed=7)                            ok (DIFFER pubsub: 4198 logical ops, 25486 checks, 0 diffs -> PASS)
  differ fanout (atomic=0 seed=7)                            ok (DIFFER fanout: 14237 checks, 0 diffs -> PASS)
  differ spubsub (atomic=0 seed=7)                           ok (DIFFER spubsub: 801 checks, 0 diffs -> PASS)
  differ notify (atomic=0 seed=7)                            ok (DIFFER notify: 345 ops, 470 events, 0 diffs -> PASS)
  differ wiredump (atomic=0 seed=7)                          ok (DIFFER wiredump: 4200 ops, 0 diffs -> PASS)
  differ climon (atomic=0 seed=7)                            ok (DIFFER climon: 4318 ops, 0 diffs -> PASS)
  differ compatintro (atomic=0 seed=7)                       ok (DIFFER compatintro: 5630 checks, 0 diffs -> PASS (getkeys=1550, config_multi=631, client_rows=262, acl_mutations=401, notify_events=15, silence_controls=5))
  differ aclsel (atomic=0 seed=7)                            ok (DIFFER aclsel: 12619 checks, 0 diffs -> PASS (rejections=4200, unchanged=4200, grants=1400, command_denials=700, key_denials=1400, channel_denials=700))
  differ cmdmeta (atomic=0 seed=7)                           ok (DIFFER cmdmeta: 4202 ops, 0 diffs -> PASS (info=2122, intent=2078, pipes=129, categories=89, docs_boundary=1, zero_controls=2))
  differ s6fix (atomic=0 seed=7)                             ok (DIFFER s6fix: 48456 logical ops, 0 diffs -> PASS)
  differ string (atomic=0 seed=19)                           ok (DIFFER string: 4033 ops, 0 diffs -> PASS)
  differ list (atomic=0 seed=19)                             ok (DIFFER list: 3521 ops, 0 diffs -> PASS)
  differ set (atomic=0 seed=19)                              ok (DIFFER set: 3524 ops, 0 diffs -> PASS)
  differ zset (atomic=0 seed=19)                             ok (DIFFER zset: 3531 ops, 0 diffs -> PASS)
  differ hash (atomic=0 seed=19)                             ok (DIFFER hash: 3545 ops, 0 diffs -> PASS)
  differ hexpire (atomic=0 seed=19)                          ok (DIFFER hexpire: 4288 ops, 0 diffs -> PASS)
  differ edgetime (atomic=0 seed=19)                         ok (DIFFER edgetime: 4426 ops, 0 diffs -> PASS)
  differ xshard (atomic=0 seed=19)                           ok (DIFFER xshard: 4276 ops, 0 diffs -> PASS)
  differ xmove (atomic=0 seed=19)                            ok (DIFFER xmove: 4263 ops, 0 diffs -> PASS)
  differ bitmap (atomic=0 seed=19)                           ok (DIFFER bitmap: 4262 ops, 0 diffs -> PASS)
  differ hll (atomic=0 seed=19)                              ok (DIFFER hll: 3045 ops, 0 diffs -> PASS)
  differ bitfield (atomic=0 seed=19)                         ok (DIFFER bitfield: 3226 ops, 0 diffs -> PASS)
  differ cgaps (atomic=0 seed=19)                            ok (DIFFER cgaps: 3310 ops, 0 diffs -> PASS)
  differ stream (atomic=0 seed=19)                           ok (DIFFER stream: 4031 ops, 0 diffs -> PASS)
  differ script (atomic=0 seed=19)                           ok (DIFFER script: 5053 ops, 0 diffs -> PASS)
  differ streamgrp (atomic=0 seed=19)                        ok (DIFFER streamgrp: 4052 ops, 0 diffs -> PASS)
  differ zsetops (atomic=0 seed=19)                          ok (DIFFER zsetops: 4200 ops, 0 diffs -> PASS)
  differ geo (atomic=0 seed=19)                              ok (DIFFER geo: 4200 ops, 0 diffs -> PASS)
  differ doubles (atomic=0 seed=19)                          ok (DIFFER doubles: 5000 ops, 0 diffs -> PASS)
  differ scan (atomic=0 seed=19)                             ok (DIFFER scan: 4081 ops, 0 diffs -> PASS)
  differ multi (atomic=0 seed=19)                            ok (DIFFER multi: 4257 ops, 0 diffs -> PASS)
  differ edgeenc (atomic=0 seed=19)                          ok (DIFFER edgeenc: 6757 ops, 0 diffs -> PASS)
  differ edgeproto (atomic=0 seed=19)                        ok (DIFFER edgeproto: 5200 ops, 0 diffs -> PASS)
  differ cmdgap (atomic=0 seed=19)                           ok (DIFFER cmdgap: 4213 ops, 0 diffs -> PASS)
  differ cmdgap2 (atomic=0 seed=19)                          ok (DIFFER cmdgap2: 4241 ops, 0 diffs -> PASS)
  differ sort (atomic=0 seed=19)                             SKIP (suite requires the split 6:2 geometry)
  differ servertail (atomic=0 seed=19)                       ok (DIFFER servertail: 5339 ops, 0 diffs -> PASS)
  differ arity (atomic=0 seed=19)                            ok (DIFFER arity: 4200 ops, 0 diffs -> PASS)
  differ storeorder (atomic=0 seed=19)                       ok (DIFFER storeorder: 4600 ops, 0 diffs -> PASS)
  differ infofix (atomic=0 seed=19)                          ok (DIFFER infofix: 4200 ops, 0 diffs -> PASS)
  differ blocking (atomic=0 seed=19)                         ok (DIFFER blocking: 5297 logical ops, 5358 checks, 0 diffs -> PASS)
  differ pubsub (atomic=0 seed=19)                           ok (DIFFER pubsub: 4198 logical ops, 25265 checks, 0 diffs -> PASS)
  differ fanout (atomic=0 seed=19)                           ok (DIFFER fanout: 7081 checks, 0 diffs -> PASS)
  differ spubsub (atomic=0 seed=19)                          ok (DIFFER spubsub: 809 checks, 0 diffs -> PASS)
  differ notify (atomic=0 seed=19)                           ok (DIFFER notify: 331 ops, 454 events, 0 diffs -> PASS)
  differ wiredump (atomic=0 seed=19)                         ok (DIFFER wiredump: 4200 ops, 0 diffs -> PASS)
  differ climon (atomic=0 seed=19)                           ok (DIFFER climon: 4318 ops, 0 diffs -> PASS)
  differ compatintro (atomic=0 seed=19)                      ok (DIFFER compatintro: 5633 checks, 0 diffs -> PASS (getkeys=1550, config_multi=637, client_rows=240, acl_mutations=396, notify_events=15, silence_controls=5))
  differ aclsel (atomic=0 seed=19)                           ok (DIFFER aclsel: 12619 checks, 0 diffs -> PASS (rejections=4200, unchanged=4200, grants=1400, command_denials=700, key_denials=1400, channel_denials=700))
  differ cmdmeta (atomic=0 seed=19)                          ok (DIFFER cmdmeta: 4202 ops, 0 diffs -> PASS (info=2134, intent=2066, pipes=129, categories=89, docs_boundary=1, zero_controls=2))
  differ s6fix (atomic=0 seed=19)                            ok (DIFFER s6fix: 48456 logical ops, 0 diffs -> PASS)
  differ string (atomic=0 seed=20)                           ok (DIFFER string: 4033 ops, 0 diffs -> PASS)
  differ list (atomic=0 seed=20)                             ok (DIFFER list: 3521 ops, 0 diffs -> PASS)
  differ set (atomic=0 seed=20)                              ok (DIFFER set: 3524 ops, 0 diffs -> PASS)
  differ zset (atomic=0 seed=20)                             ok (DIFFER zset: 3531 ops, 0 diffs -> PASS)
  differ hash (atomic=0 seed=20)                             ok (DIFFER hash: 3545 ops, 0 diffs -> PASS)
  differ hexpire (atomic=0 seed=20)                          ok (DIFFER hexpire: 4288 ops, 0 diffs -> PASS)
  differ edgetime (atomic=0 seed=20)                         ok (DIFFER edgetime: 4426 ops, 0 diffs -> PASS)
  differ xshard (atomic=0 seed=20)                           ok (DIFFER xshard: 4276 ops, 0 diffs -> PASS)
  differ xmove (atomic=0 seed=20)                            ok (DIFFER xmove: 4263 ops, 0 diffs -> PASS)
  differ bitmap (atomic=0 seed=20)                           ok (DIFFER bitmap: 4262 ops, 0 diffs -> PASS)
  differ hll (atomic=0 seed=20)                              ok (DIFFER hll: 3068 ops, 0 diffs -> PASS)
  differ bitfield (atomic=0 seed=20)                         ok (DIFFER bitfield: 3226 ops, 0 diffs -> PASS)
  differ cgaps (atomic=0 seed=20)                            ok (DIFFER cgaps: 3310 ops, 0 diffs -> PASS)
  differ stream (atomic=0 seed=20)                           ok (DIFFER stream: 4031 ops, 0 diffs -> PASS)
  differ script (atomic=0 seed=20)                           ok (DIFFER script: 5062 ops, 0 diffs -> PASS)
  differ streamgrp (atomic=0 seed=20)                        ok (DIFFER streamgrp: 4052 ops, 0 diffs -> PASS)
  differ zsetops (atomic=0 seed=20)                          ok (DIFFER zsetops: 4200 ops, 0 diffs -> PASS)
  differ geo (atomic=0 seed=20)                              ok (DIFFER geo: 4200 ops, 0 diffs -> PASS)
  differ doubles (atomic=0 seed=20)                          ok (DIFFER doubles: 5000 ops, 0 diffs -> PASS)
  differ scan (atomic=0 seed=20)                             ok (DIFFER scan: 4081 ops, 0 diffs -> PASS)
  differ multi (atomic=0 seed=20)                            ok (DIFFER multi: 4189 ops, 0 diffs -> PASS)
  differ edgeenc (atomic=0 seed=20)                          ok (DIFFER edgeenc: 6757 ops, 0 diffs -> PASS)
  differ edgeproto (atomic=0 seed=20)                        ok (DIFFER edgeproto: 5200 ops, 0 diffs -> PASS)
  differ cmdgap (atomic=0 seed=20)                           ok (DIFFER cmdgap: 4213 ops, 0 diffs -> PASS)
  differ cmdgap2 (atomic=0 seed=20)                          ok (DIFFER cmdgap2: 4241 ops, 0 diffs -> PASS)
  differ sort (atomic=0 seed=20)                             SKIP (suite requires the split 6:2 geometry)
  differ servertail (atomic=0 seed=20)                       ok (DIFFER servertail: 5339 ops, 0 diffs -> PASS)
  differ arity (atomic=0 seed=20)                            ok (DIFFER arity: 4200 ops, 0 diffs -> PASS)
  differ storeorder (atomic=0 seed=20)                       ok (DIFFER storeorder: 4600 ops, 0 diffs -> PASS)
  differ infofix (atomic=0 seed=20)                          ok (DIFFER infofix: 4200 ops, 0 diffs -> PASS)
  differ blocking (atomic=0 seed=20)                         ok (DIFFER blocking: 5259 logical ops, 5320 checks, 0 diffs -> PASS)
  differ pubsub (atomic=0 seed=20)                           ok (DIFFER pubsub: 4198 logical ops, 25960 checks, 0 diffs -> PASS)
  differ fanout (atomic=0 seed=20)                           ok (DIFFER fanout: 10363 checks, 0 diffs -> PASS)
  differ spubsub (atomic=0 seed=20)                          ok (DIFFER spubsub: 786 checks, 0 diffs -> PASS)
  differ notify (atomic=0 seed=20)                           ok (DIFFER notify: 331 ops, 463 events, 0 diffs -> PASS)
  differ wiredump (atomic=0 seed=20)                         ok (DIFFER wiredump: 4200 ops, 0 diffs -> PASS)
  differ climon (atomic=0 seed=20)                           ok (DIFFER climon: 4318 ops, 0 diffs -> PASS)
  differ compatintro (atomic=0 seed=20)                      ok (DIFFER compatintro: 5586 checks, 0 diffs -> PASS (getkeys=1550, config_multi=604, client_rows=258, acl_mutations=409, notify_events=15, silence_controls=5))
  differ aclsel (atomic=0 seed=20)                           ok (DIFFER aclsel: 12619 checks, 0 diffs -> PASS (rejections=4200, unchanged=4200, grants=1400, command_denials=700, key_denials=1400, channel_denials=700))
  differ cmdmeta (atomic=0 seed=20)                          ok (DIFFER cmdmeta: 4202 ops, 0 diffs -> PASS (info=2083, intent=2117, pipes=129, categories=89, docs_boundary=1, zero_controls=2))
  differ s6fix (atomic=0 seed=20)                            ok (DIFFER s6fix: 48456 logical ops, 0 diffs -> PASS)
  differ string (atomic=0 seed=23)                           ok (DIFFER string: 4033 ops, 0 diffs -> PASS)
  differ list (atomic=0 seed=23)                             ok (DIFFER list: 3521 ops, 0 diffs -> PASS)
  differ set (atomic=0 seed=23)                              ok (DIFFER set: 3524 ops, 0 diffs -> PASS)
  differ zset (atomic=0 seed=23)                             ok (DIFFER zset: 3531 ops, 0 diffs -> PASS)
  differ hash (atomic=0 seed=23)                             ok (DIFFER hash: 3545 ops, 0 diffs -> PASS)
  differ hexpire (atomic=0 seed=23)                          ok (DIFFER hexpire: 4288 ops, 0 diffs -> PASS)
  differ edgetime (atomic=0 seed=23)                         ok (DIFFER edgetime: 4426 ops, 0 diffs -> PASS)
  differ xshard (atomic=0 seed=23)                           ok (DIFFER xshard: 4276 ops, 0 diffs -> PASS)
  differ xmove (atomic=0 seed=23)                            ok (DIFFER xmove: 4263 ops, 0 diffs -> PASS)
  differ bitmap (atomic=0 seed=23)                           ok (DIFFER bitmap: 4262 ops, 0 diffs -> PASS)
  differ hll (atomic=0 seed=23)                              ok (DIFFER hll: 3071 ops, 0 diffs -> PASS)
  differ bitfield (atomic=0 seed=23)                         ok (DIFFER bitfield: 3226 ops, 0 diffs -> PASS)
  differ cgaps (atomic=0 seed=23)                            ok (DIFFER cgaps: 3310 ops, 0 diffs -> PASS)
  differ stream (atomic=0 seed=23)                           ok (DIFFER stream: 4031 ops, 0 diffs -> PASS)
  differ script (atomic=0 seed=23)                           ok (DIFFER script: 5048 ops, 0 diffs -> PASS)
  differ streamgrp (atomic=0 seed=23)                        ok (DIFFER streamgrp: 4052 ops, 0 diffs -> PASS)
  differ zsetops (atomic=0 seed=23)                          ok (DIFFER zsetops: 4200 ops, 0 diffs -> PASS)
  differ geo (atomic=0 seed=23)                              ok (DIFFER geo: 4200 ops, 0 diffs -> PASS)
  differ doubles (atomic=0 seed=23)                          ok (DIFFER doubles: 5000 ops, 0 diffs -> PASS)
  differ scan (atomic=0 seed=23)                             ok (DIFFER scan: 4081 ops, 0 diffs -> PASS)
  differ multi (atomic=0 seed=23)                            ok (DIFFER multi: 4212 ops, 0 diffs -> PASS)
  differ edgeenc (atomic=0 seed=23)                          ok (DIFFER edgeenc: 6757 ops, 0 diffs -> PASS)
  differ edgeproto (atomic=0 seed=23)                        ok (DIFFER edgeproto: 5200 ops, 0 diffs -> PASS)
  differ cmdgap (atomic=0 seed=23)                           ok (DIFFER cmdgap: 4213 ops, 0 diffs -> PASS)
  differ cmdgap2 (atomic=0 seed=23)                          ok (DIFFER cmdgap2: 4241 ops, 0 diffs -> PASS)
  differ sort (atomic=0 seed=23)                             SKIP (suite requires the split 6:2 geometry)
  differ servertail (atomic=0 seed=23)                       ok (DIFFER servertail: 5339 ops, 0 diffs -> PASS)
  differ arity (atomic=0 seed=23)                            ok (DIFFER arity: 4200 ops, 0 diffs -> PASS)
  differ storeorder (atomic=0 seed=23)                       ok (DIFFER storeorder: 4600 ops, 0 diffs -> PASS)
  differ infofix (atomic=0 seed=23)                          ok (DIFFER infofix: 4200 ops, 0 diffs -> PASS)
  differ blocking (atomic=0 seed=23)                         ok (DIFFER blocking: 5294 logical ops, 5355 checks, 0 diffs -> PASS)
  differ pubsub (atomic=0 seed=23)                           ok (DIFFER pubsub: 4198 logical ops, 26605 checks, 0 diffs -> PASS)
  differ fanout (atomic=0 seed=23)                           ok (DIFFER fanout: 10420 checks, 0 diffs -> PASS)
  differ spubsub (atomic=0 seed=23)                          ok (DIFFER spubsub: 822 checks, 0 diffs -> PASS)
  differ notify (atomic=0 seed=23)                           ok (DIFFER notify: 327 ops, 451 events, 0 diffs -> PASS)
  differ wiredump (atomic=0 seed=23)                         ok (DIFFER wiredump: 4200 ops, 0 diffs -> PASS)
  differ climon (atomic=0 seed=23)                           ok (DIFFER climon: 4318 ops, 0 diffs -> PASS)
  differ compatintro (atomic=0 seed=23)                      ok (DIFFER compatintro: 5579 checks, 0 diffs -> PASS (getkeys=1550, config_multi=608, client_rows=224, acl_mutations=407, notify_events=15, silence_controls=5))
  differ aclsel (atomic=0 seed=23)                           ok (DIFFER aclsel: 12619 checks, 0 diffs -> PASS (rejections=4200, unchanged=4200, grants=1400, command_denials=700, key_denials=1400, channel_denials=700))
  differ cmdmeta (atomic=0 seed=23)                          ok (DIFFER cmdmeta: 4202 ops, 0 diffs -> PASS (info=2100, intent=2100, pipes=129, categories=89, docs_boundary=1, zero_controls=2))
  differ s6fix (atomic=0 seed=23)                            ok (DIFFER s6fix: 48456 logical ops, 0 diffs -> PASS)
  differ string (atomic=0 seed=22)                           ok (DIFFER string: 4033 ops, 0 diffs -> PASS)
  differ list (atomic=0 seed=22)                             ok (DIFFER list: 3521 ops, 0 diffs -> PASS)
  differ set (atomic=0 seed=22)                              ok (DIFFER set: 3524 ops, 0 diffs -> PASS)
  differ zset (atomic=0 seed=22)                             ok (DIFFER zset: 3531 ops, 0 diffs -> PASS)
  differ hash (atomic=0 seed=22)                             ok (DIFFER hash: 3545 ops, 0 diffs -> PASS)
  differ hexpire (atomic=0 seed=22)                          ok (DIFFER hexpire: 4288 ops, 0 diffs -> PASS)
  differ edgetime (atomic=0 seed=22)                         ok (DIFFER edgetime: 4426 ops, 0 diffs -> PASS)
  differ xshard (atomic=0 seed=22)                           ok (DIFFER xshard: 4276 ops, 0 diffs -> PASS)
  differ xmove (atomic=0 seed=22)                            ok (DIFFER xmove: 4263 ops, 0 diffs -> PASS)
  differ bitmap (atomic=0 seed=22)                           ok (DIFFER bitmap: 4262 ops, 0 diffs -> PASS)
  differ hll (atomic=0 seed=22)                              ok (DIFFER hll: 3010 ops, 0 diffs -> PASS)
  differ bitfield (atomic=0 seed=22)                         ok (DIFFER bitfield: 3226 ops, 0 diffs -> PASS)
  differ cgaps (atomic=0 seed=22)                            ok (DIFFER cgaps: 3310 ops, 0 diffs -> PASS)
  differ stream (atomic=0 seed=22)                           ok (DIFFER stream: 4031 ops, 0 diffs -> PASS)
  differ script (atomic=0 seed=22)                           ok (DIFFER script: 5043 ops, 0 diffs -> PASS)
  differ streamgrp (atomic=0 seed=22)                        ok (DIFFER streamgrp: 4052 ops, 0 diffs -> PASS)
  differ zsetops (atomic=0 seed=22)                          ok (DIFFER zsetops: 4200 ops, 0 diffs -> PASS)
  differ geo (atomic=0 seed=22)                              ok (DIFFER geo: 4200 ops, 0 diffs -> PASS)
  differ doubles (atomic=0 seed=22)                          ok (DIFFER doubles: 5000 ops, 0 diffs -> PASS)
  differ scan (atomic=0 seed=22)                             ok (DIFFER scan: 4081 ops, 0 diffs -> PASS)
  differ multi (atomic=0 seed=22)                            ok (DIFFER multi: 4223 ops, 0 diffs -> PASS)
  differ edgeenc (atomic=0 seed=22)                          ok (DIFFER edgeenc: 6757 ops, 0 diffs -> PASS)
  differ edgeproto (atomic=0 seed=22)                        ok (DIFFER edgeproto: 5200 ops, 0 diffs -> PASS)
  differ cmdgap (atomic=0 seed=22)                           ok (DIFFER cmdgap: 4213 ops, 0 diffs -> PASS)
  differ cmdgap2 (atomic=0 seed=22)                          ok (DIFFER cmdgap2: 4241 ops, 0 diffs -> PASS)
  differ sort (atomic=0 seed=22)                             SKIP (suite requires the split 6:2 geometry)
  differ servertail (atomic=0 seed=22)                       ok (DIFFER servertail: 5339 ops, 0 diffs -> PASS)
  differ arity (atomic=0 seed=22)                            ok (DIFFER arity: 4200 ops, 0 diffs -> PASS)
  differ storeorder (atomic=0 seed=22)                       ok (DIFFER storeorder: 4600 ops, 0 diffs -> PASS)
  differ infofix (atomic=0 seed=22)                          ok (DIFFER infofix: 4200 ops, 0 diffs -> PASS)
  differ blocking (atomic=0 seed=22)                         ok (DIFFER blocking: 5281 logical ops, 5342 checks, 0 diffs -> PASS)
  differ pubsub (atomic=0 seed=22)                           ok (DIFFER pubsub: 4198 logical ops, 25300 checks, 0 diffs -> PASS)
  differ fanout (atomic=0 seed=22)                           ok (DIFFER fanout: 13883 checks, 0 diffs -> PASS)
  differ spubsub (atomic=0 seed=22)                          ok (DIFFER spubsub: 797 checks, 0 diffs -> PASS)
  differ notify (atomic=0 seed=22)                           ok (DIFFER notify: 330 ops, 452 events, 0 diffs -> PASS)
  differ wiredump (atomic=0 seed=22)                         ok (DIFFER wiredump: 4200 ops, 0 diffs -> PASS)
  differ climon (atomic=0 seed=22)                           ok (DIFFER climon: 4318 ops, 0 diffs -> PASS)
  differ compatintro (atomic=0 seed=22)                      ok (DIFFER compatintro: 5595 checks, 0 diffs -> PASS (getkeys=1550, config_multi=617, client_rows=244, acl_mutations=399, notify_events=15, silence_controls=5))
  differ aclsel (atomic=0 seed=22)                           ok (DIFFER aclsel: 12619 checks, 0 diffs -> PASS (rejections=4200, unchanged=4200, grants=1400, command_denials=700, key_denials=1400, channel_denials=700))
  differ cmdmeta (atomic=0 seed=22)                          ok (DIFFER cmdmeta: 4202 ops, 0 diffs -> PASS (info=2093, intent=2107, pipes=129, categories=89, docs_boundary=1, zero_controls=2))
  differ s6fix (atomic=0 seed=22)                            ok (DIFFER s6fix: 48456 logical ops, 0 diffs -> PASS)
  differ string (atomic=0 seed=37)                           ok (DIFFER string: 4033 ops, 0 diffs -> PASS)
  differ list (atomic=0 seed=37)                             ok (DIFFER list: 3521 ops, 0 diffs -> PASS)
  differ set (atomic=0 seed=37)                              ok (DIFFER set: 3524 ops, 0 diffs -> PASS)
  differ zset (atomic=0 seed=37)                             ok (DIFFER zset: 3531 ops, 0 diffs -> PASS)
  differ hash (atomic=0 seed=37)                             ok (DIFFER hash: 3545 ops, 0 diffs -> PASS)
  differ hexpire (atomic=0 seed=37)                          ok (DIFFER hexpire: 4288 ops, 0 diffs -> PASS)
  differ edgetime (atomic=0 seed=37)                         ok (DIFFER edgetime: 4426 ops, 0 diffs -> PASS)
  differ xshard (atomic=0 seed=37)                           ok (DIFFER xshard: 4276 ops, 0 diffs -> PASS)
  differ xmove (atomic=0 seed=37)                            ok (DIFFER xmove: 4263 ops, 0 diffs -> PASS)
  differ bitmap (atomic=0 seed=37)                           ok (DIFFER bitmap: 4262 ops, 0 diffs -> PASS)
  differ hll (atomic=0 seed=37)                              ok (DIFFER hll: 3038 ops, 0 diffs -> PASS)
  differ bitfield (atomic=0 seed=37)                         ok (DIFFER bitfield: 3226 ops, 0 diffs -> PASS)
  differ cgaps (atomic=0 seed=37)                            ok (DIFFER cgaps: 3310 ops, 0 diffs -> PASS)
  differ stream (atomic=0 seed=37)                           ok (DIFFER stream: 4031 ops, 0 diffs -> PASS)
  differ script (atomic=0 seed=37)                           ok (DIFFER script: 5049 ops, 0 diffs -> PASS)
  differ streamgrp (atomic=0 seed=37)                        ok (DIFFER streamgrp: 4052 ops, 0 diffs -> PASS)
  differ zsetops (atomic=0 seed=37)                          ok (DIFFER zsetops: 4200 ops, 0 diffs -> PASS)
  differ geo (atomic=0 seed=37)                              ok (DIFFER geo: 4200 ops, 0 diffs -> PASS)
  differ doubles (atomic=0 seed=37)                          ok (DIFFER doubles: 5000 ops, 0 diffs -> PASS)
  differ scan (atomic=0 seed=37)                             ok (DIFFER scan: 4081 ops, 0 diffs -> PASS)
  differ multi (atomic=0 seed=37)                            ok (DIFFER multi: 4193 ops, 0 diffs -> PASS)
  differ edgeenc (atomic=0 seed=37)                          ok (DIFFER edgeenc: 6757 ops, 0 diffs -> PASS)
  differ edgeproto (atomic=0 seed=37)                        ok (DIFFER edgeproto: 5200 ops, 0 diffs -> PASS)
  differ cmdgap (atomic=0 seed=37)                           ok (DIFFER cmdgap: 4213 ops, 0 diffs -> PASS)
  differ cmdgap2 (atomic=0 seed=37)                          ok (DIFFER cmdgap2: 4241 ops, 0 diffs -> PASS)
  differ sort (atomic=0 seed=37)                             SKIP (suite requires the split 6:2 geometry)
  differ servertail (atomic=0 seed=37)                       ok (DIFFER servertail: 5339 ops, 0 diffs -> PASS)
  differ arity (atomic=0 seed=37)                            ok (DIFFER arity: 4200 ops, 0 diffs -> PASS)
  differ storeorder (atomic=0 seed=37)                       ok (DIFFER storeorder: 4600 ops, 0 diffs -> PASS)
  differ infofix (atomic=0 seed=37)                          ok (DIFFER infofix: 4200 ops, 0 diffs -> PASS)
  differ blocking (atomic=0 seed=37)                         ok (DIFFER blocking: 5316 logical ops, 5377 checks, 0 diffs -> PASS)
  differ pubsub (atomic=0 seed=37)                           ok (DIFFER pubsub: 4198 logical ops, 25326 checks, 0 diffs -> PASS)
  differ fanout (atomic=0 seed=37)                           ok (DIFFER fanout: 12949 checks, 0 diffs -> PASS)
  differ spubsub (atomic=0 seed=37)                          ok (DIFFER spubsub: 803 checks, 0 diffs -> PASS)
  differ notify (atomic=0 seed=37)                           ok (DIFFER notify: 346 ops, 461 events, 0 diffs -> PASS)
  differ wiredump (atomic=0 seed=37)                         ok (DIFFER wiredump: 4200 ops, 0 diffs -> PASS)
  differ climon (atomic=0 seed=37)                           ok (DIFFER climon: 4318 ops, 0 diffs -> PASS)
  differ compatintro (atomic=0 seed=37)                      ok (DIFFER compatintro: 5603 checks, 0 diffs -> PASS (getkeys=1550, config_multi=650, client_rows=246, acl_mutations=402, notify_events=15, silence_controls=5))
  differ aclsel (atomic=0 seed=37)                           ok (DIFFER aclsel: 12619 checks, 0 diffs -> PASS (rejections=4200, unchanged=4200, grants=1400, command_denials=700, key_denials=1400, channel_denials=700))
  differ cmdmeta (atomic=0 seed=37)                          ok (DIFFER cmdmeta: 4202 ops, 0 diffs -> PASS (info=2044, intent=2156, pipes=129, categories=89, docs_boundary=1, zero_controls=2))
  differ s6fix (atomic=0 seed=37)                            ok (DIFFER s6fix: 48456 logical ops, 0 diffs -> PASS)
  read-local lane fired (atomic=0)                           ok (hits=940 fallbacks=256)
  target atomic=0 stop                                       ok (port 7902 free)
  oracle stop                                                ok (port 7903 free)
DIFFER COMMAND COVERAGE: diffed 222 of 243 registered commands (1024429 recorded comparison witnesses, 240 legs)
  not observed in compared replies/properties: AUTH, BGREWRITEAOF, BGSAVE, DBSIZE, FLIP, FLUSHALL, FLUSHDB, HELLO, INFO, LOLWUT, MONITOR, QUIT, REPLICAOF, SAVE, SELECT, SHUTDOWN, SLAVEOF, TIME, UNWATCH, WATCH, ZREVRANGE
DIFFER GATE: pass=241 fail=0 runtime=8m54s
  Redis 7.4 differential part (armed fused, atomic 0)  ok
  row budget: 2137s; median=534.1s; own-row-history; Redis 7.4 differential part (armed fused, atomic 1)
DIFFER suites (41): string list set zset hash hexpire edgetime xshard xmove bitmap hll bitfield cgaps stream script streamgrp zsetops geo doubles scan multi edgeenc edgeproto cmdgap cmdgap2 sort servertail arity storeorder infofix blocking pubsub fanout spubsub notify wiredump climon compatintro aclsel cmdmeta s6fix
DIFFER geometry: armed-fused (--thread-mode fused --read-local 1)
DIFFER matrix: atomic={1} seeds={7 19 20 23 22 37} legs=246 logs=/home/user/Projects/cx-final/build/gate-run.iDWLwm/jobs/differ-armed-1/differ
  vanilla Redis oracle boot                                  ok (pid=3705013 port=7909)
  oracle identity                                            ok (vanilla redis_version=7.4.10)
  target atomic=1 boot                                       ok (pid=3705048 port=7908)
  differ string (atomic=1 seed=7)                            ok (DIFFER string: 4033 ops, 0 diffs -> PASS)
  differ list (atomic=1 seed=7)                              ok (DIFFER list: 3521 ops, 0 diffs -> PASS)
  differ set (atomic=1 seed=7)                               ok (DIFFER set: 3524 ops, 0 diffs -> PASS)
  differ zset (atomic=1 seed=7)                              ok (DIFFER zset: 3531 ops, 0 diffs -> PASS)
  differ hash (atomic=1 seed=7)                              ok (DIFFER hash: 3545 ops, 0 diffs -> PASS)
  differ hexpire (atomic=1 seed=7)                           ok (DIFFER hexpire: 4288 ops, 0 diffs -> PASS)
  differ edgetime (atomic=1 seed=7)                          ok (DIFFER edgetime: 4426 ops, 0 diffs -> PASS)
  differ xshard (atomic=1 seed=7)                            ok (DIFFER xshard: 4276 ops, 0 diffs -> PASS)
  differ xmove (atomic=1 seed=7)                             ok (DIFFER xmove: 4263 ops, 0 diffs -> PASS)
  differ bitmap (atomic=1 seed=7)                            ok (DIFFER bitmap: 4262 ops, 0 diffs -> PASS)
  differ hll (atomic=1 seed=7)                               ok (DIFFER hll: 3057 ops, 0 diffs -> PASS)
  differ bitfield (atomic=1 seed=7)                          ok (DIFFER bitfield: 3226 ops, 0 diffs -> PASS)
  differ cgaps (atomic=1 seed=7)                             ok (DIFFER cgaps: 3310 ops, 0 diffs -> PASS)
  differ stream (atomic=1 seed=7)                            ok (DIFFER stream: 4031 ops, 0 diffs -> PASS)
  differ script (atomic=1 seed=7)                            ok (DIFFER script: 5061 ops, 0 diffs -> PASS)
  differ streamgrp (atomic=1 seed=7)                         ok (DIFFER streamgrp: 4052 ops, 0 diffs -> PASS)
  differ zsetops (atomic=1 seed=7)                           ok (DIFFER zsetops: 4200 ops, 0 diffs -> PASS)
  differ geo (atomic=1 seed=7)                               ok (DIFFER geo: 4200 ops, 0 diffs -> PASS)
  differ doubles (atomic=1 seed=7)                           ok (DIFFER doubles: 5000 ops, 0 diffs -> PASS)
  differ scan (atomic=1 seed=7)                              ok (DIFFER scan: 4081 ops, 0 diffs -> PASS)
  differ multi (atomic=1 seed=7)                             ok (DIFFER multi: 4260 ops, 0 diffs -> PASS)
  differ edgeenc (atomic=1 seed=7)                           ok (DIFFER edgeenc: 6757 ops, 0 diffs -> PASS)
  differ edgeproto (atomic=1 seed=7)                         ok (DIFFER edgeproto: 5200 ops, 0 diffs -> PASS)
  differ cmdgap (atomic=1 seed=7)                            ok (DIFFER cmdgap: 4213 ops, 0 diffs -> PASS)
  differ cmdgap2 (atomic=1 seed=7)                           ok (DIFFER cmdgap2: 4241 ops, 0 diffs -> PASS)
  differ sort (atomic=1 seed=7)                              SKIP (suite requires the split 6:2 geometry)
  differ servertail (atomic=1 seed=7)                        ok (DIFFER servertail: 5339 ops, 0 diffs -> PASS)
  differ arity (atomic=1 seed=7)                             ok (DIFFER arity: 4200 ops, 0 diffs -> PASS)
  differ storeorder (atomic=1 seed=7)                        ok (DIFFER storeorder: 4600 ops, 0 diffs -> PASS)
  differ infofix (atomic=1 seed=7)                           ok (DIFFER infofix: 4200 ops, 0 diffs -> PASS)
  differ blocking (atomic=1 seed=7)                          ok (DIFFER blocking: 5327 logical ops, 5388 checks, 0 diffs -> PASS)
  differ pubsub (atomic=1 seed=7)                            ok (DIFFER pubsub: 4198 logical ops, 25486 checks, 0 diffs -> PASS)
  differ fanout (atomic=1 seed=7)                            ok (DIFFER fanout: 14237 checks, 0 diffs -> PASS)
  differ spubsub (atomic=1 seed=7)                           ok (DIFFER spubsub: 801 checks, 0 diffs -> PASS)
  differ notify (atomic=1 seed=7)                            ok (DIFFER notify: 345 ops, 470 events, 0 diffs -> PASS)
  differ wiredump (atomic=1 seed=7)                          ok (DIFFER wiredump: 4200 ops, 0 diffs -> PASS)
  differ climon (atomic=1 seed=7)                            ok (DIFFER climon: 4318 ops, 0 diffs -> PASS)
  differ compatintro (atomic=1 seed=7)                       ok (DIFFER compatintro: 5630 checks, 0 diffs -> PASS (getkeys=1550, config_multi=631, client_rows=262, acl_mutations=401, notify_events=15, silence_controls=5))
  differ aclsel (atomic=1 seed=7)                            ok (DIFFER aclsel: 12619 checks, 0 diffs -> PASS (rejections=4200, unchanged=4200, grants=1400, command_denials=700, key_denials=1400, channel_denials=700))
  differ cmdmeta (atomic=1 seed=7)                           ok (DIFFER cmdmeta: 4202 ops, 0 diffs -> PASS (info=2122, intent=2078, pipes=129, categories=89, docs_boundary=1, zero_controls=2))
  differ s6fix (atomic=1 seed=7)                             ok (DIFFER s6fix: 48456 logical ops, 0 diffs -> PASS)
  differ string (atomic=1 seed=19)                           ok (DIFFER string: 4033 ops, 0 diffs -> PASS)
  differ list (atomic=1 seed=19)                             ok (DIFFER list: 3521 ops, 0 diffs -> PASS)
  differ set (atomic=1 seed=19)                              ok (DIFFER set: 3524 ops, 0 diffs -> PASS)
  differ zset (atomic=1 seed=19)                             ok (DIFFER zset: 3531 ops, 0 diffs -> PASS)
  differ hash (atomic=1 seed=19)                             ok (DIFFER hash: 3545 ops, 0 diffs -> PASS)
  differ hexpire (atomic=1 seed=19)                          ok (DIFFER hexpire: 4288 ops, 0 diffs -> PASS)
  differ edgetime (atomic=1 seed=19)                         ok (DIFFER edgetime: 4426 ops, 0 diffs -> PASS)
  differ xshard (atomic=1 seed=19)                           ok (DIFFER xshard: 4276 ops, 0 diffs -> PASS)
  differ xmove (atomic=1 seed=19)                            ok (DIFFER xmove: 4263 ops, 0 diffs -> PASS)
  differ bitmap (atomic=1 seed=19)                           ok (DIFFER bitmap: 4262 ops, 0 diffs -> PASS)
  differ hll (atomic=1 seed=19)                              ok (DIFFER hll: 3045 ops, 0 diffs -> PASS)
  differ bitfield (atomic=1 seed=19)                         ok (DIFFER bitfield: 3226 ops, 0 diffs -> PASS)
  differ cgaps (atomic=1 seed=19)                            ok (DIFFER cgaps: 3310 ops, 0 diffs -> PASS)
  differ stream (atomic=1 seed=19)                           ok (DIFFER stream: 4031 ops, 0 diffs -> PASS)
  differ script (atomic=1 seed=19)                           ok (DIFFER script: 5053 ops, 0 diffs -> PASS)
  differ streamgrp (atomic=1 seed=19)                        ok (DIFFER streamgrp: 4052 ops, 0 diffs -> PASS)
  differ zsetops (atomic=1 seed=19)                          ok (DIFFER zsetops: 4200 ops, 0 diffs -> PASS)
  differ geo (atomic=1 seed=19)                              ok (DIFFER geo: 4200 ops, 0 diffs -> PASS)
  differ doubles (atomic=1 seed=19)                          ok (DIFFER doubles: 5000 ops, 0 diffs -> PASS)
  differ scan (atomic=1 seed=19)                             ok (DIFFER scan: 4081 ops, 0 diffs -> PASS)
  differ multi (atomic=1 seed=19)                            ok (DIFFER multi: 4257 ops, 0 diffs -> PASS)
  differ edgeenc (atomic=1 seed=19)                          ok (DIFFER edgeenc: 6757 ops, 0 diffs -> PASS)
  differ edgeproto (atomic=1 seed=19)                        ok (DIFFER edgeproto: 5200 ops, 0 diffs -> PASS)
  differ cmdgap (atomic=1 seed=19)                           ok (DIFFER cmdgap: 4213 ops, 0 diffs -> PASS)
  differ cmdgap2 (atomic=1 seed=19)                          ok (DIFFER cmdgap2: 4241 ops, 0 diffs -> PASS)
  differ sort (atomic=1 seed=19)                             SKIP (suite requires the split 6:2 geometry)
  differ servertail (atomic=1 seed=19)                       ok (DIFFER servertail: 5339 ops, 0 diffs -> PASS)
  differ arity (atomic=1 seed=19)                            ok (DIFFER arity: 4200 ops, 0 diffs -> PASS)
  differ storeorder (atomic=1 seed=19)                       ok (DIFFER storeorder: 4600 ops, 0 diffs -> PASS)
  differ infofix (atomic=1 seed=19)                          ok (DIFFER infofix: 4200 ops, 0 diffs -> PASS)
  differ blocking (atomic=1 seed=19)                         ok (DIFFER blocking: 5297 logical ops, 5358 checks, 0 diffs -> PASS)
  differ pubsub (atomic=1 seed=19)                           ok (DIFFER pubsub: 4198 logical ops, 25265 checks, 0 diffs -> PASS)
  differ fanout (atomic=1 seed=19)                           ok (DIFFER fanout: 7081 checks, 0 diffs -> PASS)
  differ spubsub (atomic=1 seed=19)                          ok (DIFFER spubsub: 809 checks, 0 diffs -> PASS)
  differ notify (atomic=1 seed=19)                           ok (DIFFER notify: 331 ops, 454 events, 0 diffs -> PASS)
  differ wiredump (atomic=1 seed=19)                         ok (DIFFER wiredump: 4200 ops, 0 diffs -> PASS)
  differ climon (atomic=1 seed=19)                           ok (DIFFER climon: 4318 ops, 0 diffs -> PASS)
  differ compatintro (atomic=1 seed=19)                      ok (DIFFER compatintro: 5633 checks, 0 diffs -> PASS (getkeys=1550, config_multi=637, client_rows=240, acl_mutations=396, notify_events=15, silence_controls=5))
  differ aclsel (atomic=1 seed=19)                           ok (DIFFER aclsel: 12619 checks, 0 diffs -> PASS (rejections=4200, unchanged=4200, grants=1400, command_denials=700, key_denials=1400, channel_denials=700))
  differ cmdmeta (atomic=1 seed=19)                          ok (DIFFER cmdmeta: 4202 ops, 0 diffs -> PASS (info=2134, intent=2066, pipes=129, categories=89, docs_boundary=1, zero_controls=2))
  differ s6fix (atomic=1 seed=19)                            ok (DIFFER s6fix: 48456 logical ops, 0 diffs -> PASS)
  differ string (atomic=1 seed=20)                           ok (DIFFER string: 4033 ops, 0 diffs -> PASS)
  differ list (atomic=1 seed=20)                             ok (DIFFER list: 3521 ops, 0 diffs -> PASS)
  differ set (atomic=1 seed=20)                              ok (DIFFER set: 3524 ops, 0 diffs -> PASS)
  differ zset (atomic=1 seed=20)                             ok (DIFFER zset: 3531 ops, 0 diffs -> PASS)
  differ hash (atomic=1 seed=20)                             ok (DIFFER hash: 3545 ops, 0 diffs -> PASS)
  differ hexpire (atomic=1 seed=20)                          ok (DIFFER hexpire: 4288 ops, 0 diffs -> PASS)
  differ edgetime (atomic=1 seed=20)                         ok (DIFFER edgetime: 4426 ops, 0 diffs -> PASS)
  differ xshard (atomic=1 seed=20)                           ok (DIFFER xshard: 4276 ops, 0 diffs -> PASS)
  differ xmove (atomic=1 seed=20)                            ok (DIFFER xmove: 4263 ops, 0 diffs -> PASS)
  differ bitmap (atomic=1 seed=20)                           ok (DIFFER bitmap: 4262 ops, 0 diffs -> PASS)
  differ hll (atomic=1 seed=20)                              ok (DIFFER hll: 3068 ops, 0 diffs -> PASS)
  differ bitfield (atomic=1 seed=20)                         ok (DIFFER bitfield: 3226 ops, 0 diffs -> PASS)
  differ cgaps (atomic=1 seed=20)                            ok (DIFFER cgaps: 3310 ops, 0 diffs -> PASS)
  differ stream (atomic=1 seed=20)                           ok (DIFFER stream: 4031 ops, 0 diffs -> PASS)
  differ script (atomic=1 seed=20)                           ok (DIFFER script: 5062 ops, 0 diffs -> PASS)
  differ streamgrp (atomic=1 seed=20)                        ok (DIFFER streamgrp: 4052 ops, 0 diffs -> PASS)
  differ zsetops (atomic=1 seed=20)                          ok (DIFFER zsetops: 4200 ops, 0 diffs -> PASS)
  differ geo (atomic=1 seed=20)                              ok (DIFFER geo: 4200 ops, 0 diffs -> PASS)
  differ doubles (atomic=1 seed=20)                          ok (DIFFER doubles: 5000 ops, 0 diffs -> PASS)
  differ scan (atomic=1 seed=20)                             ok (DIFFER scan: 4081 ops, 0 diffs -> PASS)
  differ multi (atomic=1 seed=20)                            ok (DIFFER multi: 4189 ops, 0 diffs -> PASS)
  differ edgeenc (atomic=1 seed=20)                          ok (DIFFER edgeenc: 6757 ops, 0 diffs -> PASS)
  differ edgeproto (atomic=1 seed=20)                        ok (DIFFER edgeproto: 5200 ops, 0 diffs -> PASS)
  differ cmdgap (atomic=1 seed=20)                           ok (DIFFER cmdgap: 4213 ops, 0 diffs -> PASS)
  differ cmdgap2 (atomic=1 seed=20)                          ok (DIFFER cmdgap2: 4241 ops, 0 diffs -> PASS)
  differ sort (atomic=1 seed=20)                             SKIP (suite requires the split 6:2 geometry)
  differ servertail (atomic=1 seed=20)                       ok (DIFFER servertail: 5339 ops, 0 diffs -> PASS)
  differ arity (atomic=1 seed=20)                            ok (DIFFER arity: 4200 ops, 0 diffs -> PASS)
  differ storeorder (atomic=1 seed=20)                       ok (DIFFER storeorder: 4600 ops, 0 diffs -> PASS)
  differ infofix (atomic=1 seed=20)                          ok (DIFFER infofix: 4200 ops, 0 diffs -> PASS)
  differ blocking (atomic=1 seed=20)                         ok (DIFFER blocking: 5259 logical ops, 5320 checks, 0 diffs -> PASS)
  differ pubsub (atomic=1 seed=20)                           ok (DIFFER pubsub: 4198 logical ops, 25960 checks, 0 diffs -> PASS)
  differ fanout (atomic=1 seed=20)                           ok (DIFFER fanout: 10363 checks, 0 diffs -> PASS)
  differ spubsub (atomic=1 seed=20)                          ok (DIFFER spubsub: 786 checks, 0 diffs -> PASS)
  differ notify (atomic=1 seed=20)                           ok (DIFFER notify: 331 ops, 463 events, 0 diffs -> PASS)
  differ wiredump (atomic=1 seed=20)                         ok (DIFFER wiredump: 4200 ops, 0 diffs -> PASS)
  differ climon (atomic=1 seed=20)                           ok (DIFFER climon: 4318 ops, 0 diffs -> PASS)
  differ compatintro (atomic=1 seed=20)                      ok (DIFFER compatintro: 5586 checks, 0 diffs -> PASS (getkeys=1550, config_multi=604, client_rows=258, acl_mutations=409, notify_events=15, silence_controls=5))
  differ aclsel (atomic=1 seed=20)                           ok (DIFFER aclsel: 12619 checks, 0 diffs -> PASS (rejections=4200, unchanged=4200, grants=1400, command_denials=700, key_denials=1400, channel_denials=700))
  differ cmdmeta (atomic=1 seed=20)                          ok (DIFFER cmdmeta: 4202 ops, 0 diffs -> PASS (info=2083, intent=2117, pipes=129, categories=89, docs_boundary=1, zero_controls=2))
  differ s6fix (atomic=1 seed=20)                            ok (DIFFER s6fix: 48456 logical ops, 0 diffs -> PASS)
  differ string (atomic=1 seed=23)                           ok (DIFFER string: 4033 ops, 0 diffs -> PASS)
  differ list (atomic=1 seed=23)                             ok (DIFFER list: 3521 ops, 0 diffs -> PASS)
  differ set (atomic=1 seed=23)                              ok (DIFFER set: 3524 ops, 0 diffs -> PASS)
  differ zset (atomic=1 seed=23)                             ok (DIFFER zset: 3531 ops, 0 diffs -> PASS)
  differ hash (atomic=1 seed=23)                             ok (DIFFER hash: 3545 ops, 0 diffs -> PASS)
  differ hexpire (atomic=1 seed=23)                          ok (DIFFER hexpire: 4288 ops, 0 diffs -> PASS)
  differ edgetime (atomic=1 seed=23)                         ok (DIFFER edgetime: 4426 ops, 0 diffs -> PASS)
  differ xshard (atomic=1 seed=23)                           ok (DIFFER xshard: 4276 ops, 0 diffs -> PASS)
  differ xmove (atomic=1 seed=23)                            ok (DIFFER xmove: 4263 ops, 0 diffs -> PASS)
  differ bitmap (atomic=1 seed=23)                           ok (DIFFER bitmap: 4262 ops, 0 diffs -> PASS)
  differ hll (atomic=1 seed=23)                              ok (DIFFER hll: 3071 ops, 0 diffs -> PASS)
  differ bitfield (atomic=1 seed=23)                         ok (DIFFER bitfield: 3226 ops, 0 diffs -> PASS)
  differ cgaps (atomic=1 seed=23)                            ok (DIFFER cgaps: 3310 ops, 0 diffs -> PASS)
  differ stream (atomic=1 seed=23)                           ok (DIFFER stream: 4031 ops, 0 diffs -> PASS)
  differ script (atomic=1 seed=23)                           ok (DIFFER script: 5048 ops, 0 diffs -> PASS)
  differ streamgrp (atomic=1 seed=23)                        ok (DIFFER streamgrp: 4052 ops, 0 diffs -> PASS)
  differ zsetops (atomic=1 seed=23)                          ok (DIFFER zsetops: 4200 ops, 0 diffs -> PASS)
  differ geo (atomic=1 seed=23)                              ok (DIFFER geo: 4200 ops, 0 diffs -> PASS)
  differ doubles (atomic=1 seed=23)                          ok (DIFFER doubles: 5000 ops, 0 diffs -> PASS)
  differ scan (atomic=1 seed=23)                             ok (DIFFER scan: 4081 ops, 0 diffs -> PASS)
  differ multi (atomic=1 seed=23)                            ok (DIFFER multi: 4212 ops, 0 diffs -> PASS)
  differ edgeenc (atomic=1 seed=23)                          ok (DIFFER edgeenc: 6757 ops, 0 diffs -> PASS)
  differ edgeproto (atomic=1 seed=23)                        ok (DIFFER edgeproto: 5200 ops, 0 diffs -> PASS)
  differ cmdgap (atomic=1 seed=23)                           ok (DIFFER cmdgap: 4213 ops, 0 diffs -> PASS)
  differ cmdgap2 (atomic=1 seed=23)                          ok (DIFFER cmdgap2: 4241 ops, 0 diffs -> PASS)
  differ sort (atomic=1 seed=23)                             SKIP (suite requires the split 6:2 geometry)
  differ servertail (atomic=1 seed=23)                       ok (DIFFER servertail: 5339 ops, 0 diffs -> PASS)
  differ arity (atomic=1 seed=23)                            ok (DIFFER arity: 4200 ops, 0 diffs -> PASS)
  differ storeorder (atomic=1 seed=23)                       ok (DIFFER storeorder: 4600 ops, 0 diffs -> PASS)
  differ infofix (atomic=1 seed=23)                          ok (DIFFER infofix: 4200 ops, 0 diffs -> PASS)
  differ blocking (atomic=1 seed=23)                         ok (DIFFER blocking: 5294 logical ops, 5355 checks, 0 diffs -> PASS)
  differ pubsub (atomic=1 seed=23)                           ok (DIFFER pubsub: 4198 logical ops, 26605 checks, 0 diffs -> PASS)
  differ fanout (atomic=1 seed=23)                           ok (DIFFER fanout: 10420 checks, 0 diffs -> PASS)
  differ spubsub (atomic=1 seed=23)                          ok (DIFFER spubsub: 822 checks, 0 diffs -> PASS)
  differ notify (atomic=1 seed=23)                           ok (DIFFER notify: 327 ops, 451 events, 0 diffs -> PASS)
  differ wiredump (atomic=1 seed=23)                         ok (DIFFER wiredump: 4200 ops, 0 diffs -> PASS)
  differ climon (atomic=1 seed=23)                           ok (DIFFER climon: 4318 ops, 0 diffs -> PASS)
  differ compatintro (atomic=1 seed=23)                      ok (DIFFER compatintro: 5579 checks, 0 diffs -> PASS (getkeys=1550, config_multi=608, client_rows=224, acl_mutations=407, notify_events=15, silence_controls=5))
  differ aclsel (atomic=1 seed=23)                           ok (DIFFER aclsel: 12619 checks, 0 diffs -> PASS (rejections=4200, unchanged=4200, grants=1400, command_denials=700, key_denials=1400, channel_denials=700))
  differ cmdmeta (atomic=1 seed=23)                          ok (DIFFER cmdmeta: 4202 ops, 0 diffs -> PASS (info=2100, intent=2100, pipes=129, categories=89, docs_boundary=1, zero_controls=2))
  differ s6fix (atomic=1 seed=23)                            ok (DIFFER s6fix: 48456 logical ops, 0 diffs -> PASS)
  differ string (atomic=1 seed=22)                           ok (DIFFER string: 4033 ops, 0 diffs -> PASS)
  differ list (atomic=1 seed=22)                             ok (DIFFER list: 3521 ops, 0 diffs -> PASS)
  differ set (atomic=1 seed=22)                              ok (DIFFER set: 3524 ops, 0 diffs -> PASS)
  differ zset (atomic=1 seed=22)                             ok (DIFFER zset: 3531 ops, 0 diffs -> PASS)
  differ hash (atomic=1 seed=22)                             ok (DIFFER hash: 3545 ops, 0 diffs -> PASS)
  differ hexpire (atomic=1 seed=22)                          ok (DIFFER hexpire: 4288 ops, 0 diffs -> PASS)
  differ edgetime (atomic=1 seed=22)                         ok (DIFFER edgetime: 4426 ops, 0 diffs -> PASS)
  differ xshard (atomic=1 seed=22)                           ok (DIFFER xshard: 4276 ops, 0 diffs -> PASS)
  differ xmove (atomic=1 seed=22)                            ok (DIFFER xmove: 4263 ops, 0 diffs -> PASS)
  differ bitmap (atomic=1 seed=22)                           ok (DIFFER bitmap: 4262 ops, 0 diffs -> PASS)
  differ hll (atomic=1 seed=22)                              ok (DIFFER hll: 3010 ops, 0 diffs -> PASS)
  differ bitfield (atomic=1 seed=22)                         ok (DIFFER bitfield: 3226 ops, 0 diffs -> PASS)
  differ cgaps (atomic=1 seed=22)                            ok (DIFFER cgaps: 3310 ops, 0 diffs -> PASS)
  differ stream (atomic=1 seed=22)                           ok (DIFFER stream: 4031 ops, 0 diffs -> PASS)
  differ script (atomic=1 seed=22)                           ok (DIFFER script: 5043 ops, 0 diffs -> PASS)
  differ streamgrp (atomic=1 seed=22)                        ok (DIFFER streamgrp: 4052 ops, 0 diffs -> PASS)
  differ zsetops (atomic=1 seed=22)                          ok (DIFFER zsetops: 4200 ops, 0 diffs -> PASS)
  differ geo (atomic=1 seed=22)                              ok (DIFFER geo: 4200 ops, 0 diffs -> PASS)
  differ doubles (atomic=1 seed=22)                          ok (DIFFER doubles: 5000 ops, 0 diffs -> PASS)
  differ scan (atomic=1 seed=22)                             ok (DIFFER scan: 4081 ops, 0 diffs -> PASS)
  differ multi (atomic=1 seed=22)                            ok (DIFFER multi: 4223 ops, 0 diffs -> PASS)
  differ edgeenc (atomic=1 seed=22)                          ok (DIFFER edgeenc: 6757 ops, 0 diffs -> PASS)
  differ edgeproto (atomic=1 seed=22)                        ok (DIFFER edgeproto: 5200 ops, 0 diffs -> PASS)
  differ cmdgap (atomic=1 seed=22)                           ok (DIFFER cmdgap: 4213 ops, 0 diffs -> PASS)
  differ cmdgap2 (atomic=1 seed=22)                          ok (DIFFER cmdgap2: 4241 ops, 0 diffs -> PASS)
  differ sort (atomic=1 seed=22)                             SKIP (suite requires the split 6:2 geometry)
  differ servertail (atomic=1 seed=22)                       ok (DIFFER servertail: 5339 ops, 0 diffs -> PASS)
  differ arity (atomic=1 seed=22)                            ok (DIFFER arity: 4200 ops, 0 diffs -> PASS)
  differ storeorder (atomic=1 seed=22)                       ok (DIFFER storeorder: 4600 ops, 0 diffs -> PASS)
  differ infofix (atomic=1 seed=22)                          ok (DIFFER infofix: 4200 ops, 0 diffs -> PASS)
  differ blocking (atomic=1 seed=22)                         ok (DIFFER blocking: 5281 logical ops, 5342 checks, 0 diffs -> PASS)
  differ pubsub (atomic=1 seed=22)                           ok (DIFFER pubsub: 4198 logical ops, 25300 checks, 0 diffs -> PASS)
  differ fanout (atomic=1 seed=22)                           ok (DIFFER fanout: 13883 checks, 0 diffs -> PASS)
  differ spubsub (atomic=1 seed=22)                          ok (DIFFER spubsub: 797 checks, 0 diffs -> PASS)
  differ notify (atomic=1 seed=22)                           ok (DIFFER notify: 330 ops, 452 events, 0 diffs -> PASS)
  differ wiredump (atomic=1 seed=22)                         ok (DIFFER wiredump: 4200 ops, 0 diffs -> PASS)
  differ climon (atomic=1 seed=22)                           ok (DIFFER climon: 4318 ops, 0 diffs -> PASS)
  differ compatintro (atomic=1 seed=22)                      ok (DIFFER compatintro: 5595 checks, 0 diffs -> PASS (getkeys=1550, config_multi=617, client_rows=244, acl_mutations=399, notify_events=15, silence_controls=5))
  differ aclsel (atomic=1 seed=22)                           ok (DIFFER aclsel: 12619 checks, 0 diffs -> PASS (rejections=4200, unchanged=4200, grants=1400, command_denials=700, key_denials=1400, channel_denials=700))
  differ cmdmeta (atomic=1 seed=22)                          ok (DIFFER cmdmeta: 4202 ops, 0 diffs -> PASS (info=2093, intent=2107, pipes=129, categories=89, docs_boundary=1, zero_controls=2))
  differ s6fix (atomic=1 seed=22)                            ok (DIFFER s6fix: 48456 logical ops, 0 diffs -> PASS)
  differ string (atomic=1 seed=37)                           ok (DIFFER string: 4033 ops, 0 diffs -> PASS)
  differ list (atomic=1 seed=37)                             ok (DIFFER list: 3521 ops, 0 diffs -> PASS)
  differ set (atomic=1 seed=37)                              ok (DIFFER set: 3524 ops, 0 diffs -> PASS)
  differ zset (atomic=1 seed=37)                             ok (DIFFER zset: 3531 ops, 0 diffs -> PASS)
  differ hash (atomic=1 seed=37)                             ok (DIFFER hash: 3545 ops, 0 diffs -> PASS)
  differ hexpire (atomic=1 seed=37)                          ok (DIFFER hexpire: 4288 ops, 0 diffs -> PASS)
  differ edgetime (atomic=1 seed=37)                         ok (DIFFER edgetime: 4426 ops, 0 diffs -> PASS)
  differ xshard (atomic=1 seed=37)                           ok (DIFFER xshard: 4276 ops, 0 diffs -> PASS)
  differ xmove (atomic=1 seed=37)                            ok (DIFFER xmove: 4263 ops, 0 diffs -> PASS)
  differ bitmap (atomic=1 seed=37)                           ok (DIFFER bitmap: 4262 ops, 0 diffs -> PASS)
  differ hll (atomic=1 seed=37)                              ok (DIFFER hll: 3038 ops, 0 diffs -> PASS)
  differ bitfield (atomic=1 seed=37)                         ok (DIFFER bitfield: 3226 ops, 0 diffs -> PASS)
  differ cgaps (atomic=1 seed=37)                            ok (DIFFER cgaps: 3310 ops, 0 diffs -> PASS)
  differ stream (atomic=1 seed=37)                           ok (DIFFER stream: 4031 ops, 0 diffs -> PASS)
  differ script (atomic=1 seed=37)                           ok (DIFFER script: 5049 ops, 0 diffs -> PASS)
  differ streamgrp (atomic=1 seed=37)                        ok (DIFFER streamgrp: 4052 ops, 0 diffs -> PASS)
  differ zsetops (atomic=1 seed=37)                          ok (DIFFER zsetops: 4200 ops, 0 diffs -> PASS)
  differ geo (atomic=1 seed=37)                              ok (DIFFER geo: 4200 ops, 0 diffs -> PASS)
  differ doubles (atomic=1 seed=37)                          ok (DIFFER doubles: 5000 ops, 0 diffs -> PASS)
  differ scan (atomic=1 seed=37)                             ok (DIFFER scan: 4081 ops, 0 diffs -> PASS)
  differ multi (atomic=1 seed=37)                            ok (DIFFER multi: 4193 ops, 0 diffs -> PASS)
  differ edgeenc (atomic=1 seed=37)                          ok (DIFFER edgeenc: 6757 ops, 0 diffs -> PASS)
  differ edgeproto (atomic=1 seed=37)                        ok (DIFFER edgeproto: 5200 ops, 0 diffs -> PASS)
  differ cmdgap (atomic=1 seed=37)                           ok (DIFFER cmdgap: 4213 ops, 0 diffs -> PASS)
  differ cmdgap2 (atomic=1 seed=37)                          ok (DIFFER cmdgap2: 4241 ops, 0 diffs -> PASS)
  differ sort (atomic=1 seed=37)                             SKIP (suite requires the split 6:2 geometry)
  differ servertail (atomic=1 seed=37)                       ok (DIFFER servertail: 5339 ops, 0 diffs -> PASS)
  differ arity (atomic=1 seed=37)                            ok (DIFFER arity: 4200 ops, 0 diffs -> PASS)
  differ storeorder (atomic=1 seed=37)                       ok (DIFFER storeorder: 4600 ops, 0 diffs -> PASS)
  differ infofix (atomic=1 seed=37)                          ok (DIFFER infofix: 4200 ops, 0 diffs -> PASS)
  differ blocking (atomic=1 seed=37)                         ok (DIFFER blocking: 5316 logical ops, 5377 checks, 0 diffs -> PASS)
  differ pubsub (atomic=1 seed=37)                           ok (DIFFER pubsub: 4198 logical ops, 25326 checks, 0 diffs -> PASS)
  differ fanout (atomic=1 seed=37)                           ok (DIFFER fanout: 12949 checks, 0 diffs -> PASS)
  differ spubsub (atomic=1 seed=37)                          ok (DIFFER spubsub: 803 checks, 0 diffs -> PASS)
  differ notify (atomic=1 seed=37)                           ok (DIFFER notify: 346 ops, 461 events, 0 diffs -> PASS)
  differ wiredump (atomic=1 seed=37)                         ok (DIFFER wiredump: 4200 ops, 0 diffs -> PASS)
  differ climon (atomic=1 seed=37)                           ok (DIFFER climon: 4318 ops, 0 diffs -> PASS)
  differ compatintro (atomic=1 seed=37)                      ok (DIFFER compatintro: 5603 checks, 0 diffs -> PASS (getkeys=1550, config_multi=650, client_rows=246, acl_mutations=402, notify_events=15, silence_controls=5))
  differ aclsel (atomic=1 seed=37)                           ok (DIFFER aclsel: 12619 checks, 0 diffs -> PASS (rejections=4200, unchanged=4200, grants=1400, command_denials=700, key_denials=1400, channel_denials=700))
  differ cmdmeta (atomic=1 seed=37)                          ok (DIFFER cmdmeta: 4202 ops, 0 diffs -> PASS (info=2044, intent=2156, pipes=129, categories=89, docs_boundary=1, zero_controls=2))
  differ s6fix (atomic=1 seed=37)                            ok (DIFFER s6fix: 48456 logical ops, 0 diffs -> PASS)
  differ multi (atomic=1 seed=19 rep 1)                      ok (DIFFER multi: 4257 ops, 0 diffs -> PASS)
  differ multi (atomic=1 seed=19 rep 2)                      ok (DIFFER multi: 4257 ops, 0 diffs -> PASS)
  differ multi (atomic=1 seed=19 rep 3)                      ok (DIFFER multi: 4257 ops, 0 diffs -> PASS)
  differ multi (atomic=1 seed=19 rep 4)                      ok (DIFFER multi: 4257 ops, 0 diffs -> PASS)
  read-local lane fired (atomic=1)                           ok (hits=1021 fallbacks=1215)
  target atomic=1 stop                                       ok (port 7908 free)
  oracle stop                                                ok (port 7909 free)
DIFFER COMMAND COVERAGE: diffed 222 of 243 registered commands (1041457 recorded comparison witnesses, 244 legs)
  not observed in compared replies/properties: AUTH, BGREWRITEAOF, BGSAVE, DBSIZE, FLIP, FLUSHALL, FLUSHDB, HELLO, INFO, LOLWUT, MONITOR, QUIT, REPLICAOF, SAVE, SELECT, SHUTDOWN, SLAVEOF, TIME, UNWATCH, WATCH, ZREVRANGE
DIFFER GATE: pass=245 fail=0 runtime=8m55s
  Redis 7.4 differential part (armed fused, atomic 1)  ok
  Redis 7.4 differential matrix (armed fused + read-local) ok (535.655825s across concurrent children)
  row budget: 30s; median=2.05s; own-row-history; glob/scan grammar parity vs Redis 7.4
  glob/scan grammar parity vs Redis 7.4                ok
  row budget: 43200s; median=-s; abba-full-matrix-not-history; headline ABBA vs last pushed binary
  UNPINNED, searching their ladders (slower; re-pin with --calibrate): h01,h07,h11,h15,h17,h23,h27,h31,m47,m92,t01,t02,t03,t04,t05,t06
REFERENCE gate_measurements.json a363c2c5e1f16e98db18e15dd427502093f99f7c sha256=93217be3502f808ab2c0882bc046b650dcd9d11db50ef36b0318ab92fe8737f8
CANDIDATE /home/user/Projects/cx-final/build/tomokv sha256=354838d3debf89983f4aac88561da281aee866b863cc58f3d7dd3b5b8b528cbe
GEOMETRY server=0-31 (32 physical cores) server-smt=(reserved) (32 threads) load=32-111 load-smt=160-239 port=7899 allowed=7899-7998; Cell connections are TOTAL, shared across load instances. Split uses reviewed ratio 16:16, flip=0.
  h01 UNPINNED: searching load ladder 1,2,4,8,12,16; record the validated pin
  h01 n=1 1:A boot/populate/20s
    11.22919M/s legacy-busy=63.454% productive-role=76.162% CPU=81.584% latency=1.43600ms
  h01 n=1 2:B boot/populate/20s
    11.30767M/s legacy-busy=60.142% productive-role=73.717% CPU=79.577% latency=1.42600ms
  h01 n=1 3:B boot/populate/20s
    11.20663M/s legacy-busy=59.946% productive-role=73.648% CPU=79.489% latency=1.43900ms
  h01 n=1 4:A boot/populate/20s
    11.30057M/s legacy-busy=63.075% productive-role=75.771% CPU=81.173% latency=1.42800ms
h01 A=11.229193,11.300567 B=11.307669,11.206625 Mops/s paired=-0.0686% spread A/B=0.6336/0.8976% threshold=0.6336% legacy-busy(ABBA)=63.454,60.142,59.946,63.075% productive-role(ABBA)=76.162,73.717,73.648,75.771% instances=1 FAIL
  load floor=None (UNPROVEN, lowest TESTED qualifying rung); confirmation=None numerical peak=1; generator headroom UNPROVEN
  FAIL: no lowest tested load rung has valid saturation and higher-capacity plateau confirmation
  FAIL: n=1: server below the 95% productive-role floor in some ABBA run
  FAIL: n=1: no higher-instance confirmation block
  h01 n=2 1:A boot/populate/20s
    22.05594M/s legacy-busy=99.973% productive-role=99.982% CPU=99.985% latency=0.73291ms
  h01 n=2 2:B boot/populate/20s
    22.24741M/s legacy-busy=99.967% productive-role=99.976% CPU=99.978% latency=0.72650ms
  h01 n=2 3:B boot/populate/20s
    22.21077M/s legacy-busy=99.965% productive-role=99.975% CPU=99.977% latency=0.72800ms
  h01 n=2 4:A boot/populate/20s
    21.99827M/s legacy-busy=99.974% productive-role=99.979% CPU=99.981% latency=0.73550ms
h01 A=22.055939,21.998271 B=22.247411,22.210773 Mops/s paired=+0.9170% spread A/B=0.2618/0.1648% threshold=0.3225% legacy-busy(ABBA)=99.973,99.967,99.965,99.974% productive-role(ABBA)=99.982,99.976,99.975,99.979% instances=2 FAIL
  load floor=None (UNPROVEN, lowest TESTED qualifying rung); confirmation=None numerical peak=2; generator headroom UNPROVEN
  FAIL: no lowest tested load rung has valid saturation and higher-capacity plateau confirmation
  FAIL: n=1: server below the 95% productive-role floor in some ABBA run
  FAIL: n=1: reference still gains beyond its measured repeatability
  FAIL: n=1: candidate still gains beyond its measured repeatability
  FAIL: n=2: no higher-instance confirmation block
  h01 n=4 1:A boot/populate/20s
    22.63031M/s legacy-busy=99.995% productive-role=99.990% CPU=99.989% latency=0.71856ms
  h01 n=4 2:B boot/populate/20s
    23.78516M/s legacy-busy=99.993% productive-role=99.987% CPU=99.988% latency=0.68292ms
  h01 n=4 3:B boot/populate/20s
    23.82616M/s legacy-busy=99.995% productive-role=99.991% CPU=99.994% latency=0.68188ms
  h01 n=4 4:A boot/populate/20s
    22.74266M/s legacy-busy=99.971% productive-role=99.978% CPU=99.983% latency=0.71485ms
h01 A=22.630314,22.742663 B=23.785161,23.826162 Mops/s paired=+4.9332% spread A/B=0.4952/0.1722% threshold=0.4952% legacy-busy(ABBA)=99.995,99.993,99.995,99.971% productive-role(ABBA)=99.990,99.987,99.991,99.978% instances=4 FAIL
  load floor=None (UNPROVEN, lowest TESTED qualifying rung); confirmation=None numerical peak=4; generator headroom UNPROVEN
  FAIL: no lowest tested load rung has valid saturation and higher-capacity plateau confirmation
  FAIL: n=1: server below the 95% productive-role floor in some ABBA run
  FAIL: n=1: reference still gains beyond its measured repeatability
  FAIL: n=1: candidate still gains beyond its measured repeatability
  FAIL: n=2: reference still gains beyond its measured repeatability
  FAIL: n=2: candidate still gains beyond its measured repeatability
  FAIL: n=4: no higher-instance confirmation block
  h01 n=8 1:A boot/populate/20s
    22.69959M/s legacy-busy=99.996% productive-role=99.993% CPU=99.993% latency=0.71691ms
  h01 n=8 2:B boot/populate/20s
    23.89777M/s legacy-busy=99.996% productive-role=99.989% CPU=99.989% latency=0.68021ms
  h01 n=8 3:B boot/populate/20s
    23.85236M/s legacy-busy=99.995% productive-role=99.990% CPU=99.992% latency=0.68151ms
  h01 n=8 4:A boot/populate/20s
    22.79056M/s legacy-busy=99.997% productive-role=99.991% CPU=99.992% latency=0.71400ms
h01 A=22.699591,22.790558 B=23.897772,23.852363 Mops/s paired=+4.9681% spread A/B=0.3999/0.1902% threshold=0.3999% legacy-busy(ABBA)=99.996,99.996,99.995,99.997% productive-role(ABBA)=99.993,99.989,99.990,99.991% instances=8 FAIL
  load floor=None (UNPROVEN, lowest TESTED qualifying rung); confirmation=None numerical peak=8; generator headroom UNPROVEN
  FAIL: no lowest tested load rung has valid saturation and higher-capacity plateau confirmation
  FAIL: n=1: server below the 95% productive-role floor in some ABBA run
  FAIL: n=1: reference still gains beyond its measured repeatability
  FAIL: n=1: candidate still gains beyond its measured repeatability
  FAIL: n=2: reference still gains beyond its measured repeatability
  FAIL: n=2: candidate still gains beyond its measured repeatability
  FAIL: n=4: candidate still gains beyond its measured repeatability
  FAIL: n=8: no higher-instance confirmation block
  h01 n=12 1:A boot/populate/20s
    22.94534M/s legacy-busy=99.997% productive-role=99.994% CPU=99.992% latency=0.70956ms
  h01 n=12 2:B boot/populate/20s
    23.78284M/s legacy-busy=99.991% productive-role=99.992% CPU=99.992% latency=0.68434ms
  h01 n=12 3:B boot/populate/20s
    23.96265M/s legacy-busy=99.995% productive-role=99.994% CPU=99.996% latency=0.67928ms
  h01 n=12 4:A boot/populate/20s
    22.87643M/s legacy-busy=99.985% productive-role=99.988% CPU=99.988% latency=0.71147ms
h01 A=22.699591,22.790558 B=23.897772,23.852363 Mops/s paired=+4.9681% spread A/B=0.3999/0.1902% threshold=0.3999% legacy-busy(ABBA)=99.996,99.996,99.995,99.997% productive-role(ABBA)=99.993,99.989,99.990,99.991% instances=8 FAIL
  load floor=None (UNPROVEN, lowest TESTED qualifying rung); confirmation=None numerical peak=8; generator headroom UNPROVEN
  FAIL: no lowest tested load rung has valid saturation and higher-capacity plateau confirmation
  FAIL: n=1: server below the 95% productive-role floor in some ABBA run
  FAIL: n=1: reference still gains beyond its measured repeatability
  FAIL: n=1: candidate still gains beyond its measured repeatability
  FAIL: n=2: reference still gains beyond its measured repeatability
  FAIL: n=2: candidate still gains beyond its measured repeatability
  FAIL: n=4: candidate still gains beyond its measured repeatability
  FAIL: n=8: higher instance count did not increase generator worker capacity
  FAIL: n=8: reference still gains beyond its measured repeatability
  FAIL: n=12: no higher-instance confirmation block
  h01 n=16 1:A boot/populate/20s
    22.83497M/s legacy-busy=99.997% productive-role=99.990% CPU=99.990% latency=0.71293ms
  h01 n=16 2:B boot/populate/20s
    23.89589M/s legacy-busy=99.990% productive-role=99.990% CPU=99.990% latency=0.68086ms
  h01 n=16 3:B boot/populate/20s
    23.88147M/s legacy-busy=99.995% productive-role=99.989% CPU=99.989% latency=0.68128ms
  h01 n=16 4:A boot/populate/20s
    22.86105M/s legacy-busy=99.997% productive-role=99.991% CPU=99.991% latency=0.71177ms
h01 A=22.945336,22.876433 B=23.782841,23.962651 Mops/s paired=+4.1983% spread A/B=0.3007/0.7532% threshold=0.3225% legacy-busy(ABBA)=99.997,99.991,99.995,99.985% productive-role(ABBA)=99.994,99.992,99.994,99.988% instances=12 PASS
  load floor=12 (CONFIRMED, lowest TESTED qualifying rung); confirmation=16 numerical peak=16; generator headroom UNPROVEN
  workers 96 -> 128; per-arm gains={'reference': -0.2744185394401022, 'candidate': 0.0667376096597394} repeatability={'reference': 0.3007426893144043, 'candidate': 0.7532029063678963} shape=plateau
  h07 UNPINNED: searching load ladder 1,2,4,8,12,16; record the validated pin
  h07 n=1 1:A boot/populate/20s
    11.37827M/s legacy-busy=66.487% productive-role=77.666% CPU=83.135% latency=1.41500ms
  h07 n=1 2:B boot/populate/20s
    11.50856M/s legacy-busy=62.709% productive-role=74.878% CPU=81.027% latency=1.40300ms
  h07 n=1 3:B boot/populate/20s
    11.45449M/s legacy-busy=64.177% productive-role=76.092% CPU=82.139% latency=1.40800ms
  h07 n=1 4:A boot/populate/20s
    11.29439M/s legacy-busy=66.122% productive-role=77.477% CPU=83.011% latency=1.42900ms
h07 A=11.378269,11.294391 B=11.508560,11.454491 Mops/s paired=+1.2808% spread A/B=0.7399/0.4709% threshold=0.7399% legacy-busy(ABBA)=66.487,62.709,64.177,66.122% productive-role(ABBA)=77.666,74.878,76.092,77.477% instances=1 FAIL
  load floor=None (UNPROVEN, lowest TESTED qualifying rung); confirmation=None numerical peak=1; generator headroom UNPROVEN
  FAIL: no lowest tested load rung has valid saturation and higher-capacity plateau confirmation
  FAIL: n=1: server below the 95% productive-role floor in some ABBA run
  FAIL: n=1: no higher-instance confirmation block
  h07 n=2 1:A boot/populate/20s
    19.46958M/s legacy-busy=99.978% productive-role=99.984% CPU=99.987% latency=0.83498ms
  h07 n=2 2:B boot/populate/20s
    19.68991M/s legacy-busy=99.958% productive-role=99.974% CPU=99.980% latency=0.82600ms
  h07 n=2 3:B boot/populate/20s
    19.70455M/s legacy-busy=99.973% productive-role=99.983% CPU=99.985% latency=0.82498ms
  h07 n=2 4:A boot/populate/20s
    19.48133M/s legacy-busy=99.982% productive-role=99.986% CPU=99.986% latency=0.83443ms
h07 A=19.469581,19.481328 B=19.689913,19.704549 Mops/s paired=+1.1387% spread A/B=0.0603/0.0743% threshold=0.2586% legacy-busy(ABBA)=99.978,99.958,99.973,99.982% productive-role(ABBA)=99.984,99.974,99.983,99.986% instances=2 FAIL
  load floor=None (UNPROVEN, lowest TESTED qualifying rung); confirmation=None numerical peak=2; generator headroom UNPROVEN
  FAIL: no lowest tested load rung has valid saturation and higher-capacity plateau confirmation
  FAIL: n=1: server below the 95% productive-role floor in some ABBA run
  FAIL: n=1: reference still gains beyond its measured repeatability
  FAIL: n=1: candidate still gains beyond its measured repeatability
  FAIL: n=2: no higher-instance confirmation block
  h07 n=4 1:A boot/populate/20s
    20.10437M/s legacy-busy=99.963% productive-role=99.974% CPU=99.979% latency=0.81110ms
  h07 n=4 2:B boot/populate/20s
    20.47202M/s legacy-busy=99.813% productive-role=99.881% CPU=99.894% latency=0.79608ms
  h07 n=4 3:B boot/populate/20s
    20.50520M/s legacy-busy=99.984% productive-role=99.986% CPU=99.990% latency=0.79539ms
  h07 n=4 4:A boot/populate/20s
    19.84059M/s legacy-busy=99.808% productive-role=99.878% CPU=99.890% latency=0.82175ms
h07 A=20.104373,19.840592 B=20.472017,20.505200 Mops/s paired=+2.5842% spread A/B=1.3207/0.1620% threshold=1.3207% legacy-busy(ABBA)=99.963,99.813,99.984,99.808% productive-role(ABBA)=99.974,99.881,99.986,99.878% instances=4 FAIL
  load floor=None (UNPROVEN, lowest TESTED qualifying rung); confirmation=None numerical peak=4; generator headroom UNPROVEN
  FAIL: no lowest tested load rung has valid saturation and higher-capacity plateau confirmation
  FAIL: n=1: server below the 95% productive-role floor in some ABBA run
  FAIL: n=1: reference still gains beyond its measured repeatability
  FAIL: n=1: candidate still gains beyond its measured repeatability
  FAIL: n=2: reference still gains beyond its measured repeatability
  FAIL: n=2: candidate still gains beyond its measured repeatability
  FAIL: n=4: no higher-instance confirmation block
  h07 n=8 1:A boot/populate/20s
    19.39335M/s legacy-busy=99.971% productive-role=99.979% CPU=99.983% latency=0.84082ms
  h07 n=8 2:B boot/populate/20s
    20.54756M/s legacy-busy=99.997% productive-role=99.994% CPU=99.994% latency=0.79319ms
  h07 n=8 3:B boot/populate/20s
    20.40939M/s legacy-busy=99.996% productive-role=99.993% CPU=99.993% latency=0.79916ms
  h07 n=8 4:A boot/populate/20s
    19.99608M/s legacy-busy=99.997% productive-role=99.993% CPU=99.995% latency=0.81509ms
h07 A=20.104373,19.840592 B=20.472017,20.505200 Mops/s paired=+2.5842% spread A/B=1.3207/0.1620% threshold=1.3207% legacy-busy(ABBA)=99.963,99.813,99.984,99.808% productive-role(ABBA)=?,?,?,?% instances=4 FAIL
  load floor=None (INVALID, lowest TESTED qualifying rung); confirmation=None numerical peak=4; generator headroom UNPROVEN
  FAIL: measurement n=8: reference rate spread exceeds the project's 2% stability boundary
  FAIL: no lowest tested load rung has valid saturation and higher-capacity plateau confirmation
  FAIL: n=1: server below the 95% productive-role floor in some ABBA run
  FAIL: n=1: reference still gains beyond its measured repeatability
  FAIL: n=1: candidate still gains beyond its measured repeatability
  FAIL: n=2: reference still gains beyond its measured repeatability
  FAIL: n=2: candidate still gains beyond its measured repeatability
  FAIL: n=4: higher-instance confirmation measurement is invalid
  FAIL: n=8: reference rate spread exceeds the project's 2% stability boundary
  FAIL: n=8: no higher-instance confirmation block
  h11 UNPINNED: searching load ladder 1,2,4,8,12,16; record the validated pin
  h11 n=1 1:A boot/populate/20s
    11.97730M/s legacy-busy=11.802% productive-role=19.520% CPU=22.748% latency=1.34400ms
  h11 n=1 2:B boot/populate/20s
    11.95875M/s legacy-busy=12.562% productive-role=20.332% CPU=23.683% latency=1.34500ms
  h11 n=1 3:B boot/populate/20s
    11.94923M/s legacy-busy=12.988% productive-role=20.644% CPU=23.836% latency=1.34700ms
  h11 n=1 4:A boot/populate/20s
    11.95344M/s legacy-busy=11.468% productive-role=19.342% CPU=22.740% latency=1.34600ms
h11 A=11.977298,11.953441 B=11.958746,11.949227 Mops/s paired=-0.0951% spread A/B=0.1994/0.0796% threshold=5.0000% legacy-busy(ABBA)=11.802,12.562,12.988,11.468% productive-role(ABBA)=19.520,20.332,20.644,19.342% instances=1 FAIL
  load floor=None (UNPROVEN, lowest TESTED qualifying rung); confirmation=None numerical peak=1; generator headroom UNPROVEN
  FAIL: no lowest tested load rung has valid saturation and higher-capacity plateau confirmation
  FAIL: n=1: server below the 95% productive-role floor in some ABBA run
  FAIL: n=1: no higher-instance confirmation block
  h11 n=2 1:A boot/populate/20s
    30.16689M/s legacy-busy=34.545% productive-role=49.608% CPU=55.210% latency=0.52746ms
  h11 n=2 2:B boot/populate/20s
    30.60804M/s legacy-busy=38.811% productive-role=53.089% CPU=58.348% latency=0.52049ms
  h11 n=2 3:B boot/populate/20s
    30.06840M/s legacy-busy=38.804% productive-role=52.850% CPU=58.064% latency=0.52946ms
  h11 n=2 4:A boot/populate/20s
    30.45855M/s legacy-busy=37.018% productive-role=51.704% CPU=57.139% latency=0.52277ms
h11 A=30.166889,30.458551 B=30.608037,30.068398 Mops/s paired=+0.0841% spread A/B=0.9622/1.7787% threshold=5.0000% legacy-busy(ABBA)=34.545,38.811,38.804,37.018% productive-role(ABBA)=49.608,53.089,52.850,51.704% instances=2 FAIL
  load floor=None (UNPROVEN, lowest TESTED qualifying rung); confirmation=None numerical peak=2; generator headroom UNPROVEN
  FAIL: no lowest tested load rung has valid saturation and higher-capacity plateau confirmation
  FAIL: n=1: server below the 95% productive-role floor in some ABBA run
  FAIL: n=1: reference still gains beyond its measured repeatability
  FAIL: n=1: candidate still gains beyond its measured repeatability
  FAIL: n=2: server below the 95% productive-role floor in some ABBA run
  FAIL: n=2: no higher-instance confirmation block
  h11 n=4 1:A boot/populate/20s
    55.02908M/s legacy-busy=99.999% productive-role=99.990% CPU=99.992% latency=0.28896ms
  h11 n=4 2:B boot/populate/20s
    53.20398M/s legacy-busy=100.000% productive-role=99.995% CPU=99.996% latency=0.29919ms
  h11 n=4 3:B boot/populate/20s
    54.45476M/s legacy-busy=99.960% productive-role=99.969% CPU=99.979% latency=0.29210ms
  h11 n=4 4:A boot/populate/20s
    55.03867M/s legacy-busy=99.998% productive-role=99.994% CPU=99.994% latency=0.28921ms
h11 A=55.029083,55.038667 B=53.203981,54.454757 Mops/s paired=-2.1887% spread A/B=0.0174/2.3236% threshold=5.0000% legacy-busy(ABBA)=99.999,100.000,99.960,99.998% productive-role(ABBA)=?,?,?,?% instances=4 FAIL
  load floor=None (INVALID, lowest TESTED qualifying rung); confirmation=None numerical peak=4; generator headroom UNPROVEN
  FAIL: measurement n=4: candidate rate spread exceeds the project's 2% stability boundary
  FAIL: no lowest tested load rung has valid saturation and higher-capacity plateau confirmation
  FAIL: n=1: server below the 95% productive-role floor in some ABBA run
  FAIL: n=1: reference still gains beyond its measured repeatability
  FAIL: n=1: candidate still gains beyond its measured repeatability
  FAIL: n=2: server below the 95% productive-role floor in some ABBA run
  FAIL: n=2: higher-instance confirmation measurement is invalid
  FAIL: n=2: reference still gains beyond its measured repeatability
  FAIL: n=2: candidate still gains beyond its measured repeatability
  FAIL: n=4: candidate rate spread exceeds the project's 2% stability boundary
  FAIL: n=4: no higher-instance confirmation block
  h15 UNPINNED: searching load ladder 1,2,4,8,12,16; record the validated pin
  h15 n=1 1:A boot/populate/20s
    12.05291M/s legacy-busy=12.016% productive-role=19.739% CPU=23.045% latency=1.33500ms
  h15 n=1 2:B boot/populate/20s
