GATE(iteration): 16 physical cores; 1 correctness slots = min(8/8 server, 8/2 load), 8 server threads at ratio 6:2 and 3 ports per slot; correctness load is modest protocol traffic (at least 2 physical cores per slot), server SMT reserved; isolated ABBA smoke: 8 server + 8 load physical cores, 0 load SMT threads (explicit selection), 0 explicit server SMT threads
  artifacts: /home/user/Projects/cx-flakeaudit2/build/gate-run.9MPk3h
PARTIAL jobs (including prerequisites): release asan production_units differ-split-0 differ-split-1 differ-armed-0 differ-armed-1 differ-equivalence flipctl feature-split-0 feature-armed-0 feature-split-1 feature-armed-1 debug-0 debug-1 release_batteries acl_recheck notify flip atomic_floor tls fused-0 fused-1 asan_batteries
PARTIAL jobs (including prerequisites): release asan production_units differ-split-0 differ-split-1 differ-armed-0 differ-armed-1 differ-equivalence flipctl feature-split-0 feature-armed-0 feature-split-1 feature-armed-1 debug-0 debug-1 release_batteries acl_recheck notify flip atomic_floor tls fused-0 fused-1 asan_batteries
  row budget: 900s; median=-s; no-history-conservative-default; release build (+footprint locks)
  release build (+footprint locks)                     ok
  row budget: 900s; median=-s; no-history-conservative-default; ASAN build
  ASAN build                                           ok
  row budget: 900s; median=-s; no-history-conservative-default; Redis 7.4 differential part (split, atomic 0)
DIFFER suites (44): string list set zset hash hexpire edgetime xshard xmove bitmap hll bitfield cgaps stream script streamgrp zsetops geo doubles scan multi edgeenc edgeproto cmdgap cmdgap2 sort servertail arity storeorder infofix multidb blocking pubsub fanout spubsub notify wiredump climon compatintro aclsel cmdmeta s6fix ccfix psfix
DIFFER geometry: split (--ratio 6:2)
DIFFER matrix: atomic={0} seeds={7 19 20 23 21} legs=220 logs=/home/user/Projects/cx-flakeaudit2/build/gate-run.9MPk3h/jobs/differ-split-0/differ
  vanilla Redis oracle boot                                  ok (pid=3622294 port=18341)
  oracle identity                                            ok (vanilla redis_version=7.4.10)
  target atomic=0 boot                                       ok (pid=3622319 port=18340)
  differ string (atomic=0 seed=7)                            ok (DIFFER string: 4033 ops, 0 diffs, 166 deadline-bounded TTL checks -> PASS)
  differ list (atomic=0 seed=7)                              ok (DIFFER list: 3521 ops, 0 diffs, 0 deadline-bounded TTL checks -> PASS)
  differ set (atomic=0 seed=7)                               ok (DIFFER set: 3524 ops, 0 diffs, 0 deadline-bounded TTL checks -> PASS)
  differ zset (atomic=0 seed=7)                              ok (DIFFER zset: 3531 ops, 0 diffs, 0 deadline-bounded TTL checks -> PASS)
  differ hash (atomic=0 seed=7)                              ok (DIFFER hash: 3545 ops, 0 diffs, 0 deadline-bounded TTL checks -> PASS)
  differ hexpire (atomic=0 seed=7)                           ok (DIFFER hexpire: 4288 ops, 0 diffs, 299 deadline-bounded TTL checks -> PASS)
  differ edgetime (atomic=0 seed=7)                          ok (DIFFER edgetime: 4427 ops, 0 diffs, 77 deadline-bounded TTL checks -> PASS)
  differ xshard (atomic=0 seed=7)                            ok (DIFFER xshard: 4276 ops, 0 diffs, 0 deadline-bounded TTL checks -> PASS)
  differ xmove (atomic=0 seed=7)                             ok (DIFFER xmove: 4263 ops, 0 diffs, 0 deadline-bounded TTL checks -> PASS)
  differ bitmap (atomic=0 seed=7)                            ok (DIFFER bitmap: 4262 ops, 0 diffs, 0 deadline-bounded TTL checks -> PASS)
  differ hll (atomic=0 seed=7)                               ok (DIFFER hll: 3057 ops, 0 diffs, 0 deadline-bounded TTL checks -> PASS)
  differ bitfield (atomic=0 seed=7)                          ok (DIFFER bitfield: 3226 ops, 0 diffs, 1 deadline-bounded TTL checks -> PASS)
  differ cgaps (atomic=0 seed=7)                             ok (DIFFER cgaps: 3310 ops, 0 diffs, 0 deadline-bounded TTL checks -> PASS)
  differ stream (atomic=0 seed=7)                            ok (DIFFER stream: 4031 ops, 0 diffs, 0 deadline-bounded TTL checks -> PASS)
  differ script (atomic=0 seed=7)                            ok (DIFFER script: 5061 ops, 0 diffs, 0 deadline-bounded TTL checks -> PASS)
  differ streamgrp (atomic=0 seed=7)                         ok (DIFFER streamgrp: 4052 ops, 0 diffs, 0 deadline-bounded TTL checks -> PASS)
  differ zsetops (atomic=0 seed=7)                           ok (DIFFER zsetops: 4200 ops, 0 diffs, 0 deadline-bounded TTL checks -> PASS)
  differ geo (atomic=0 seed=7)                               ok (DIFFER geo: 4951 ops, 0 diffs, 0 deadline-bounded TTL checks -> PASS)
  differ doubles (atomic=0 seed=7)                           ok (DIFFER doubles: 5000 ops, 0 diffs, 0 deadline-bounded TTL checks -> PASS)
  differ scan (atomic=0 seed=7)                              ok (DIFFER scan: 4081 ops, 0 diffs, 0 deadline-bounded TTL checks -> PASS)
  differ multi (atomic=0 seed=7)                             ok (DIFFER multi: 4275 ops, 0 diffs, 0 deadline-bounded TTL checks -> PASS)
  differ edgeenc (atomic=0 seed=7)                           ok (DIFFER edgeenc: 6757 ops, 0 diffs, 0 deadline-bounded TTL checks -> PASS)
  differ edgeproto (atomic=0 seed=7)                         ok (DIFFER edgeproto: 5200 ops, 0 diffs, 0 deadline-bounded TTL checks -> PASS)
  differ cmdgap (atomic=0 seed=7)                            ok (DIFFER cmdgap: 4213 ops, 0 diffs, 0 deadline-bounded TTL checks -> PASS)
  differ cmdgap2 (atomic=0 seed=7)                           ok (DIFFER cmdgap2: 4241 ops, 0 diffs, 0 deadline-bounded TTL checks -> PASS)
  differ sort (atomic=0 seed=7)                              ok (DIFFER sort: 4647 ops, 0 diffs, 0 deadline-bounded TTL checks -> PASS)
  differ servertail (atomic=0 seed=7)                        ok (DIFFER servertail: 5339 ops, 0 diffs, 0 deadline-bounded TTL checks -> PASS)
  differ arity (atomic=0 seed=7)                             ok (DIFFER arity: 4200 ops, 0 diffs, 0 deadline-bounded TTL checks -> PASS)
  differ storeorder (atomic=0 seed=7)                        ok (DIFFER storeorder: 4600 ops, 0 diffs, 0 deadline-bounded TTL checks -> PASS)
  differ infofix (atomic=0 seed=7)                           ok (DIFFER infofix: 4200 ops, 0 diffs, 0 deadline-bounded TTL checks -> PASS)
  differ multidb (atomic=0 seed=7)                           ok (DIFFER multidb: 5419 ops, 0 diffs, 0 deadline-bounded TTL checks -> PASS)
  differ blocking (atomic=0 seed=7)                          ok (DIFFER blocking: 5327 logical ops, 5390 checks, 0 diffs -> PASS)
  differ pubsub (atomic=0 seed=7)                            ok (DIFFER pubsub: 4198 logical ops, 25486 checks, 0 diffs -> PASS)
  differ fanout (atomic=0 seed=7)                            ok (DIFFER fanout: 14237 checks, 0 diffs -> PASS)
  differ spubsub (atomic=0 seed=7)                           ok (DIFFER spubsub: 801 checks, 0 diffs -> PASS)
  differ notify (atomic=0 seed=7)                            ok (DIFFER notify: 345 ops, 470 events, 0 diffs -> PASS)
  differ wiredump (atomic=0 seed=7)                          ok (DIFFER wiredump: 4200 ops, 0 diffs, 789 deadline-bounded TTL checks -> PASS)
  differ climon (atomic=0 seed=7)                            ok (DIFFER climon: 4318 ops, 0 diffs -> PASS)
  differ compatintro (atomic=0 seed=7)                       ok (DIFFER compatintro: 5630 checks, 0 diffs -> PASS (getkeys=1550, config_multi=631, client_rows=262, acl_mutations=401, notify_events=15, silence_controls=5))
  differ aclsel (atomic=0 seed=7)                            ok (DIFFER aclsel: 12619 checks, 0 diffs -> PASS (rejections=4200, unchanged=4200, grants=1400, command_denials=700, key_denials=1400, channel_denials=700))
  differ cmdmeta (atomic=0 seed=7)                           ok (DIFFER cmdmeta: 4475 ops, 0 diffs -> PASS (info=2125, intent=2075, pipes=96, categories=21, docs_boundary=1, zero_controls=2, absent_info_docs=78, patterns=8, module_filters=3))
  differ s6fix (atomic=0 seed=7)                             ok (DIFFER s6fix: 48456 logical ops, 0 diffs -> PASS)
  differ ccfix (atomic=0 seed=7)                             ok (DIFFER ccfix: 210 exact comparisons -> PASS)
  differ psfix (atomic=0 seed=7)                             ok (DIFFER psfix: 27 exact/property checks, 0 diffs -> PASS)
  differ string (atomic=0 seed=19)                           ok (DIFFER string: 4033 ops, 0 diffs, 199 deadline-bounded TTL checks -> PASS)
  differ list (atomic=0 seed=19)                             ok (DIFFER list: 3521 ops, 0 diffs, 0 deadline-bounded TTL checks -> PASS)
  differ set (atomic=0 seed=19)                              ok (DIFFER set: 3524 ops, 0 diffs, 0 deadline-bounded TTL checks -> PASS)
  differ zset (atomic=0 seed=19)                             ok (DIFFER zset: 3531 ops, 0 diffs, 0 deadline-bounded TTL checks -> PASS)
  differ hash (atomic=0 seed=19)                             ok (DIFFER hash: 3545 ops, 0 diffs, 0 deadline-bounded TTL checks -> PASS)
  differ hexpire (atomic=0 seed=19)                          ok (DIFFER hexpire: 4288 ops, 0 diffs, 291 deadline-bounded TTL checks -> PASS)
  differ edgetime (atomic=0 seed=19)                         ok (DIFFER edgetime: 4427 ops, 0 diffs, 73 deadline-bounded TTL checks -> PASS)
  differ xshard (atomic=0 seed=19)                           ok (DIFFER xshard: 4276 ops, 0 diffs, 0 deadline-bounded TTL checks -> PASS)
  differ xmove (atomic=0 seed=19)                            ok (DIFFER xmove: 4263 ops, 0 diffs, 0 deadline-bounded TTL checks -> PASS)
  differ bitmap (atomic=0 seed=19)                           ok (DIFFER bitmap: 4262 ops, 0 diffs, 0 deadline-bounded TTL checks -> PASS)
  differ hll (atomic=0 seed=19)                              ok (DIFFER hll: 3045 ops, 0 diffs, 0 deadline-bounded TTL checks -> PASS)
  differ bitfield (atomic=0 seed=19)                         ok (DIFFER bitfield: 3226 ops, 0 diffs, 1 deadline-bounded TTL checks -> PASS)
  differ cgaps (atomic=0 seed=19)                            ok (DIFFER cgaps: 3310 ops, 0 diffs, 0 deadline-bounded TTL checks -> PASS)
  differ stream (atomic=0 seed=19)                           ok (DIFFER stream: 4031 ops, 0 diffs, 0 deadline-bounded TTL checks -> PASS)
  differ script (atomic=0 seed=19)                           ok (DIFFER script: 5053 ops, 0 diffs, 0 deadline-bounded TTL checks -> PASS)
  differ streamgrp (atomic=0 seed=19)                        ok (DIFFER streamgrp: 4052 ops, 0 diffs, 0 deadline-bounded TTL checks -> PASS)
  differ zsetops (atomic=0 seed=19)                          ok (DIFFER zsetops: 4200 ops, 0 diffs, 0 deadline-bounded TTL checks -> PASS)
  differ geo (atomic=0 seed=19)                              ok (DIFFER geo: 4951 ops, 0 diffs, 0 deadline-bounded TTL checks -> PASS)
  differ doubles (atomic=0 seed=19)                          ok (DIFFER doubles: 5000 ops, 0 diffs, 0 deadline-bounded TTL checks -> PASS)
  differ scan (atomic=0 seed=19)                             ok (DIFFER scan: 4081 ops, 0 diffs, 0 deadline-bounded TTL checks -> PASS)
  differ multi (atomic=0 seed=19)                            ok (DIFFER multi: 4272 ops, 0 diffs, 0 deadline-bounded TTL checks -> PASS)
  differ edgeenc (atomic=0 seed=19)                          ok (DIFFER edgeenc: 6757 ops, 0 diffs, 0 deadline-bounded TTL checks -> PASS)
  differ edgeproto (atomic=0 seed=19)                        ok (DIFFER edgeproto: 5200 ops, 0 diffs, 0 deadline-bounded TTL checks -> PASS)
  differ cmdgap (atomic=0 seed=19)                           ok (DIFFER cmdgap: 4213 ops, 0 diffs, 0 deadline-bounded TTL checks -> PASS)
  differ cmdgap2 (atomic=0 seed=19)                          ok (DIFFER cmdgap2: 4241 ops, 0 diffs, 0 deadline-bounded TTL checks -> PASS)
  differ sort (atomic=0 seed=19)                             ok (DIFFER sort: 4630 ops, 0 diffs, 0 deadline-bounded TTL checks -> PASS)
  differ servertail (atomic=0 seed=19)                       ok (DIFFER servertail: 5339 ops, 0 diffs, 0 deadline-bounded TTL checks -> PASS)
  differ arity (atomic=0 seed=19)                            ok (DIFFER arity: 4200 ops, 0 diffs, 0 deadline-bounded TTL checks -> PASS)
  differ storeorder (atomic=0 seed=19)                       ok (DIFFER storeorder: 4600 ops, 0 diffs, 0 deadline-bounded TTL checks -> PASS)
  differ infofix (atomic=0 seed=19)                          ok (DIFFER infofix: 4200 ops, 0 diffs, 0 deadline-bounded TTL checks -> PASS)
  differ multidb (atomic=0 seed=19)                          ok (DIFFER multidb: 5557 ops, 0 diffs, 0 deadline-bounded TTL checks -> PASS)
  differ blocking (atomic=0 seed=19)                         ok (DIFFER blocking: 5297 logical ops, 5360 checks, 0 diffs -> PASS)
  differ pubsub (atomic=0 seed=19)                           ok (DIFFER pubsub: 4198 logical ops, 25265 checks, 0 diffs -> PASS)
  differ fanout (atomic=0 seed=19)                           ok (DIFFER fanout: 7081 checks, 0 diffs -> PASS)
  differ spubsub (atomic=0 seed=19)                          ok (DIFFER spubsub: 809 checks, 0 diffs -> PASS)
  differ notify (atomic=0 seed=19)                           ok (DIFFER notify: 331 ops, 454 events, 0 diffs -> PASS)
  differ wiredump (atomic=0 seed=19)                         ok (DIFFER wiredump: 4200 ops, 0 diffs, 801 deadline-bounded TTL checks -> PASS)
  differ climon (atomic=0 seed=19)                           ok (DIFFER climon: 4318 ops, 0 diffs -> PASS)
  differ compatintro (atomic=0 seed=19)                      ok (DIFFER compatintro: 5633 checks, 0 diffs -> PASS (getkeys=1550, config_multi=637, client_rows=240, acl_mutations=396, notify_events=15, silence_controls=5))
  differ aclsel (atomic=0 seed=19)                           ok (DIFFER aclsel: 12619 checks, 0 diffs -> PASS (rejections=4200, unchanged=4200, grants=1400, command_denials=700, key_denials=1400, channel_denials=700))
  differ cmdmeta (atomic=0 seed=19)                          ok (DIFFER cmdmeta: 4475 ops, 0 diffs -> PASS (info=2078, intent=2122, pipes=96, categories=21, docs_boundary=1, zero_controls=2, absent_info_docs=78, patterns=8, module_filters=3))
  differ s6fix (atomic=0 seed=19)                            ok (DIFFER s6fix: 48456 logical ops, 0 diffs -> PASS)
  differ ccfix (atomic=0 seed=19)                            ok (DIFFER ccfix: 210 exact comparisons -> PASS)
  differ psfix (atomic=0 seed=19)                            ok (DIFFER psfix: 27 exact/property checks, 0 diffs -> PASS)
  differ string (atomic=0 seed=20)                           ok (DIFFER string: 4033 ops, 0 diffs, 197 deadline-bounded TTL checks -> PASS)
  differ list (atomic=0 seed=20)                             ok (DIFFER list: 3521 ops, 0 diffs, 0 deadline-bounded TTL checks -> PASS)
  differ set (atomic=0 seed=20)                              ok (DIFFER set: 3524 ops, 0 diffs, 0 deadline-bounded TTL checks -> PASS)
  differ zset (atomic=0 seed=20)                             ok (DIFFER zset: 3531 ops, 0 diffs, 0 deadline-bounded TTL checks -> PASS)
  differ hash (atomic=0 seed=20)                             ok (DIFFER hash: 3545 ops, 0 diffs, 0 deadline-bounded TTL checks -> PASS)
  differ hexpire (atomic=0 seed=20)                          ok (DIFFER hexpire: 4288 ops, 0 diffs, 280 deadline-bounded TTL checks -> PASS)
  differ edgetime (atomic=0 seed=20)                         ok (DIFFER edgetime: 4427 ops, 0 diffs, 64 deadline-bounded TTL checks -> PASS)
  differ xshard (atomic=0 seed=20)                           ok (DIFFER xshard: 4276 ops, 0 diffs, 0 deadline-bounded TTL checks -> PASS)
  differ xmove (atomic=0 seed=20)                            ok (DIFFER xmove: 4263 ops, 0 diffs, 0 deadline-bounded TTL checks -> PASS)
  differ bitmap (atomic=0 seed=20)                           ok (DIFFER bitmap: 4262 ops, 0 diffs, 0 deadline-bounded TTL checks -> PASS)
  differ hll (atomic=0 seed=20)                              ok (DIFFER hll: 3068 ops, 0 diffs, 0 deadline-bounded TTL checks -> PASS)
  differ bitfield (atomic=0 seed=20)                         ok (DIFFER bitfield: 3226 ops, 0 diffs, 1 deadline-bounded TTL checks -> PASS)
  differ cgaps (atomic=0 seed=20)                            ok (DIFFER cgaps: 3310 ops, 0 diffs, 0 deadline-bounded TTL checks -> PASS)
  differ stream (atomic=0 seed=20)                           ok (DIFFER stream: 4031 ops, 0 diffs, 0 deadline-bounded TTL checks -> PASS)
  differ script (atomic=0 seed=20)                           ok (DIFFER script: 5062 ops, 0 diffs, 0 deadline-bounded TTL checks -> PASS)
  differ streamgrp (atomic=0 seed=20)                        ok (DIFFER streamgrp: 4052 ops, 0 diffs, 0 deadline-bounded TTL checks -> PASS)
  differ zsetops (atomic=0 seed=20)                          ok (DIFFER zsetops: 4200 ops, 0 diffs, 0 deadline-bounded TTL checks -> PASS)
  differ geo (atomic=0 seed=20)                              ok (DIFFER geo: 4951 ops, 0 diffs, 0 deadline-bounded TTL checks -> PASS)
  differ doubles (atomic=0 seed=20)                          ok (DIFFER doubles: 5000 ops, 0 diffs, 0 deadline-bounded TTL checks -> PASS)
  differ scan (atomic=0 seed=20)                             ok (DIFFER scan: 4081 ops, 0 diffs, 0 deadline-bounded TTL checks -> PASS)
  differ multi (atomic=0 seed=20)                            ok (DIFFER multi: 4204 ops, 0 diffs, 0 deadline-bounded TTL checks -> PASS)
  differ edgeenc (atomic=0 seed=20)                          ok (DIFFER edgeenc: 6757 ops, 0 diffs, 0 deadline-bounded TTL checks -> PASS)
  differ edgeproto (atomic=0 seed=20)                        ok (DIFFER edgeproto: 5200 ops, 0 diffs, 0 deadline-bounded TTL checks -> PASS)
  differ cmdgap (atomic=0 seed=20)                           ok (DIFFER cmdgap: 4213 ops, 0 diffs, 0 deadline-bounded TTL checks -> PASS)
  differ cmdgap2 (atomic=0 seed=20)                          ok (DIFFER cmdgap2: 4241 ops, 0 diffs, 0 deadline-bounded TTL checks -> PASS)
  differ sort (atomic=0 seed=20)                             ok (DIFFER sort: 4632 ops, 0 diffs, 0 deadline-bounded TTL checks -> PASS)
  differ servertail (atomic=0 seed=20)                       ok (DIFFER servertail: 5339 ops, 0 diffs, 0 deadline-bounded TTL checks -> PASS)
  differ arity (atomic=0 seed=20)                            ok (DIFFER arity: 4200 ops, 0 diffs, 0 deadline-bounded TTL checks -> PASS)
  differ storeorder (atomic=0 seed=20)                       ok (DIFFER storeorder: 4600 ops, 0 diffs, 0 deadline-bounded TTL checks -> PASS)
  differ infofix (atomic=0 seed=20)                          ok (DIFFER infofix: 4200 ops, 0 diffs, 0 deadline-bounded TTL checks -> PASS)
  differ multidb (atomic=0 seed=20)                          ok (DIFFER multidb: 5461 ops, 0 diffs, 0 deadline-bounded TTL checks -> PASS)
  differ blocking (atomic=0 seed=20)                         ok (DIFFER blocking: 5259 logical ops, 5322 checks, 0 diffs -> PASS)
  differ pubsub (atomic=0 seed=20)                           ok (DIFFER pubsub: 4198 logical ops, 25960 checks, 0 diffs -> PASS)
  differ fanout (atomic=0 seed=20)                           ok (DIFFER fanout: 10363 checks, 0 diffs -> PASS)
  differ spubsub (atomic=0 seed=20)                          ok (DIFFER spubsub: 786 checks, 0 diffs -> PASS)
  differ notify (atomic=0 seed=20)                           ok (DIFFER notify: 331 ops, 463 events, 0 diffs -> PASS)
  differ wiredump (atomic=0 seed=20)                         ok (DIFFER wiredump: 4200 ops, 0 diffs, 822 deadline-bounded TTL checks -> PASS)
  differ climon (atomic=0 seed=20)                           ok (DIFFER climon: 4318 ops, 0 diffs -> PASS)
  differ compatintro (atomic=0 seed=20)                      ok (DIFFER compatintro: 5586 checks, 0 diffs -> PASS (getkeys=1550, config_multi=604, client_rows=258, acl_mutations=409, notify_events=15, silence_controls=5))
  differ aclsel (atomic=0 seed=20)                           ok (DIFFER aclsel: 12619 checks, 0 diffs -> PASS (rejections=4200, unchanged=4200, grants=1400, command_denials=700, key_denials=1400, channel_denials=700))
  differ cmdmeta (atomic=0 seed=20)                          ok (DIFFER cmdmeta: 4475 ops, 0 diffs -> PASS (info=2057, intent=2143, pipes=96, categories=21, docs_boundary=1, zero_controls=2, absent_info_docs=78, patterns=8, module_filters=3))
  differ s6fix (atomic=0 seed=20)                            ok (DIFFER s6fix: 48456 logical ops, 0 diffs -> PASS)
  differ ccfix (atomic=0 seed=20)                            ok (DIFFER ccfix: 210 exact comparisons -> PASS)
  differ psfix (atomic=0 seed=20)                            ok (DIFFER psfix: 27 exact/property checks, 0 diffs -> PASS)
  differ string (atomic=0 seed=23)                           ok (DIFFER string: 4033 ops, 0 diffs, 195 deadline-bounded TTL checks -> PASS)
  differ list (atomic=0 seed=23)                             ok (DIFFER list: 3521 ops, 0 diffs, 0 deadline-bounded TTL checks -> PASS)
  differ set (atomic=0 seed=23)                              ok (DIFFER set: 3524 ops, 0 diffs, 0 deadline-bounded TTL checks -> PASS)
  differ zset (atomic=0 seed=23)                             ok (DIFFER zset: 3531 ops, 0 diffs, 0 deadline-bounded TTL checks -> PASS)
  differ hash (atomic=0 seed=23)                             ok (DIFFER hash: 3545 ops, 0 diffs, 0 deadline-bounded TTL checks -> PASS)
  differ hexpire (atomic=0 seed=23)                          ok (DIFFER hexpire: 4288 ops, 0 diffs, 327 deadline-bounded TTL checks -> PASS)
  differ edgetime (atomic=0 seed=23)                         ok (DIFFER edgetime: 4427 ops, 0 diffs, 61 deadline-bounded TTL checks -> PASS)
  differ xshard (atomic=0 seed=23)                           ok (DIFFER xshard: 4276 ops, 0 diffs, 0 deadline-bounded TTL checks -> PASS)
  differ xmove (atomic=0 seed=23)                            ok (DIFFER xmove: 4263 ops, 0 diffs, 0 deadline-bounded TTL checks -> PASS)
  differ bitmap (atomic=0 seed=23)                           ok (DIFFER bitmap: 4262 ops, 0 diffs, 0 deadline-bounded TTL checks -> PASS)
  differ hll (atomic=0 seed=23)                              ok (DIFFER hll: 3071 ops, 0 diffs, 0 deadline-bounded TTL checks -> PASS)
  differ bitfield (atomic=0 seed=23)                         ok (DIFFER bitfield: 3226 ops, 0 diffs, 1 deadline-bounded TTL checks -> PASS)
  differ cgaps (atomic=0 seed=23)                            ok (DIFFER cgaps: 3310 ops, 0 diffs, 0 deadline-bounded TTL checks -> PASS)
  differ stream (atomic=0 seed=23)                           ok (DIFFER stream: 4031 ops, 0 diffs, 0 deadline-bounded TTL checks -> PASS)
  differ script (atomic=0 seed=23)                           ok (DIFFER script: 5048 ops, 0 diffs, 0 deadline-bounded TTL checks -> PASS)
  differ streamgrp (atomic=0 seed=23)                        ok (DIFFER streamgrp: 4052 ops, 0 diffs, 0 deadline-bounded TTL checks -> PASS)
  differ zsetops (atomic=0 seed=23)                          ok (DIFFER zsetops: 4200 ops, 0 diffs, 0 deadline-bounded TTL checks -> PASS)
  differ geo (atomic=0 seed=23)                              ok (DIFFER geo: 4951 ops, 0 diffs, 0 deadline-bounded TTL checks -> PASS)
  differ doubles (atomic=0 seed=23)                          ok (DIFFER doubles: 5000 ops, 0 diffs, 0 deadline-bounded TTL checks -> PASS)
  differ scan (atomic=0 seed=23)                             ok (DIFFER scan: 4081 ops, 0 diffs, 0 deadline-bounded TTL checks -> PASS)
  differ multi (atomic=0 seed=23)                            ok (DIFFER multi: 4227 ops, 0 diffs, 0 deadline-bounded TTL checks -> PASS)
  differ edgeenc (atomic=0 seed=23)                          ok (DIFFER edgeenc: 6757 ops, 0 diffs, 0 deadline-bounded TTL checks -> PASS)
  differ edgeproto (atomic=0 seed=23)                        ok (DIFFER edgeproto: 5200 ops, 0 diffs, 0 deadline-bounded TTL checks -> PASS)
  differ cmdgap (atomic=0 seed=23)                           ok (DIFFER cmdgap: 4213 ops, 0 diffs, 0 deadline-bounded TTL checks -> PASS)
  differ cmdgap2 (atomic=0 seed=23)                          ok (DIFFER cmdgap2: 4241 ops, 0 diffs, 0 deadline-bounded TTL checks -> PASS)
  differ sort (atomic=0 seed=23)                             ok (DIFFER sort: 4631 ops, 0 diffs, 0 deadline-bounded TTL checks -> PASS)
  differ servertail (atomic=0 seed=23)                       ok (DIFFER servertail: 5339 ops, 0 diffs, 0 deadline-bounded TTL checks -> PASS)
  differ arity (atomic=0 seed=23)                            ok (DIFFER arity: 4200 ops, 0 diffs, 0 deadline-bounded TTL checks -> PASS)
  differ storeorder (atomic=0 seed=23)                       ok (DIFFER storeorder: 4600 ops, 0 diffs, 0 deadline-bounded TTL checks -> PASS)
  differ infofix (atomic=0 seed=23)                          ok (DIFFER infofix: 4200 ops, 0 diffs, 0 deadline-bounded TTL checks -> PASS)
  differ multidb (atomic=0 seed=23)                          ok (DIFFER multidb: 5317 ops, 0 diffs, 0 deadline-bounded TTL checks -> PASS)
  differ blocking (atomic=0 seed=23)                         ok (DIFFER blocking: 5294 logical ops, 5357 checks, 0 diffs -> PASS)
  differ pubsub (atomic=0 seed=23)                           ok (DIFFER pubsub: 4198 logical ops, 26605 checks, 0 diffs -> PASS)
  differ fanout (atomic=0 seed=23)                           ok (DIFFER fanout: 10420 checks, 0 diffs -> PASS)
  differ spubsub (atomic=0 seed=23)                          ok (DIFFER spubsub: 822 checks, 0 diffs -> PASS)
  differ notify (atomic=0 seed=23)                           ok (DIFFER notify: 327 ops, 451 events, 0 diffs -> PASS)
  differ wiredump (atomic=0 seed=23)                         ok (DIFFER wiredump: 4200 ops, 0 diffs, 824 deadline-bounded TTL checks -> PASS)
  differ climon (atomic=0 seed=23)                           ok (DIFFER climon: 4318 ops, 0 diffs -> PASS)
  differ compatintro (atomic=0 seed=23)                      ok (DIFFER compatintro: 5579 checks, 0 diffs -> PASS (getkeys=1550, config_multi=608, client_rows=224, acl_mutations=407, notify_events=15, silence_controls=5))
  differ aclsel (atomic=0 seed=23)                           ok (DIFFER aclsel: 12619 checks, 0 diffs -> PASS (rejections=4200, unchanged=4200, grants=1400, command_denials=700, key_denials=1400, channel_denials=700))
  differ cmdmeta (atomic=0 seed=23)                          ok (DIFFER cmdmeta: 4475 ops, 0 diffs -> PASS (info=2068, intent=2132, pipes=96, categories=21, docs_boundary=1, zero_controls=2, absent_info_docs=78, patterns=8, module_filters=3))
  differ s6fix (atomic=0 seed=23)                            ok (DIFFER s6fix: 48456 logical ops, 0 diffs -> PASS)
  differ ccfix (atomic=0 seed=23)                            ok (DIFFER ccfix: 210 exact comparisons -> PASS)
  differ psfix (atomic=0 seed=23)                            ok (DIFFER psfix: 27 exact/property checks, 0 diffs -> PASS)
  differ string (atomic=0 seed=21)                           ok (DIFFER string: 4033 ops, 0 diffs, 182 deadline-bounded TTL checks -> PASS)
  differ list (atomic=0 seed=21)                             ok (DIFFER list: 3521 ops, 0 diffs, 0 deadline-bounded TTL checks -> PASS)
  differ set (atomic=0 seed=21)                              ok (DIFFER set: 3524 ops, 0 diffs, 0 deadline-bounded TTL checks -> PASS)
  differ zset (atomic=0 seed=21)                             ok (DIFFER zset: 3531 ops, 0 diffs, 0 deadline-bounded TTL checks -> PASS)
  differ hash (atomic=0 seed=21)                             ok (DIFFER hash: 3545 ops, 0 diffs, 0 deadline-bounded TTL checks -> PASS)
  differ hexpire (atomic=0 seed=21)                          ok (DIFFER hexpire: 4288 ops, 0 diffs, 265 deadline-bounded TTL checks -> PASS)
  differ edgetime (atomic=0 seed=21)                         ok (DIFFER edgetime: 4427 ops, 0 diffs, 74 deadline-bounded TTL checks -> PASS)
  differ xshard (atomic=0 seed=21)                           ok (DIFFER xshard: 4276 ops, 0 diffs, 0 deadline-bounded TTL checks -> PASS)
  differ xmove (atomic=0 seed=21)                            ok (DIFFER xmove: 4263 ops, 0 diffs, 0 deadline-bounded TTL checks -> PASS)
  differ bitmap (atomic=0 seed=21)                           ok (DIFFER bitmap: 4262 ops, 0 diffs, 0 deadline-bounded TTL checks -> PASS)
  differ hll (atomic=0 seed=21)                              ok (DIFFER hll: 3034 ops, 0 diffs, 0 deadline-bounded TTL checks -> PASS)
  differ bitfield (atomic=0 seed=21)                         ok (DIFFER bitfield: 3226 ops, 0 diffs, 1 deadline-bounded TTL checks -> PASS)
  differ cgaps (atomic=0 seed=21)                            ok (DIFFER cgaps: 3310 ops, 0 diffs, 0 deadline-bounded TTL checks -> PASS)
  differ stream (atomic=0 seed=21)                           ok (DIFFER stream: 4031 ops, 0 diffs, 0 deadline-bounded TTL checks -> PASS)
  differ script (atomic=0 seed=21)                           ok (DIFFER script: 5050 ops, 0 diffs, 0 deadline-bounded TTL checks -> PASS)
  differ streamgrp (atomic=0 seed=21)                        ok (DIFFER streamgrp: 4052 ops, 0 diffs, 0 deadline-bounded TTL checks -> PASS)
  differ zsetops (atomic=0 seed=21)                          ok (DIFFER zsetops: 4200 ops, 0 diffs, 0 deadline-bounded TTL checks -> PASS)
  differ geo (atomic=0 seed=21)                              ok (DIFFER geo: 4951 ops, 0 diffs, 0 deadline-bounded TTL checks -> PASS)
  differ doubles (atomic=0 seed=21)                          ok (DIFFER doubles: 5000 ops, 0 diffs, 0 deadline-bounded TTL checks -> PASS)
  differ scan (atomic=0 seed=21)                             ok (DIFFER scan: 4081 ops, 0 diffs, 0 deadline-bounded TTL checks -> PASS)
  differ multi (atomic=0 seed=21)                            ok (DIFFER multi: 4194 ops, 0 diffs, 0 deadline-bounded TTL checks -> PASS)
  differ edgeenc (atomic=0 seed=21)                          ok (DIFFER edgeenc: 6757 ops, 0 diffs, 0 deadline-bounded TTL checks -> PASS)
  differ edgeproto (atomic=0 seed=21)                        ok (DIFFER edgeproto: 5200 ops, 0 diffs, 0 deadline-bounded TTL checks -> PASS)
  differ cmdgap (atomic=0 seed=21)                           ok (DIFFER cmdgap: 4213 ops, 0 diffs, 0 deadline-bounded TTL checks -> PASS)
  differ cmdgap2 (atomic=0 seed=21)                          ok (DIFFER cmdgap2: 4241 ops, 0 diffs, 0 deadline-bounded TTL checks -> PASS)
  differ sort (atomic=0 seed=21)                             ok (DIFFER sort: 4630 ops, 0 diffs, 0 deadline-bounded TTL checks -> PASS)
  differ servertail (atomic=0 seed=21)                       ok (DIFFER servertail: 5339 ops, 0 diffs, 0 deadline-bounded TTL checks -> PASS)
  differ arity (atomic=0 seed=21)                            ok (DIFFER arity: 4200 ops, 0 diffs, 0 deadline-bounded TTL checks -> PASS)
  differ storeorder (atomic=0 seed=21)                       ok (DIFFER storeorder: 4600 ops, 0 diffs, 0 deadline-bounded TTL checks -> PASS)
  differ infofix (atomic=0 seed=21)                          ok (DIFFER infofix: 4200 ops, 0 diffs, 0 deadline-bounded TTL checks -> PASS)
  differ multidb (atomic=0 seed=21)                          ok (DIFFER multidb: 5431 ops, 0 diffs, 0 deadline-bounded TTL checks -> PASS)
  differ blocking (atomic=0 seed=21)                         ok (DIFFER blocking: 5299 logical ops, 5362 checks, 0 diffs -> PASS)
  differ pubsub (atomic=0 seed=21)                           ok (DIFFER pubsub: 4198 logical ops, 25944 checks, 0 diffs -> PASS)
  differ fanout (atomic=0 seed=21)                           ok (DIFFER fanout: 12325 checks, 0 diffs -> PASS)
  differ spubsub (atomic=0 seed=21)                          ok (DIFFER spubsub: 835 checks, 0 diffs -> PASS)
  differ notify (atomic=0 seed=21)                           ok (DIFFER notify: 331 ops, 460 events, 0 diffs -> PASS)
  differ wiredump (atomic=0 seed=21)                         ok (DIFFER wiredump: 4200 ops, 0 diffs, 830 deadline-bounded TTL checks -> PASS)
  differ climon (atomic=0 seed=21)                           ok (DIFFER climon: 4318 ops, 0 diffs -> PASS)
  differ compatintro (atomic=0 seed=21)                      ok (DIFFER compatintro: 5615 checks, 0 diffs -> PASS (getkeys=1550, config_multi=633, client_rows=244, acl_mutations=364, notify_events=15, silence_controls=5))
  differ aclsel (atomic=0 seed=21)                           ok (DIFFER aclsel: 12619 checks, 0 diffs -> PASS (rejections=4200, unchanged=4200, grants=1400, command_denials=700, key_denials=1400, channel_denials=700))
  differ cmdmeta (atomic=0 seed=21)                          ok (DIFFER cmdmeta: 4475 ops, 0 diffs -> PASS (info=2140, intent=2060, pipes=96, categories=21, docs_boundary=1, zero_controls=2, absent_info_docs=78, patterns=8, module_filters=3))
  differ s6fix (atomic=0 seed=21)                            ok (DIFFER s6fix: 48456 logical ops, 0 diffs -> PASS)
  differ ccfix (atomic=0 seed=21)                            ok (DIFFER ccfix: 210 exact comparisons -> PASS)
  differ psfix (atomic=0 seed=21)                            ok (DIFFER psfix: 27 exact/property checks, 0 diffs -> PASS)
  target atomic=0 stop                                       ok (port 18340 free)
  oracle stop                                                ok (port 18341 free)
DIFFER COMMAND COVERAGE: diffed 232 of 245 registered commands (1040220 recorded comparison witnesses, 220 legs)
  not observed in compared replies/properties: BGREWRITEAOF, FLIP, HELLO, LOLWUT, MONITOR, QUIT, REPLICAOF, SHUTDOWN, SLAVEOF, TIME, UNWATCH, WATCH, ZREVRANGE
DIFFER GATE: pass=220 fail=0 runtime=7m58s
  Redis 7.4 differential part (split, atomic 0)        ok
  row budget: 900s; median=-s; no-history-conservative-default; Redis 7.4 differential part (split, atomic 1)
DIFFER suites (44): string list set zset hash hexpire edgetime xshard xmove bitmap hll bitfield cgaps stream script streamgrp zsetops geo doubles scan multi edgeenc edgeproto cmdgap cmdgap2 sort servertail arity storeorder infofix multidb blocking pubsub fanout spubsub notify wiredump climon compatintro aclsel cmdmeta s6fix ccfix psfix
DIFFER geometry: split (--ratio 6:2)
DIFFER matrix: atomic={1} seeds={7 19 20 23 21} legs=220 logs=/home/user/Projects/cx-flakeaudit2/build/gate-run.9MPk3h/jobs/differ-split-1/differ
  vanilla Redis oracle boot                                  ok (pid=3624106 port=18341)
  oracle identity                                            ok (vanilla redis_version=7.4.10)
  target atomic=1 boot                                       ok (pid=3624131 port=18340)
  differ string (atomic=1 seed=7)                            ok (DIFFER string: 4033 ops, 0 diffs, 166 deadline-bounded TTL checks -> PASS)
  differ list (atomic=1 seed=7)                              ok (DIFFER list: 3521 ops, 0 diffs, 0 deadline-bounded TTL checks -> PASS)
  differ set (atomic=1 seed=7)                               ok (DIFFER set: 3524 ops, 0 diffs, 0 deadline-bounded TTL checks -> PASS)
  differ zset (atomic=1 seed=7)                              ok (DIFFER zset: 3531 ops, 0 diffs, 0 deadline-bounded TTL checks -> PASS)
  differ hash (atomic=1 seed=7)                              ok (DIFFER hash: 3545 ops, 0 diffs, 0 deadline-bounded TTL checks -> PASS)
  differ hexpire (atomic=1 seed=7)                           ok (DIFFER hexpire: 4288 ops, 0 diffs, 299 deadline-bounded TTL checks -> PASS)
  differ edgetime (atomic=1 seed=7)                          ok (DIFFER edgetime: 4427 ops, 0 diffs, 77 deadline-bounded TTL checks -> PASS)
  differ xshard (atomic=1 seed=7)                            ok (DIFFER xshard: 4276 ops, 0 diffs, 0 deadline-bounded TTL checks -> PASS)
  differ xmove (atomic=1 seed=7)                             ok (DIFFER xmove: 4263 ops, 0 diffs, 0 deadline-bounded TTL checks -> PASS)
  differ bitmap (atomic=1 seed=7)                            ok (DIFFER bitmap: 4262 ops, 0 diffs, 0 deadline-bounded TTL checks -> PASS)
  differ hll (atomic=1 seed=7)                               ok (DIFFER hll: 3057 ops, 0 diffs, 0 deadline-bounded TTL checks -> PASS)
  differ bitfield (atomic=1 seed=7)                          ok (DIFFER bitfield: 3226 ops, 0 diffs, 1 deadline-bounded TTL checks -> PASS)
  differ cgaps (atomic=1 seed=7)                             ok (DIFFER cgaps: 3310 ops, 0 diffs, 0 deadline-bounded TTL checks -> PASS)
  differ stream (atomic=1 seed=7)                            ok (DIFFER stream: 4031 ops, 0 diffs, 0 deadline-bounded TTL checks -> PASS)
  differ script (atomic=1 seed=7)                            ok (DIFFER script: 5061 ops, 0 diffs, 0 deadline-bounded TTL checks -> PASS)
  differ streamgrp (atomic=1 seed=7)                         ok (DIFFER streamgrp: 4052 ops, 0 diffs, 0 deadline-bounded TTL checks -> PASS)
  differ zsetops (atomic=1 seed=7)                           ok (DIFFER zsetops: 4200 ops, 0 diffs, 0 deadline-bounded TTL checks -> PASS)
  differ geo (atomic=1 seed=7)                               ok (DIFFER geo: 4951 ops, 0 diffs, 0 deadline-bounded TTL checks -> PASS)
  differ doubles (atomic=1 seed=7)                           ok (DIFFER doubles: 5000 ops, 0 diffs, 0 deadline-bounded TTL checks -> PASS)
  differ scan (atomic=1 seed=7)                              ok (DIFFER scan: 4081 ops, 0 diffs, 0 deadline-bounded TTL checks -> PASS)
  differ multi (atomic=1 seed=7)                             ok (DIFFER multi: 4275 ops, 0 diffs, 0 deadline-bounded TTL checks -> PASS)
  differ edgeenc (atomic=1 seed=7)                           ok (DIFFER edgeenc: 6757 ops, 0 diffs, 0 deadline-bounded TTL checks -> PASS)
  differ edgeproto (atomic=1 seed=7)                         ok (DIFFER edgeproto: 5200 ops, 0 diffs, 0 deadline-bounded TTL checks -> PASS)
  differ cmdgap (atomic=1 seed=7)                            ok (DIFFER cmdgap: 4213 ops, 0 diffs, 0 deadline-bounded TTL checks -> PASS)
  differ cmdgap2 (atomic=1 seed=7)                           ok (DIFFER cmdgap2: 4241 ops, 0 diffs, 0 deadline-bounded TTL checks -> PASS)
  differ sort (atomic=1 seed=7)                              ok (DIFFER sort: 4647 ops, 0 diffs, 0 deadline-bounded TTL checks -> PASS)
  differ servertail (atomic=1 seed=7)                        ok (DIFFER servertail: 5339 ops, 0 diffs, 0 deadline-bounded TTL checks -> PASS)
  differ arity (atomic=1 seed=7)                             ok (DIFFER arity: 4200 ops, 0 diffs, 0 deadline-bounded TTL checks -> PASS)
  differ storeorder (atomic=1 seed=7)                        ok (DIFFER storeorder: 4600 ops, 0 diffs, 0 deadline-bounded TTL checks -> PASS)
  differ infofix (atomic=1 seed=7)                           ok (DIFFER infofix: 4200 ops, 0 diffs, 0 deadline-bounded TTL checks -> PASS)
  differ multidb (atomic=1 seed=7)                           ok (DIFFER multidb: 5419 ops, 0 diffs, 0 deadline-bounded TTL checks -> PASS)
  differ blocking (atomic=1 seed=7)                          ok (DIFFER blocking: 5327 logical ops, 5390 checks, 0 diffs -> PASS)
  differ pubsub (atomic=1 seed=7)                            ok (DIFFER pubsub: 4198 logical ops, 25486 checks, 0 diffs -> PASS)
  differ fanout (atomic=1 seed=7)                            ok (DIFFER fanout: 14237 checks, 0 diffs -> PASS)
  differ spubsub (atomic=1 seed=7)                           ok (DIFFER spubsub: 801 checks, 0 diffs -> PASS)
  differ notify (atomic=1 seed=7)                            ok (DIFFER notify: 345 ops, 470 events, 0 diffs -> PASS)
  differ wiredump (atomic=1 seed=7)                          ok (DIFFER wiredump: 4200 ops, 0 diffs, 789 deadline-bounded TTL checks -> PASS)
  differ climon (atomic=1 seed=7)                            ok (DIFFER climon: 4318 ops, 0 diffs -> PASS)
  differ compatintro (atomic=1 seed=7)                       ok (DIFFER compatintro: 5630 checks, 0 diffs -> PASS (getkeys=1550, config_multi=631, client_rows=262, acl_mutations=401, notify_events=15, silence_controls=5))
  differ aclsel (atomic=1 seed=7)                            ok (DIFFER aclsel: 12619 checks, 0 diffs -> PASS (rejections=4200, unchanged=4200, grants=1400, command_denials=700, key_denials=1400, channel_denials=700))
  differ cmdmeta (atomic=1 seed=7)                           ok (DIFFER cmdmeta: 4475 ops, 0 diffs -> PASS (info=2125, intent=2075, pipes=96, categories=21, docs_boundary=1, zero_controls=2, absent_info_docs=78, patterns=8, module_filters=3))
  differ s6fix (atomic=1 seed=7)                             ok (DIFFER s6fix: 48456 logical ops, 0 diffs -> PASS)
  differ ccfix (atomic=1 seed=7)                             ok (DIFFER ccfix: 222 exact comparisons -> PASS)
  differ psfix (atomic=1 seed=7)                             ok (DIFFER psfix: 27 exact/property checks, 0 diffs -> PASS)
  differ string (atomic=1 seed=19)                           ok (DIFFER string: 4033 ops, 0 diffs, 199 deadline-bounded TTL checks -> PASS)
  differ list (atomic=1 seed=19)                             ok (DIFFER list: 3521 ops, 0 diffs, 0 deadline-bounded TTL checks -> PASS)
  differ set (atomic=1 seed=19)                              ok (DIFFER set: 3524 ops, 0 diffs, 0 deadline-bounded TTL checks -> PASS)
  differ zset (atomic=1 seed=19)                             ok (DIFFER zset: 3531 ops, 0 diffs, 0 deadline-bounded TTL checks -> PASS)
  differ hash (atomic=1 seed=19)                             ok (DIFFER hash: 3545 ops, 0 diffs, 0 deadline-bounded TTL checks -> PASS)
  differ hexpire (atomic=1 seed=19)                          ok (DIFFER hexpire: 4288 ops, 0 diffs, 291 deadline-bounded TTL checks -> PASS)
  differ edgetime (atomic=1 seed=19)                         ok (DIFFER edgetime: 4427 ops, 0 diffs, 73 deadline-bounded TTL checks -> PASS)
  differ xshard (atomic=1 seed=19)                           ok (DIFFER xshard: 4276 ops, 0 diffs, 0 deadline-bounded TTL checks -> PASS)
  differ xmove (atomic=1 seed=19)                            ok (DIFFER xmove: 4263 ops, 0 diffs, 0 deadline-bounded TTL checks -> PASS)
  differ bitmap (atomic=1 seed=19)                           ok (DIFFER bitmap: 4262 ops, 0 diffs, 0 deadline-bounded TTL checks -> PASS)
  differ hll (atomic=1 seed=19)                              ok (DIFFER hll: 3045 ops, 0 diffs, 0 deadline-bounded TTL checks -> PASS)
  differ bitfield (atomic=1 seed=19)                         ok (DIFFER bitfield: 3226 ops, 0 diffs, 1 deadline-bounded TTL checks -> PASS)
  differ cgaps (atomic=1 seed=19)                            ok (DIFFER cgaps: 3310 ops, 0 diffs, 0 deadline-bounded TTL checks -> PASS)
  differ stream (atomic=1 seed=19)                           ok (DIFFER stream: 4031 ops, 0 diffs, 0 deadline-bounded TTL checks -> PASS)
  differ script (atomic=1 seed=19)                           ok (DIFFER script: 5053 ops, 0 diffs, 0 deadline-bounded TTL checks -> PASS)
  differ streamgrp (atomic=1 seed=19)                        ok (DIFFER streamgrp: 4052 ops, 0 diffs, 0 deadline-bounded TTL checks -> PASS)
  differ zsetops (atomic=1 seed=19)                          ok (DIFFER zsetops: 4200 ops, 0 diffs, 0 deadline-bounded TTL checks -> PASS)
  differ geo (atomic=1 seed=19)                              ok (DIFFER geo: 4951 ops, 0 diffs, 0 deadline-bounded TTL checks -> PASS)
  differ doubles (atomic=1 seed=19)                          ok (DIFFER doubles: 5000 ops, 0 diffs, 0 deadline-bounded TTL checks -> PASS)
  differ scan (atomic=1 seed=19)                             ok (DIFFER scan: 4081 ops, 0 diffs, 0 deadline-bounded TTL checks -> PASS)
  differ multi (atomic=1 seed=19)                            ok (DIFFER multi: 4272 ops, 0 diffs, 0 deadline-bounded TTL checks -> PASS)
  differ edgeenc (atomic=1 seed=19)                          ok (DIFFER edgeenc: 6757 ops, 0 diffs, 0 deadline-bounded TTL checks -> PASS)
  differ edgeproto (atomic=1 seed=19)                        ok (DIFFER edgeproto: 5200 ops, 0 diffs, 0 deadline-bounded TTL checks -> PASS)
  differ cmdgap (atomic=1 seed=19)                           ok (DIFFER cmdgap: 4213 ops, 0 diffs, 0 deadline-bounded TTL checks -> PASS)
  differ cmdgap2 (atomic=1 seed=19)                          ok (DIFFER cmdgap2: 4241 ops, 0 diffs, 0 deadline-bounded TTL checks -> PASS)
  differ sort (atomic=1 seed=19)                             ok (DIFFER sort: 4630 ops, 0 diffs, 0 deadline-bounded TTL checks -> PASS)
  differ servertail (atomic=1 seed=19)                       ok (DIFFER servertail: 5339 ops, 0 diffs, 0 deadline-bounded TTL checks -> PASS)
  differ arity (atomic=1 seed=19)                            ok (DIFFER arity: 4200 ops, 0 diffs, 0 deadline-bounded TTL checks -> PASS)
  differ storeorder (atomic=1 seed=19)                       ok (DIFFER storeorder: 4600 ops, 0 diffs, 0 deadline-bounded TTL checks -> PASS)
  differ infofix (atomic=1 seed=19)                          ok (DIFFER infofix: 4200 ops, 0 diffs, 0 deadline-bounded TTL checks -> PASS)
  differ multidb (atomic=1 seed=19)                          ok (DIFFER multidb: 5557 ops, 0 diffs, 0 deadline-bounded TTL checks -> PASS)
  differ blocking (atomic=1 seed=19)                         ok (DIFFER blocking: 5297 logical ops, 5360 checks, 0 diffs -> PASS)
  differ pubsub (atomic=1 seed=19)                           ok (DIFFER pubsub: 4198 logical ops, 25265 checks, 0 diffs -> PASS)
  differ fanout (atomic=1 seed=19)                           ok (DIFFER fanout: 7081 checks, 0 diffs -> PASS)
  differ spubsub (atomic=1 seed=19)                          ok (DIFFER spubsub: 809 checks, 0 diffs -> PASS)
  differ notify (atomic=1 seed=19)                           ok (DIFFER notify: 331 ops, 454 events, 0 diffs -> PASS)
  differ wiredump (atomic=1 seed=19)                         ok (DIFFER wiredump: 4200 ops, 0 diffs, 801 deadline-bounded TTL checks -> PASS)
  differ climon (atomic=1 seed=19)                           ok (DIFFER climon: 4318 ops, 0 diffs -> PASS)
  differ compatintro (atomic=1 seed=19)                      ok (DIFFER compatintro: 5633 checks, 0 diffs -> PASS (getkeys=1550, config_multi=637, client_rows=240, acl_mutations=396, notify_events=15, silence_controls=5))
  differ aclsel (atomic=1 seed=19)                           ok (DIFFER aclsel: 12619 checks, 0 diffs -> PASS (rejections=4200, unchanged=4200, grants=1400, command_denials=700, key_denials=1400, channel_denials=700))
  differ cmdmeta (atomic=1 seed=19)                          ok (DIFFER cmdmeta: 4475 ops, 0 diffs -> PASS (info=2078, intent=2122, pipes=96, categories=21, docs_boundary=1, zero_controls=2, absent_info_docs=78, patterns=8, module_filters=3))
  differ s6fix (atomic=1 seed=19)                            ok (DIFFER s6fix: 48456 logical ops, 0 diffs -> PASS)
  differ ccfix (atomic=1 seed=19)                            ok (DIFFER ccfix: 222 exact comparisons -> PASS)
  differ psfix (atomic=1 seed=19)                            ok (DIFFER psfix: 27 exact/property checks, 0 diffs -> PASS)
  differ string (atomic=1 seed=20)                           ok (DIFFER string: 4033 ops, 0 diffs, 197 deadline-bounded TTL checks -> PASS)
  differ list (atomic=1 seed=20)                             ok (DIFFER list: 3521 ops, 0 diffs, 0 deadline-bounded TTL checks -> PASS)
  differ set (atomic=1 seed=20)                              ok (DIFFER set: 3524 ops, 0 diffs, 0 deadline-bounded TTL checks -> PASS)
  differ zset (atomic=1 seed=20)                             ok (DIFFER zset: 3531 ops, 0 diffs, 0 deadline-bounded TTL checks -> PASS)
  differ hash (atomic=1 seed=20)                             ok (DIFFER hash: 3545 ops, 0 diffs, 0 deadline-bounded TTL checks -> PASS)
  differ hexpire (atomic=1 seed=20)                          ok (DIFFER hexpire: 4288 ops, 0 diffs, 280 deadline-bounded TTL checks -> PASS)
  differ edgetime (atomic=1 seed=20)                         ok (DIFFER edgetime: 4427 ops, 0 diffs, 64 deadline-bounded TTL checks -> PASS)
  differ xshard (atomic=1 seed=20)                           ok (DIFFER xshard: 4276 ops, 0 diffs, 0 deadline-bounded TTL checks -> PASS)
  differ xmove (atomic=1 seed=20)                            ok (DIFFER xmove: 4263 ops, 0 diffs, 0 deadline-bounded TTL checks -> PASS)
  differ bitmap (atomic=1 seed=20)                           ok (DIFFER bitmap: 4262 ops, 0 diffs, 0 deadline-bounded TTL checks -> PASS)
  differ hll (atomic=1 seed=20)                              ok (DIFFER hll: 3068 ops, 0 diffs, 0 deadline-bounded TTL checks -> PASS)
  differ bitfield (atomic=1 seed=20)                         ok (DIFFER bitfield: 3226 ops, 0 diffs, 1 deadline-bounded TTL checks -> PASS)
  differ cgaps (atomic=1 seed=20)                            ok (DIFFER cgaps: 3310 ops, 0 diffs, 0 deadline-bounded TTL checks -> PASS)
  differ stream (atomic=1 seed=20)                           ok (DIFFER stream: 4031 ops, 0 diffs, 0 deadline-bounded TTL checks -> PASS)
  differ script (atomic=1 seed=20)                           ok (DIFFER script: 5062 ops, 0 diffs, 0 deadline-bounded TTL checks -> PASS)
  differ streamgrp (atomic=1 seed=20)                        ok (DIFFER streamgrp: 4052 ops, 0 diffs, 0 deadline-bounded TTL checks -> PASS)
  differ zsetops (atomic=1 seed=20)                          ok (DIFFER zsetops: 4200 ops, 0 diffs, 0 deadline-bounded TTL checks -> PASS)
  differ geo (atomic=1 seed=20)                              ok (DIFFER geo: 4951 ops, 0 diffs, 0 deadline-bounded TTL checks -> PASS)
  differ doubles (atomic=1 seed=20)                          ok (DIFFER doubles: 5000 ops, 0 diffs, 0 deadline-bounded TTL checks -> PASS)
  differ scan (atomic=1 seed=20)                             ok (DIFFER scan: 4081 ops, 0 diffs, 0 deadline-bounded TTL checks -> PASS)
  differ multi (atomic=1 seed=20)                            ok (DIFFER multi: 4204 ops, 0 diffs, 0 deadline-bounded TTL checks -> PASS)
  differ edgeenc (atomic=1 seed=20)                          ok (DIFFER edgeenc: 6757 ops, 0 diffs, 0 deadline-bounded TTL checks -> PASS)
  differ edgeproto (atomic=1 seed=20)                        ok (DIFFER edgeproto: 5200 ops, 0 diffs, 0 deadline-bounded TTL checks -> PASS)
  differ cmdgap (atomic=1 seed=20)                           ok (DIFFER cmdgap: 4213 ops, 0 diffs, 0 deadline-bounded TTL checks -> PASS)
  differ cmdgap2 (atomic=1 seed=20)                          ok (DIFFER cmdgap2: 4241 ops, 0 diffs, 0 deadline-bounded TTL checks -> PASS)
  differ sort (atomic=1 seed=20)                             ok (DIFFER sort: 4632 ops, 0 diffs, 0 deadline-bounded TTL checks -> PASS)
  differ servertail (atomic=1 seed=20)                       ok (DIFFER servertail: 5339 ops, 0 diffs, 0 deadline-bounded TTL checks -> PASS)
  differ arity (atomic=1 seed=20)                            ok (DIFFER arity: 4200 ops, 0 diffs, 0 deadline-bounded TTL checks -> PASS)
  differ storeorder (atomic=1 seed=20)                       ok (DIFFER storeorder: 4600 ops, 0 diffs, 0 deadline-bounded TTL checks -> PASS)
  differ infofix (atomic=1 seed=20)                          ok (DIFFER infofix: 4200 ops, 0 diffs, 0 deadline-bounded TTL checks -> PASS)
  differ multidb (atomic=1 seed=20)                          ok (DIFFER multidb: 5461 ops, 0 diffs, 0 deadline-bounded TTL checks -> PASS)
  differ blocking (atomic=1 seed=20)                         ok (DIFFER blocking: 5259 logical ops, 5322 checks, 0 diffs -> PASS)
  differ pubsub (atomic=1 seed=20)                           ok (DIFFER pubsub: 4198 logical ops, 25960 checks, 0 diffs -> PASS)
  differ fanout (atomic=1 seed=20)                           ok (DIFFER fanout: 10363 checks, 0 diffs -> PASS)
  differ spubsub (atomic=1 seed=20)                          ok (DIFFER spubsub: 786 checks, 0 diffs -> PASS)
  differ notify (atomic=1 seed=20)                           ok (DIFFER notify: 331 ops, 463 events, 0 diffs -> PASS)
  differ wiredump (atomic=1 seed=20)                         ok (DIFFER wiredump: 4200 ops, 0 diffs, 822 deadline-bounded TTL checks -> PASS)
  differ climon (atomic=1 seed=20)                           ok (DIFFER climon: 4318 ops, 0 diffs -> PASS)
  differ compatintro (atomic=1 seed=20)                      ok (DIFFER compatintro: 5586 checks, 0 diffs -> PASS (getkeys=1550, config_multi=604, client_rows=258, acl_mutations=409, notify_events=15, silence_controls=5))
  differ aclsel (atomic=1 seed=20)                           ok (DIFFER aclsel: 12619 checks, 0 diffs -> PASS (rejections=4200, unchanged=4200, grants=1400, command_denials=700, key_denials=1400, channel_denials=700))
  differ cmdmeta (atomic=1 seed=20)                          ok (DIFFER cmdmeta: 4475 ops, 0 diffs -> PASS (info=2057, intent=2143, pipes=96, categories=21, docs_boundary=1, zero_controls=2, absent_info_docs=78, patterns=8, module_filters=3))
  differ s6fix (atomic=1 seed=20)                            ok (DIFFER s6fix: 48456 logical ops, 0 diffs -> PASS)
  differ ccfix (atomic=1 seed=20)                            ok (DIFFER ccfix: 222 exact comparisons -> PASS)
  differ psfix (atomic=1 seed=20)                            ok (DIFFER psfix: 27 exact/property checks, 0 diffs -> PASS)
  differ string (atomic=1 seed=23)                           ok (DIFFER string: 4033 ops, 0 diffs, 195 deadline-bounded TTL checks -> PASS)
  differ list (atomic=1 seed=23)                             ok (DIFFER list: 3521 ops, 0 diffs, 0 deadline-bounded TTL checks -> PASS)
  differ set (atomic=1 seed=23)                              ok (DIFFER set: 3524 ops, 0 diffs, 0 deadline-bounded TTL checks -> PASS)
  differ zset (atomic=1 seed=23)                             ok (DIFFER zset: 3531 ops, 0 diffs, 0 deadline-bounded TTL checks -> PASS)
  differ hash (atomic=1 seed=23)                             ok (DIFFER hash: 3545 ops, 0 diffs, 0 deadline-bounded TTL checks -> PASS)
  differ hexpire (atomic=1 seed=23)                          ok (DIFFER hexpire: 4288 ops, 0 diffs, 327 deadline-bounded TTL checks -> PASS)
  differ edgetime (atomic=1 seed=23)                         ok (DIFFER edgetime: 4427 ops, 0 diffs, 61 deadline-bounded TTL checks -> PASS)
  differ xshard (atomic=1 seed=23)                           ok (DIFFER xshard: 4276 ops, 0 diffs, 0 deadline-bounded TTL checks -> PASS)
  differ xmove (atomic=1 seed=23)                            ok (DIFFER xmove: 4263 ops, 0 diffs, 0 deadline-bounded TTL checks -> PASS)
  differ bitmap (atomic=1 seed=23)                           ok (DIFFER bitmap: 4262 ops, 0 diffs, 0 deadline-bounded TTL checks -> PASS)
  differ hll (atomic=1 seed=23)                              ok (DIFFER hll: 3071 ops, 0 diffs, 0 deadline-bounded TTL checks -> PASS)
  differ bitfield (atomic=1 seed=23)                         ok (DIFFER bitfield: 3226 ops, 0 diffs, 1 deadline-bounded TTL checks -> PASS)
  differ cgaps (atomic=1 seed=23)                            ok (DIFFER cgaps: 3310 ops, 0 diffs, 0 deadline-bounded TTL checks -> PASS)
  differ stream (atomic=1 seed=23)                           ok (DIFFER stream: 4031 ops, 0 diffs, 0 deadline-bounded TTL checks -> PASS)
  differ script (atomic=1 seed=23)                           ok (DIFFER script: 5048 ops, 0 diffs, 0 deadline-bounded TTL checks -> PASS)
  differ streamgrp (atomic=1 seed=23)                        ok (DIFFER streamgrp: 4052 ops, 0 diffs, 0 deadline-bounded TTL checks -> PASS)
  differ zsetops (atomic=1 seed=23)                          ok (DIFFER zsetops: 4200 ops, 0 diffs, 0 deadline-bounded TTL checks -> PASS)
  differ geo (atomic=1 seed=23)                              ok (DIFFER geo: 4951 ops, 0 diffs, 0 deadline-bounded TTL checks -> PASS)
  differ doubles (atomic=1 seed=23)                          ok (DIFFER doubles: 5000 ops, 0 diffs, 0 deadline-bounded TTL checks -> PASS)
  differ scan (atomic=1 seed=23)                             ok (DIFFER scan: 4081 ops, 0 diffs, 0 deadline-bounded TTL checks -> PASS)
  differ multi (atomic=1 seed=23)                            ok (DIFFER multi: 4227 ops, 0 diffs, 0 deadline-bounded TTL checks -> PASS)
  differ edgeenc (atomic=1 seed=23)                          ok (DIFFER edgeenc: 6757 ops, 0 diffs, 0 deadline-bounded TTL checks -> PASS)
  differ edgeproto (atomic=1 seed=23)                        ok (DIFFER edgeproto: 5200 ops, 0 diffs, 0 deadline-bounded TTL checks -> PASS)
  differ cmdgap (atomic=1 seed=23)                           ok (DIFFER cmdgap: 4213 ops, 0 diffs, 0 deadline-bounded TTL checks -> PASS)
  differ cmdgap2 (atomic=1 seed=23)                          ok (DIFFER cmdgap2: 4241 ops, 0 diffs, 0 deadline-bounded TTL checks -> PASS)
  differ sort (atomic=1 seed=23)                             ok (DIFFER sort: 4631 ops, 0 diffs, 0 deadline-bounded TTL checks -> PASS)
  differ servertail (atomic=1 seed=23)                       ok (DIFFER servertail: 5339 ops, 0 diffs, 0 deadline-bounded TTL checks -> PASS)
  differ arity (atomic=1 seed=23)                            ok (DIFFER arity: 4200 ops, 0 diffs, 0 deadline-bounded TTL checks -> PASS)
  differ storeorder (atomic=1 seed=23)                       ok (DIFFER storeorder: 4600 ops, 0 diffs, 0 deadline-bounded TTL checks -> PASS)
  differ infofix (atomic=1 seed=23)                          ok (DIFFER infofix: 4200 ops, 0 diffs, 0 deadline-bounded TTL checks -> PASS)
  differ multidb (atomic=1 seed=23)                          ok (DIFFER multidb: 5317 ops, 0 diffs, 0 deadline-bounded TTL checks -> PASS)
  differ blocking (atomic=1 seed=23)                         ok (DIFFER blocking: 5294 logical ops, 5357 checks, 0 diffs -> PASS)
  differ pubsub (atomic=1 seed=23)                           ok (DIFFER pubsub: 4198 logical ops, 26605 checks, 0 diffs -> PASS)
  differ fanout (atomic=1 seed=23)                           ok (DIFFER fanout: 10420 checks, 0 diffs -> PASS)
  differ spubsub (atomic=1 seed=23)                          ok (DIFFER spubsub: 822 checks, 0 diffs -> PASS)
  differ notify (atomic=1 seed=23)                           ok (DIFFER notify: 327 ops, 451 events, 0 diffs -> PASS)
  differ wiredump (atomic=1 seed=23)                         ok (DIFFER wiredump: 4200 ops, 0 diffs, 824 deadline-bounded TTL checks -> PASS)
  differ climon (atomic=1 seed=23)                           ok (DIFFER climon: 4318 ops, 0 diffs -> PASS)
  differ compatintro (atomic=1 seed=23)                      ok (DIFFER compatintro: 5579 checks, 0 diffs -> PASS (getkeys=1550, config_multi=608, client_rows=224, acl_mutations=407, notify_events=15, silence_controls=5))
  differ aclsel (atomic=1 seed=23)                           ok (DIFFER aclsel: 12619 checks, 0 diffs -> PASS (rejections=4200, unchanged=4200, grants=1400, command_denials=700, key_denials=1400, channel_denials=700))
  differ cmdmeta (atomic=1 seed=23)                          ok (DIFFER cmdmeta: 4475 ops, 0 diffs -> PASS (info=2068, intent=2132, pipes=96, categories=21, docs_boundary=1, zero_controls=2, absent_info_docs=78, patterns=8, module_filters=3))
  differ s6fix (atomic=1 seed=23)                            ok (DIFFER s6fix: 48456 logical ops, 0 diffs -> PASS)
  differ ccfix (atomic=1 seed=23)                            ok (DIFFER ccfix: 222 exact comparisons -> PASS)
  differ psfix (atomic=1 seed=23)                            ok (DIFFER psfix: 27 exact/property checks, 0 diffs -> PASS)
  differ string (atomic=1 seed=21)                           ok (DIFFER string: 4033 ops, 0 diffs, 182 deadline-bounded TTL checks -> PASS)
  differ list (atomic=1 seed=21)                             ok (DIFFER list: 3521 ops, 0 diffs, 0 deadline-bounded TTL checks -> PASS)
  differ set (atomic=1 seed=21)                              ok (DIFFER set: 3524 ops, 0 diffs, 0 deadline-bounded TTL checks -> PASS)
  differ zset (atomic=1 seed=21)                             ok (DIFFER zset: 3531 ops, 0 diffs, 0 deadline-bounded TTL checks -> PASS)
  differ hash (atomic=1 seed=21)                             ok (DIFFER hash: 3545 ops, 0 diffs, 0 deadline-bounded TTL checks -> PASS)
  differ hexpire (atomic=1 seed=21)                          ok (DIFFER hexpire: 4288 ops, 0 diffs, 265 deadline-bounded TTL checks -> PASS)
  differ edgetime (atomic=1 seed=21)                         ok (DIFFER edgetime: 4427 ops, 0 diffs, 74 deadline-bounded TTL checks -> PASS)
  differ xshard (atomic=1 seed=21)                           ok (DIFFER xshard: 4276 ops, 0 diffs, 0 deadline-bounded TTL checks -> PASS)
  differ xmove (atomic=1 seed=21)                            ok (DIFFER xmove: 4263 ops, 0 diffs, 0 deadline-bounded TTL checks -> PASS)
  differ bitmap (atomic=1 seed=21)                           ok (DIFFER bitmap: 4262 ops, 0 diffs, 0 deadline-bounded TTL checks -> PASS)
  differ hll (atomic=1 seed=21)                              ok (DIFFER hll: 3034 ops, 0 diffs, 0 deadline-bounded TTL checks -> PASS)
  differ bitfield (atomic=1 seed=21)                         ok (DIFFER bitfield: 3226 ops, 0 diffs, 1 deadline-bounded TTL checks -> PASS)
  differ cgaps (atomic=1 seed=21)                            ok (DIFFER cgaps: 3310 ops, 0 diffs, 0 deadline-bounded TTL checks -> PASS)
  differ stream (atomic=1 seed=21)                           ok (DIFFER stream: 4031 ops, 0 diffs, 0 deadline-bounded TTL checks -> PASS)
  differ script (atomic=1 seed=21)                           ok (DIFFER script: 5050 ops, 0 diffs, 0 deadline-bounded TTL checks -> PASS)
  differ streamgrp (atomic=1 seed=21)                        ok (DIFFER streamgrp: 4052 ops, 0 diffs, 0 deadline-bounded TTL checks -> PASS)
  differ zsetops (atomic=1 seed=21)                          ok (DIFFER zsetops: 4200 ops, 0 diffs, 0 deadline-bounded TTL checks -> PASS)
  differ geo (atomic=1 seed=21)                              ok (DIFFER geo: 4951 ops, 0 diffs, 0 deadline-bounded TTL checks -> PASS)
  differ doubles (atomic=1 seed=21)                          ok (DIFFER doubles: 5000 ops, 0 diffs, 0 deadline-bounded TTL checks -> PASS)
  differ scan (atomic=1 seed=21)                             ok (DIFFER scan: 4081 ops, 0 diffs, 0 deadline-bounded TTL checks -> PASS)
  differ multi (atomic=1 seed=21)                            ok (DIFFER multi: 4194 ops, 0 diffs, 0 deadline-bounded TTL checks -> PASS)
  differ edgeenc (atomic=1 seed=21)                          ok (DIFFER edgeenc: 6757 ops, 0 diffs, 0 deadline-bounded TTL checks -> PASS)
  differ edgeproto (atomic=1 seed=21)                        ok (DIFFER edgeproto: 5200 ops, 0 diffs, 0 deadline-bounded TTL checks -> PASS)
  differ cmdgap (atomic=1 seed=21)                           ok (DIFFER cmdgap: 4213 ops, 0 diffs, 0 deadline-bounded TTL checks -> PASS)
  differ cmdgap2 (atomic=1 seed=21)                          ok (DIFFER cmdgap2: 4241 ops, 0 diffs, 0 deadline-bounded TTL checks -> PASS)
  differ sort (atomic=1 seed=21)                             ok (DIFFER sort: 4630 ops, 0 diffs, 0 deadline-bounded TTL checks -> PASS)
  differ servertail (atomic=1 seed=21)                       ok (DIFFER servertail: 5339 ops, 0 diffs, 0 deadline-bounded TTL checks -> PASS)
  differ arity (atomic=1 seed=21)                            ok (DIFFER arity: 4200 ops, 0 diffs, 0 deadline-bounded TTL checks -> PASS)
  differ storeorder (atomic=1 seed=21)                       ok (DIFFER storeorder: 4600 ops, 0 diffs, 0 deadline-bounded TTL checks -> PASS)
  differ infofix (atomic=1 seed=21)                          ok (DIFFER infofix: 4200 ops, 0 diffs, 0 deadline-bounded TTL checks -> PASS)
  differ multidb (atomic=1 seed=21)                          ok (DIFFER multidb: 5431 ops, 0 diffs, 0 deadline-bounded TTL checks -> PASS)
  differ blocking (atomic=1 seed=21)                         ok (DIFFER blocking: 5299 logical ops, 5362 checks, 0 diffs -> PASS)
  differ pubsub (atomic=1 seed=21)                           ok (DIFFER pubsub: 4198 logical ops, 25944 checks, 0 diffs -> PASS)
  differ fanout (atomic=1 seed=21)                           ok (DIFFER fanout: 12325 checks, 0 diffs -> PASS)
  differ spubsub (atomic=1 seed=21)                          ok (DIFFER spubsub: 835 checks, 0 diffs -> PASS)
  differ notify (atomic=1 seed=21)                           ok (DIFFER notify: 331 ops, 460 events, 0 diffs -> PASS)
  differ wiredump (atomic=1 seed=21)                         ok (DIFFER wiredump: 4200 ops, 0 diffs, 830 deadline-bounded TTL checks -> PASS)
  differ climon (atomic=1 seed=21)                           ok (DIFFER climon: 4318 ops, 0 diffs -> PASS)
  differ compatintro (atomic=1 seed=21)                      ok (DIFFER compatintro: 5615 checks, 0 diffs -> PASS (getkeys=1550, config_multi=633, client_rows=244, acl_mutations=364, notify_events=15, silence_controls=5))
  differ aclsel (atomic=1 seed=21)                           ok (DIFFER aclsel: 12619 checks, 0 diffs -> PASS (rejections=4200, unchanged=4200, grants=1400, command_denials=700, key_denials=1400, channel_denials=700))
  differ cmdmeta (atomic=1 seed=21)                          ok (DIFFER cmdmeta: 4475 ops, 0 diffs -> PASS (info=2140, intent=2060, pipes=96, categories=21, docs_boundary=1, zero_controls=2, absent_info_docs=78, patterns=8, module_filters=3))
  differ s6fix (atomic=1 seed=21)                            ok (DIFFER s6fix: 48456 logical ops, 0 diffs -> PASS)
  differ ccfix (atomic=1 seed=21)                            ok (DIFFER ccfix: 222 exact comparisons -> PASS)
  differ psfix (atomic=1 seed=21)                            ok (DIFFER psfix: 27 exact/property checks, 0 diffs -> PASS)
  differ multi (atomic=1 seed=19 rep 1)                      ok (DIFFER multi: 4272 ops, 0 diffs, 0 deadline-bounded TTL checks -> PASS)
  differ multi (atomic=1 seed=19 rep 2)                      ok (DIFFER multi: 4272 ops, 0 diffs, 0 deadline-bounded TTL checks -> PASS)
  differ multi (atomic=1 seed=19 rep 3)                      ok (DIFFER multi: 4272 ops, 0 diffs, 0 deadline-bounded TTL checks -> PASS)
  differ multi (atomic=1 seed=19 rep 4)                      ok (DIFFER multi: 4272 ops, 0 diffs, 0 deadline-bounded TTL checks -> PASS)
  target atomic=1 stop                                       ok (port 18340 free)
  oracle stop                                                ok (port 18341 free)
DIFFER COMMAND COVERAGE: diffed 232 of 245 registered commands (1057800 recorded comparison witnesses, 224 legs)
  not observed in compared replies/properties: BGREWRITEAOF, FLIP, HELLO, LOLWUT, MONITOR, QUIT, REPLICAOF, SHUTDOWN, SLAVEOF, TIME, UNWATCH, WATCH, ZREVRANGE
DIFFER GATE: pass=224 fail=0 runtime=7m56s
  Redis 7.4 differential part (split, atomic 1)        ok
  row budget: 900s; median=-s; no-history-conservative-default; Redis 7.4 differential part (armed fused, atomic 0)
DIFFER suites (44): string list set zset hash hexpire edgetime xshard xmove bitmap hll bitfield cgaps stream script streamgrp zsetops geo doubles scan multi edgeenc edgeproto cmdgap cmdgap2 sort servertail arity storeorder infofix multidb blocking pubsub fanout spubsub notify wiredump climon compatintro aclsel cmdmeta s6fix ccfix psfix
DIFFER geometry: armed-fused (--thread-mode fused --read-local 1)
DIFFER matrix: atomic={0} seeds={7 19 20 23 21} legs=220 logs=/home/user/Projects/cx-flakeaudit2/build/gate-run.9MPk3h/jobs/differ-armed-0/differ
  vanilla Redis oracle boot                                  ok (pid=3625984 port=18341)
  oracle identity                                            ok (vanilla redis_version=7.4.10)
  target atomic=0 boot                                       ok (pid=3626009 port=18340)
  differ string (atomic=0 seed=7)                            ok (DIFFER string: 4033 ops, 0 diffs, 166 deadline-bounded TTL checks -> PASS)
  differ list (atomic=0 seed=7)                              ok (DIFFER list: 3521 ops, 0 diffs, 0 deadline-bounded TTL checks -> PASS)
  differ set (atomic=0 seed=7)                               ok (DIFFER set: 3524 ops, 0 diffs, 0 deadline-bounded TTL checks -> PASS)
  differ zset (atomic=0 seed=7)                              ok (DIFFER zset: 3531 ops, 0 diffs, 0 deadline-bounded TTL checks -> PASS)
  differ hash (atomic=0 seed=7)                              ok (DIFFER hash: 3545 ops, 0 diffs, 0 deadline-bounded TTL checks -> PASS)
  differ hexpire (atomic=0 seed=7)                           ok (DIFFER hexpire: 4288 ops, 0 diffs, 299 deadline-bounded TTL checks -> PASS)
  differ edgetime (atomic=0 seed=7)                          ok (DIFFER edgetime: 4427 ops, 0 diffs, 77 deadline-bounded TTL checks -> PASS)
  differ xshard (atomic=0 seed=7)                            ok (DIFFER xshard: 4276 ops, 0 diffs, 0 deadline-bounded TTL checks -> PASS)
  differ xmove (atomic=0 seed=7)                             ok (DIFFER xmove: 4263 ops, 0 diffs, 0 deadline-bounded TTL checks -> PASS)
  differ bitmap (atomic=0 seed=7)                            ok (DIFFER bitmap: 4262 ops, 0 diffs, 0 deadline-bounded TTL checks -> PASS)
  differ hll (atomic=0 seed=7)                               ok (DIFFER hll: 3057 ops, 0 diffs, 0 deadline-bounded TTL checks -> PASS)
  differ bitfield (atomic=0 seed=7)                          ok (DIFFER bitfield: 3226 ops, 0 diffs, 1 deadline-bounded TTL checks -> PASS)
  differ cgaps (atomic=0 seed=7)                             ok (DIFFER cgaps: 3310 ops, 0 diffs, 0 deadline-bounded TTL checks -> PASS)
  differ stream (atomic=0 seed=7)                            ok (DIFFER stream: 4031 ops, 0 diffs, 0 deadline-bounded TTL checks -> PASS)
  differ script (atomic=0 seed=7)                            ok (DIFFER script: 5061 ops, 0 diffs, 0 deadline-bounded TTL checks -> PASS)
  differ streamgrp (atomic=0 seed=7)                         ok (DIFFER streamgrp: 4052 ops, 0 diffs, 0 deadline-bounded TTL checks -> PASS)
  differ zsetops (atomic=0 seed=7)                           ok (DIFFER zsetops: 4200 ops, 0 diffs, 0 deadline-bounded TTL checks -> PASS)
  differ geo (atomic=0 seed=7)                               ok (DIFFER geo: 4951 ops, 0 diffs, 0 deadline-bounded TTL checks -> PASS)
  differ doubles (atomic=0 seed=7)                           ok (DIFFER doubles: 5000 ops, 0 diffs, 0 deadline-bounded TTL checks -> PASS)
  differ scan (atomic=0 seed=7)                              ok (DIFFER scan: 4081 ops, 0 diffs, 0 deadline-bounded TTL checks -> PASS)
  differ multi (atomic=0 seed=7)                             ok (DIFFER multi: 4275 ops, 0 diffs, 0 deadline-bounded TTL checks -> PASS)
  differ edgeenc (atomic=0 seed=7)                           ok (DIFFER edgeenc: 6757 ops, 0 diffs, 0 deadline-bounded TTL checks -> PASS)
  differ edgeproto (atomic=0 seed=7)                         ok (DIFFER edgeproto: 5200 ops, 0 diffs, 0 deadline-bounded TTL checks -> PASS)
  differ cmdgap (atomic=0 seed=7)                            ok (DIFFER cmdgap: 4213 ops, 0 diffs, 0 deadline-bounded TTL checks -> PASS)
  differ cmdgap2 (atomic=0 seed=7)                           ok (DIFFER cmdgap2: 4241 ops, 0 diffs, 0 deadline-bounded TTL checks -> PASS)
  differ sort (atomic=0 seed=7)                              SKIP (suite requires the split 6:2 geometry)
  differ servertail (atomic=0 seed=7)                        ok (DIFFER servertail: 5339 ops, 0 diffs, 0 deadline-bounded TTL checks -> PASS)
  differ arity (atomic=0 seed=7)                             ok (DIFFER arity: 4200 ops, 0 diffs, 0 deadline-bounded TTL checks -> PASS)
  differ storeorder (atomic=0 seed=7)                        ok (DIFFER storeorder: 4600 ops, 0 diffs, 0 deadline-bounded TTL checks -> PASS)
  differ infofix (atomic=0 seed=7)                           ok (DIFFER infofix: 4200 ops, 0 diffs, 0 deadline-bounded TTL checks -> PASS)
  differ multidb (atomic=0 seed=7)                           ok (DIFFER multidb: 5419 ops, 0 diffs, 0 deadline-bounded TTL checks -> PASS)
  differ blocking (atomic=0 seed=7)                          ok (DIFFER blocking: 5327 logical ops, 5390 checks, 0 diffs -> PASS)
  differ pubsub (atomic=0 seed=7)                            ok (DIFFER pubsub: 4198 logical ops, 25486 checks, 0 diffs -> PASS)
  differ fanout (atomic=0 seed=7)                            ok (DIFFER fanout: 14237 checks, 0 diffs -> PASS)
  differ spubsub (atomic=0 seed=7)                           ok (DIFFER spubsub: 801 checks, 0 diffs -> PASS)
  differ notify (atomic=0 seed=7)                            ok (DIFFER notify: 345 ops, 470 events, 0 diffs -> PASS)
  differ wiredump (atomic=0 seed=7)                          ok (DIFFER wiredump: 4200 ops, 0 diffs, 789 deadline-bounded TTL checks -> PASS)
  differ climon (atomic=0 seed=7)                            ok (DIFFER climon: 4318 ops, 0 diffs -> PASS)
  differ compatintro (atomic=0 seed=7)                       ok (DIFFER compatintro: 5630 checks, 0 diffs -> PASS (getkeys=1550, config_multi=631, client_rows=262, acl_mutations=401, notify_events=15, silence_controls=5))
  differ aclsel (atomic=0 seed=7)                            ok (DIFFER aclsel: 12619 checks, 0 diffs -> PASS (rejections=4200, unchanged=4200, grants=1400, command_denials=700, key_denials=1400, channel_denials=700))
  differ cmdmeta (atomic=0 seed=7)                           ok (DIFFER cmdmeta: 4475 ops, 0 diffs -> PASS (info=2125, intent=2075, pipes=96, categories=21, docs_boundary=1, zero_controls=2, absent_info_docs=78, patterns=8, module_filters=3))
  differ s6fix (atomic=0 seed=7)                             ok (DIFFER s6fix: 48456 logical ops, 0 diffs -> PASS)
  differ ccfix (atomic=0 seed=7)                             ok (DIFFER ccfix: 210 exact comparisons -> PASS)
  differ psfix (atomic=0 seed=7)                             ok (DIFFER psfix: 27 exact/property checks, 0 diffs -> PASS)
  differ string (atomic=0 seed=19)                           ok (DIFFER string: 4033 ops, 0 diffs, 199 deadline-bounded TTL checks -> PASS)
  differ list (atomic=0 seed=19)                             ok (DIFFER list: 3521 ops, 0 diffs, 0 deadline-bounded TTL checks -> PASS)
  differ set (atomic=0 seed=19)                              ok (DIFFER set: 3524 ops, 0 diffs, 0 deadline-bounded TTL checks -> PASS)
  differ zset (atomic=0 seed=19)                             ok (DIFFER zset: 3531 ops, 0 diffs, 0 deadline-bounded TTL checks -> PASS)
  differ hash (atomic=0 seed=19)                             ok (DIFFER hash: 3545 ops, 0 diffs, 0 deadline-bounded TTL checks -> PASS)
  differ hexpire (atomic=0 seed=19)                          ok (DIFFER hexpire: 4288 ops, 0 diffs, 291 deadline-bounded TTL checks -> PASS)
  differ edgetime (atomic=0 seed=19)                         ok (DIFFER edgetime: 4427 ops, 0 diffs, 73 deadline-bounded TTL checks -> PASS)
  differ xshard (atomic=0 seed=19)                           ok (DIFFER xshard: 4276 ops, 0 diffs, 0 deadline-bounded TTL checks -> PASS)
  differ xmove (atomic=0 seed=19)                            ok (DIFFER xmove: 4263 ops, 0 diffs, 0 deadline-bounded TTL checks -> PASS)
  differ bitmap (atomic=0 seed=19)                           ok (DIFFER bitmap: 4262 ops, 0 diffs, 0 deadline-bounded TTL checks -> PASS)
  differ hll (atomic=0 seed=19)                              ok (DIFFER hll: 3045 ops, 0 diffs, 0 deadline-bounded TTL checks -> PASS)
  differ bitfield (atomic=0 seed=19)                         ok (DIFFER bitfield: 3226 ops, 0 diffs, 1 deadline-bounded TTL checks -> PASS)
  differ cgaps (atomic=0 seed=19)                            ok (DIFFER cgaps: 3310 ops, 0 diffs, 0 deadline-bounded TTL checks -> PASS)
  differ stream (atomic=0 seed=19)                           ok (DIFFER stream: 4031 ops, 0 diffs, 0 deadline-bounded TTL checks -> PASS)
  differ script (atomic=0 seed=19)                           ok (DIFFER script: 5053 ops, 0 diffs, 0 deadline-bounded TTL checks -> PASS)
  differ streamgrp (atomic=0 seed=19)                        ok (DIFFER streamgrp: 4052 ops, 0 diffs, 0 deadline-bounded TTL checks -> PASS)
  differ zsetops (atomic=0 seed=19)                          ok (DIFFER zsetops: 4200 ops, 0 diffs, 0 deadline-bounded TTL checks -> PASS)
  differ geo (atomic=0 seed=19)                              ok (DIFFER geo: 4951 ops, 0 diffs, 0 deadline-bounded TTL checks -> PASS)
  differ doubles (atomic=0 seed=19)                          ok (DIFFER doubles: 5000 ops, 0 diffs, 0 deadline-bounded TTL checks -> PASS)
  differ scan (atomic=0 seed=19)                             ok (DIFFER scan: 4081 ops, 0 diffs, 0 deadline-bounded TTL checks -> PASS)
  differ multi (atomic=0 seed=19)                            ok (DIFFER multi: 4272 ops, 0 diffs, 0 deadline-bounded TTL checks -> PASS)
  differ edgeenc (atomic=0 seed=19)                          ok (DIFFER edgeenc: 6757 ops, 0 diffs, 0 deadline-bounded TTL checks -> PASS)
  differ edgeproto (atomic=0 seed=19)                        ok (DIFFER edgeproto: 5200 ops, 0 diffs, 0 deadline-bounded TTL checks -> PASS)
  differ cmdgap (atomic=0 seed=19)                           ok (DIFFER cmdgap: 4213 ops, 0 diffs, 0 deadline-bounded TTL checks -> PASS)
  differ cmdgap2 (atomic=0 seed=19)                          ok (DIFFER cmdgap2: 4241 ops, 0 diffs, 0 deadline-bounded TTL checks -> PASS)
  differ sort (atomic=0 seed=19)                             SKIP (suite requires the split 6:2 geometry)
  differ servertail (atomic=0 seed=19)                       ok (DIFFER servertail: 5339 ops, 0 diffs, 0 deadline-bounded TTL checks -> PASS)
  differ arity (atomic=0 seed=19)                            ok (DIFFER arity: 4200 ops, 0 diffs, 0 deadline-bounded TTL checks -> PASS)
  differ storeorder (atomic=0 seed=19)                       ok (DIFFER storeorder: 4600 ops, 0 diffs, 0 deadline-bounded TTL checks -> PASS)
  differ infofix (atomic=0 seed=19)                          ok (DIFFER infofix: 4200 ops, 0 diffs, 0 deadline-bounded TTL checks -> PASS)
  differ multidb (atomic=0 seed=19)                          ok (DIFFER multidb: 5557 ops, 0 diffs, 0 deadline-bounded TTL checks -> PASS)
  differ blocking (atomic=0 seed=19)                         ok (DIFFER blocking: 5297 logical ops, 5360 checks, 0 diffs -> PASS)
  differ pubsub (atomic=0 seed=19)                           ok (DIFFER pubsub: 4198 logical ops, 25265 checks, 0 diffs -> PASS)
  differ fanout (atomic=0 seed=19)                           ok (DIFFER fanout: 7081 checks, 0 diffs -> PASS)
  differ spubsub (atomic=0 seed=19)                          ok (DIFFER spubsub: 809 checks, 0 diffs -> PASS)
  differ notify (atomic=0 seed=19)                           ok (DIFFER notify: 331 ops, 454 events, 0 diffs -> PASS)
  differ wiredump (atomic=0 seed=19)                         ok (DIFFER wiredump: 4200 ops, 0 diffs, 801 deadline-bounded TTL checks -> PASS)
  differ climon (atomic=0 seed=19)                           ok (DIFFER climon: 4318 ops, 0 diffs -> PASS)
  differ compatintro (atomic=0 seed=19)                      ok (DIFFER compatintro: 5633 checks, 0 diffs -> PASS (getkeys=1550, config_multi=637, client_rows=240, acl_mutations=396, notify_events=15, silence_controls=5))
  differ aclsel (atomic=0 seed=19)                           ok (DIFFER aclsel: 12619 checks, 0 diffs -> PASS (rejections=4200, unchanged=4200, grants=1400, command_denials=700, key_denials=1400, channel_denials=700))
  differ cmdmeta (atomic=0 seed=19)                          ok (DIFFER cmdmeta: 4475 ops, 0 diffs -> PASS (info=2078, intent=2122, pipes=96, categories=21, docs_boundary=1, zero_controls=2, absent_info_docs=78, patterns=8, module_filters=3))
  differ s6fix (atomic=0 seed=19)                            ok (DIFFER s6fix: 48456 logical ops, 0 diffs -> PASS)
  differ ccfix (atomic=0 seed=19)                            ok (DIFFER ccfix: 210 exact comparisons -> PASS)
  differ psfix (atomic=0 seed=19)                            ok (DIFFER psfix: 27 exact/property checks, 0 diffs -> PASS)
  differ string (atomic=0 seed=20)                           ok (DIFFER string: 4033 ops, 0 diffs, 197 deadline-bounded TTL checks -> PASS)
  differ list (atomic=0 seed=20)                             ok (DIFFER list: 3521 ops, 0 diffs, 0 deadline-bounded TTL checks -> PASS)
  differ set (atomic=0 seed=20)                              ok (DIFFER set: 3524 ops, 0 diffs, 0 deadline-bounded TTL checks -> PASS)
  differ zset (atomic=0 seed=20)                             ok (DIFFER zset: 3531 ops, 0 diffs, 0 deadline-bounded TTL checks -> PASS)
  differ hash (atomic=0 seed=20)                             ok (DIFFER hash: 3545 ops, 0 diffs, 0 deadline-bounded TTL checks -> PASS)
  differ hexpire (atomic=0 seed=20)                          ok (DIFFER hexpire: 4288 ops, 0 diffs, 280 deadline-bounded TTL checks -> PASS)
  differ edgetime (atomic=0 seed=20)                         ok (DIFFER edgetime: 4427 ops, 0 diffs, 64 deadline-bounded TTL checks -> PASS)
  differ xshard (atomic=0 seed=20)                           ok (DIFFER xshard: 4276 ops, 0 diffs, 0 deadline-bounded TTL checks -> PASS)
  differ xmove (atomic=0 seed=20)                            ok (DIFFER xmove: 4263 ops, 0 diffs, 0 deadline-bounded TTL checks -> PASS)
  differ bitmap (atomic=0 seed=20)                           ok (DIFFER bitmap: 4262 ops, 0 diffs, 0 deadline-bounded TTL checks -> PASS)
  differ hll (atomic=0 seed=20)                              ok (DIFFER hll: 3068 ops, 0 diffs, 0 deadline-bounded TTL checks -> PASS)
  differ bitfield (atomic=0 seed=20)                         ok (DIFFER bitfield: 3226 ops, 0 diffs, 1 deadline-bounded TTL checks -> PASS)
  differ cgaps (atomic=0 seed=20)                            ok (DIFFER cgaps: 3310 ops, 0 diffs, 0 deadline-bounded TTL checks -> PASS)
  differ stream (atomic=0 seed=20)                           ok (DIFFER stream: 4031 ops, 0 diffs, 0 deadline-bounded TTL checks -> PASS)
  differ script (atomic=0 seed=20)                           ok (DIFFER script: 5062 ops, 0 diffs, 0 deadline-bounded TTL checks -> PASS)
  differ streamgrp (atomic=0 seed=20)                        ok (DIFFER streamgrp: 4052 ops, 0 diffs, 0 deadline-bounded TTL checks -> PASS)
  differ zsetops (atomic=0 seed=20)                          ok (DIFFER zsetops: 4200 ops, 0 diffs, 0 deadline-bounded TTL checks -> PASS)
  differ geo (atomic=0 seed=20)                              ok (DIFFER geo: 4951 ops, 0 diffs, 0 deadline-bounded TTL checks -> PASS)
  differ doubles (atomic=0 seed=20)                          ok (DIFFER doubles: 5000 ops, 0 diffs, 0 deadline-bounded TTL checks -> PASS)
  differ scan (atomic=0 seed=20)                             ok (DIFFER scan: 4081 ops, 0 diffs, 0 deadline-bounded TTL checks -> PASS)
  differ multi (atomic=0 seed=20)                            ok (DIFFER multi: 4204 ops, 0 diffs, 0 deadline-bounded TTL checks -> PASS)
  differ edgeenc (atomic=0 seed=20)                          ok (DIFFER edgeenc: 6757 ops, 0 diffs, 0 deadline-bounded TTL checks -> PASS)
  differ edgeproto (atomic=0 seed=20)                        ok (DIFFER edgeproto: 5200 ops, 0 diffs, 0 deadline-bounded TTL checks -> PASS)
  differ cmdgap (atomic=0 seed=20)                           ok (DIFFER cmdgap: 4213 ops, 0 diffs, 0 deadline-bounded TTL checks -> PASS)
  differ cmdgap2 (atomic=0 seed=20)                          ok (DIFFER cmdgap2: 4241 ops, 0 diffs, 0 deadline-bounded TTL checks -> PASS)
  differ sort (atomic=0 seed=20)                             SKIP (suite requires the split 6:2 geometry)
  differ servertail (atomic=0 seed=20)                       ok (DIFFER servertail: 5339 ops, 0 diffs, 0 deadline-bounded TTL checks -> PASS)
  differ arity (atomic=0 seed=20)                            ok (DIFFER arity: 4200 ops, 0 diffs, 0 deadline-bounded TTL checks -> PASS)
  differ storeorder (atomic=0 seed=20)                       ok (DIFFER storeorder: 4600 ops, 0 diffs, 0 deadline-bounded TTL checks -> PASS)
  differ infofix (atomic=0 seed=20)                          ok (DIFFER infofix: 4200 ops, 0 diffs, 0 deadline-bounded TTL checks -> PASS)
  differ multidb (atomic=0 seed=20)                          ok (DIFFER multidb: 5461 ops, 0 diffs, 0 deadline-bounded TTL checks -> PASS)
  differ blocking (atomic=0 seed=20)                         ok (DIFFER blocking: 5259 logical ops, 5322 checks, 0 diffs -> PASS)
  differ pubsub (atomic=0 seed=20)                           ok (DIFFER pubsub: 4198 logical ops, 25960 checks, 0 diffs -> PASS)
  differ fanout (atomic=0 seed=20)                           ok (DIFFER fanout: 10363 checks, 0 diffs -> PASS)
  differ spubsub (atomic=0 seed=20)                          ok (DIFFER spubsub: 786 checks, 0 diffs -> PASS)
  differ notify (atomic=0 seed=20)                           ok (DIFFER notify: 331 ops, 463 events, 0 diffs -> PASS)
  differ wiredump (atomic=0 seed=20)                         ok (DIFFER wiredump: 4200 ops, 0 diffs, 822 deadline-bounded TTL checks -> PASS)
  differ climon (atomic=0 seed=20)                           ok (DIFFER climon: 4318 ops, 0 diffs -> PASS)
  differ compatintro (atomic=0 seed=20)                      ok (DIFFER compatintro: 5586 checks, 0 diffs -> PASS (getkeys=1550, config_multi=604, client_rows=258, acl_mutations=409, notify_events=15, silence_controls=5))
  differ aclsel (atomic=0 seed=20)                           ok (DIFFER aclsel: 12619 checks, 0 diffs -> PASS (rejections=4200, unchanged=4200, grants=1400, command_denials=700, key_denials=1400, channel_denials=700))
  differ cmdmeta (atomic=0 seed=20)                          ok (DIFFER cmdmeta: 4475 ops, 0 diffs -> PASS (info=2057, intent=2143, pipes=96, categories=21, docs_boundary=1, zero_controls=2, absent_info_docs=78, patterns=8, module_filters=3))
  differ s6fix (atomic=0 seed=20)                            ok (DIFFER s6fix: 48456 logical ops, 0 diffs -> PASS)
  differ ccfix (atomic=0 seed=20)                            ok (DIFFER ccfix: 210 exact comparisons -> PASS)
  differ psfix (atomic=0 seed=20)                            ok (DIFFER psfix: 27 exact/property checks, 0 diffs -> PASS)
  differ string (atomic=0 seed=23)                           ok (DIFFER string: 4033 ops, 0 diffs, 195 deadline-bounded TTL checks -> PASS)
  differ list (atomic=0 seed=23)                             ok (DIFFER list: 3521 ops, 0 diffs, 0 deadline-bounded TTL checks -> PASS)
  differ set (atomic=0 seed=23)                              ok (DIFFER set: 3524 ops, 0 diffs, 0 deadline-bounded TTL checks -> PASS)
  differ zset (atomic=0 seed=23)                             ok (DIFFER zset: 3531 ops, 0 diffs, 0 deadline-bounded TTL checks -> PASS)
  differ hash (atomic=0 seed=23)                             ok (DIFFER hash: 3545 ops, 0 diffs, 0 deadline-bounded TTL checks -> PASS)
  differ hexpire (atomic=0 seed=23)                          ok (DIFFER hexpire: 4288 ops, 0 diffs, 327 deadline-bounded TTL checks -> PASS)
  differ edgetime (atomic=0 seed=23)                         ok (DIFFER edgetime: 4427 ops, 0 diffs, 61 deadline-bounded TTL checks -> PASS)
  differ xshard (atomic=0 seed=23)                           ok (DIFFER xshard: 4276 ops, 0 diffs, 0 deadline-bounded TTL checks -> PASS)
  differ xmove (atomic=0 seed=23)                            ok (DIFFER xmove: 4263 ops, 0 diffs, 0 deadline-bounded TTL checks -> PASS)
  differ bitmap (atomic=0 seed=23)                           ok (DIFFER bitmap: 4262 ops, 0 diffs, 0 deadline-bounded TTL checks -> PASS)
  differ hll (atomic=0 seed=23)                              ok (DIFFER hll: 3071 ops, 0 diffs, 0 deadline-bounded TTL checks -> PASS)
  differ bitfield (atomic=0 seed=23)                         ok (DIFFER bitfield: 3226 ops, 0 diffs, 1 deadline-bounded TTL checks -> PASS)
  differ cgaps (atomic=0 seed=23)                            ok (DIFFER cgaps: 3310 ops, 0 diffs, 0 deadline-bounded TTL checks -> PASS)
  differ stream (atomic=0 seed=23)                           ok (DIFFER stream: 4031 ops, 0 diffs, 0 deadline-bounded TTL checks -> PASS)
  differ script (atomic=0 seed=23)                           ok (DIFFER script: 5048 ops, 0 diffs, 0 deadline-bounded TTL checks -> PASS)
  differ streamgrp (atomic=0 seed=23)                        ok (DIFFER streamgrp: 4052 ops, 0 diffs, 0 deadline-bounded TTL checks -> PASS)
  differ zsetops (atomic=0 seed=23)                          ok (DIFFER zsetops: 4200 ops, 0 diffs, 0 deadline-bounded TTL checks -> PASS)
  differ geo (atomic=0 seed=23)                              ok (DIFFER geo: 4951 ops, 0 diffs, 0 deadline-bounded TTL checks -> PASS)
  differ doubles (atomic=0 seed=23)                          ok (DIFFER doubles: 5000 ops, 0 diffs, 0 deadline-bounded TTL checks -> PASS)
  differ scan (atomic=0 seed=23)                             ok (DIFFER scan: 4081 ops, 0 diffs, 0 deadline-bounded TTL checks -> PASS)
  differ multi (atomic=0 seed=23)                            ok (DIFFER multi: 4227 ops, 0 diffs, 0 deadline-bounded TTL checks -> PASS)
  differ edgeenc (atomic=0 seed=23)                          ok (DIFFER edgeenc: 6757 ops, 0 diffs, 0 deadline-bounded TTL checks -> PASS)
  differ edgeproto (atomic=0 seed=23)                        ok (DIFFER edgeproto: 5200 ops, 0 diffs, 0 deadline-bounded TTL checks -> PASS)
  differ cmdgap (atomic=0 seed=23)                           ok (DIFFER cmdgap: 4213 ops, 0 diffs, 0 deadline-bounded TTL checks -> PASS)
  differ cmdgap2 (atomic=0 seed=23)                          ok (DIFFER cmdgap2: 4241 ops, 0 diffs, 0 deadline-bounded TTL checks -> PASS)
  differ sort (atomic=0 seed=23)                             SKIP (suite requires the split 6:2 geometry)
  differ servertail (atomic=0 seed=23)                       ok (DIFFER servertail: 5339 ops, 0 diffs, 0 deadline-bounded TTL checks -> PASS)
  differ arity (atomic=0 seed=23)                            ok (DIFFER arity: 4200 ops, 0 diffs, 0 deadline-bounded TTL checks -> PASS)
  differ storeorder (atomic=0 seed=23)                       ok (DIFFER storeorder: 4600 ops, 0 diffs, 0 deadline-bounded TTL checks -> PASS)
  differ infofix (atomic=0 seed=23)                          ok (DIFFER infofix: 4200 ops, 0 diffs, 0 deadline-bounded TTL checks -> PASS)
  differ multidb (atomic=0 seed=23)                          ok (DIFFER multidb: 5317 ops, 0 diffs, 0 deadline-bounded TTL checks -> PASS)
  differ blocking (atomic=0 seed=23)                         ok (DIFFER blocking: 5294 logical ops, 5357 checks, 0 diffs -> PASS)
  differ pubsub (atomic=0 seed=23)                           ok (DIFFER pubsub: 4198 logical ops, 26605 checks, 0 diffs -> PASS)
  differ fanout (atomic=0 seed=23)                           ok (DIFFER fanout: 10420 checks, 0 diffs -> PASS)
  differ spubsub (atomic=0 seed=23)                          ok (DIFFER spubsub: 822 checks, 0 diffs -> PASS)
  differ notify (atomic=0 seed=23)                           ok (DIFFER notify: 327 ops, 451 events, 0 diffs -> PASS)
  differ wiredump (atomic=0 seed=23)                         ok (DIFFER wiredump: 4200 ops, 0 diffs, 824 deadline-bounded TTL checks -> PASS)
  differ climon (atomic=0 seed=23)                           ok (DIFFER climon: 4318 ops, 0 diffs -> PASS)
  differ compatintro (atomic=0 seed=23)                      ok (DIFFER compatintro: 5579 checks, 0 diffs -> PASS (getkeys=1550, config_multi=608, client_rows=224, acl_mutations=407, notify_events=15, silence_controls=5))
  differ aclsel (atomic=0 seed=23)                           ok (DIFFER aclsel: 12619 checks, 0 diffs -> PASS (rejections=4200, unchanged=4200, grants=1400, command_denials=700, key_denials=1400, channel_denials=700))
  differ cmdmeta (atomic=0 seed=23)                          ok (DIFFER cmdmeta: 4475 ops, 0 diffs -> PASS (info=2068, intent=2132, pipes=96, categories=21, docs_boundary=1, zero_controls=2, absent_info_docs=78, patterns=8, module_filters=3))
  differ s6fix (atomic=0 seed=23)                            ok (DIFFER s6fix: 48456 logical ops, 0 diffs -> PASS)
  differ ccfix (atomic=0 seed=23)                            ok (DIFFER ccfix: 210 exact comparisons -> PASS)
  differ psfix (atomic=0 seed=23)                            ok (DIFFER psfix: 27 exact/property checks, 0 diffs -> PASS)
  differ string (atomic=0 seed=21)                           ok (DIFFER string: 4033 ops, 0 diffs, 182 deadline-bounded TTL checks -> PASS)
  differ list (atomic=0 seed=21)                             ok (DIFFER list: 3521 ops, 0 diffs, 0 deadline-bounded TTL checks -> PASS)
  differ set (atomic=0 seed=21)                              ok (DIFFER set: 3524 ops, 0 diffs, 0 deadline-bounded TTL checks -> PASS)
  differ zset (atomic=0 seed=21)                             ok (DIFFER zset: 3531 ops, 0 diffs, 0 deadline-bounded TTL checks -> PASS)
  differ hash (atomic=0 seed=21)                             ok (DIFFER hash: 3545 ops, 0 diffs, 0 deadline-bounded TTL checks -> PASS)
  differ hexpire (atomic=0 seed=21)                          ok (DIFFER hexpire: 4288 ops, 0 diffs, 265 deadline-bounded TTL checks -> PASS)
  differ edgetime (atomic=0 seed=21)                         ok (DIFFER edgetime: 4427 ops, 0 diffs, 74 deadline-bounded TTL checks -> PASS)
  differ xshard (atomic=0 seed=21)                           ok (DIFFER xshard: 4276 ops, 0 diffs, 0 deadline-bounded TTL checks -> PASS)
  differ xmove (atomic=0 seed=21)                            ok (DIFFER xmove: 4263 ops, 0 diffs, 0 deadline-bounded TTL checks -> PASS)
  differ bitmap (atomic=0 seed=21)                           ok (DIFFER bitmap: 4262 ops, 0 diffs, 0 deadline-bounded TTL checks -> PASS)
  differ hll (atomic=0 seed=21)                              ok (DIFFER hll: 3034 ops, 0 diffs, 0 deadline-bounded TTL checks -> PASS)
  differ bitfield (atomic=0 seed=21)                         ok (DIFFER bitfield: 3226 ops, 0 diffs, 1 deadline-bounded TTL checks -> PASS)
  differ cgaps (atomic=0 seed=21)                            ok (DIFFER cgaps: 3310 ops, 0 diffs, 0 deadline-bounded TTL checks -> PASS)
  differ stream (atomic=0 seed=21)                           ok (DIFFER stream: 4031 ops, 0 diffs, 0 deadline-bounded TTL checks -> PASS)
  differ script (atomic=0 seed=21)                           ok (DIFFER script: 5050 ops, 0 diffs, 0 deadline-bounded TTL checks -> PASS)
  differ streamgrp (atomic=0 seed=21)                        ok (DIFFER streamgrp: 4052 ops, 0 diffs, 0 deadline-bounded TTL checks -> PASS)
  differ zsetops (atomic=0 seed=21)                          ok (DIFFER zsetops: 4200 ops, 0 diffs, 0 deadline-bounded TTL checks -> PASS)
  differ geo (atomic=0 seed=21)                              ok (DIFFER geo: 4951 ops, 0 diffs, 0 deadline-bounded TTL checks -> PASS)
  differ doubles (atomic=0 seed=21)                          ok (DIFFER doubles: 5000 ops, 0 diffs, 0 deadline-bounded TTL checks -> PASS)
  differ scan (atomic=0 seed=21)                             ok (DIFFER scan: 4081 ops, 0 diffs, 0 deadline-bounded TTL checks -> PASS)
  differ multi (atomic=0 seed=21)                            ok (DIFFER multi: 4194 ops, 0 diffs, 0 deadline-bounded TTL checks -> PASS)
  differ edgeenc (atomic=0 seed=21)                          ok (DIFFER edgeenc: 6757 ops, 0 diffs, 0 deadline-bounded TTL checks -> PASS)
  differ edgeproto (atomic=0 seed=21)                        ok (DIFFER edgeproto: 5200 ops, 0 diffs, 0 deadline-bounded TTL checks -> PASS)
  differ cmdgap (atomic=0 seed=21)                           ok (DIFFER cmdgap: 4213 ops, 0 diffs, 0 deadline-bounded TTL checks -> PASS)
  differ cmdgap2 (atomic=0 seed=21)                          ok (DIFFER cmdgap2: 4241 ops, 0 diffs, 0 deadline-bounded TTL checks -> PASS)
  differ sort (atomic=0 seed=21)                             SKIP (suite requires the split 6:2 geometry)
  differ servertail (atomic=0 seed=21)                       ok (DIFFER servertail: 5339 ops, 0 diffs, 0 deadline-bounded TTL checks -> PASS)
  differ arity (atomic=0 seed=21)                            ok (DIFFER arity: 4200 ops, 0 diffs, 0 deadline-bounded TTL checks -> PASS)
  differ storeorder (atomic=0 seed=21)                       ok (DIFFER storeorder: 4600 ops, 0 diffs, 0 deadline-bounded TTL checks -> PASS)
  differ infofix (atomic=0 seed=21)                          ok (DIFFER infofix: 4200 ops, 0 diffs, 0 deadline-bounded TTL checks -> PASS)
  differ multidb (atomic=0 seed=21)                          ok (DIFFER multidb: 5431 ops, 0 diffs, 0 deadline-bounded TTL checks -> PASS)
  differ blocking (atomic=0 seed=21)                         ok (DIFFER blocking: 5299 logical ops, 5362 checks, 0 diffs -> PASS)
  differ pubsub (atomic=0 seed=21)                           ok (DIFFER pubsub: 4198 logical ops, 25944 checks, 0 diffs -> PASS)
  differ fanout (atomic=0 seed=21)                           ok (DIFFER fanout: 12325 checks, 0 diffs -> PASS)
  differ spubsub (atomic=0 seed=21)                          ok (DIFFER spubsub: 835 checks, 0 diffs -> PASS)
  differ notify (atomic=0 seed=21)                           ok (DIFFER notify: 331 ops, 460 events, 0 diffs -> PASS)
  differ wiredump (atomic=0 seed=21)                         ok (DIFFER wiredump: 4200 ops, 0 diffs, 830 deadline-bounded TTL checks -> PASS)
  differ climon (atomic=0 seed=21)                           ok (DIFFER climon: 4318 ops, 0 diffs -> PASS)
  differ compatintro (atomic=0 seed=21)                      ok (DIFFER compatintro: 5615 checks, 0 diffs -> PASS (getkeys=1550, config_multi=633, client_rows=244, acl_mutations=364, notify_events=15, silence_controls=5))
  differ aclsel (atomic=0 seed=21)                           ok (DIFFER aclsel: 12619 checks, 0 diffs -> PASS (rejections=4200, unchanged=4200, grants=1400, command_denials=700, key_denials=1400, channel_denials=700))
  differ cmdmeta (atomic=0 seed=21)                          ok (DIFFER cmdmeta: 4475 ops, 0 diffs -> PASS (info=2140, intent=2060, pipes=96, categories=21, docs_boundary=1, zero_controls=2, absent_info_docs=78, patterns=8, module_filters=3))
  differ s6fix (atomic=0 seed=21)                            ok (DIFFER s6fix: 48456 logical ops, 0 diffs -> PASS)
  differ ccfix (atomic=0 seed=21)                            ok (DIFFER ccfix: 210 exact comparisons -> PASS)
  differ psfix (atomic=0 seed=21)                            ok (DIFFER psfix: 27 exact/property checks, 0 diffs -> PASS)
  read-local lane fired (atomic=0)                           ok (hits=981 fallbacks=276 at peak; final_hits=0 final_fallbacks=0)
  target atomic=0 stop                                       ok (port 18340 free)
  oracle stop                                                ok (port 18341 free)
DIFFER COMMAND COVERAGE: diffed 232 of 245 registered commands (1016975 recorded comparison witnesses, 215 legs)
  not observed in compared replies/properties: BGREWRITEAOF, FLIP, HELLO, LOLWUT, MONITOR, QUIT, REPLICAOF, SHUTDOWN, SLAVEOF, TIME, UNWATCH, WATCH, ZREVRANGE
DIFFER GATE: pass=216 fail=0 runtime=7m50s
  Redis 7.4 differential part (armed fused, atomic 0)  ok
  row budget: 900s; median=-s; no-history-conservative-default; Redis 7.4 differential part (armed fused, atomic 1)
DIFFER suites (44): string list set zset hash hexpire edgetime xshard xmove bitmap hll bitfield cgaps stream script streamgrp zsetops geo doubles scan multi edgeenc edgeproto cmdgap cmdgap2 sort servertail arity storeorder infofix multidb blocking pubsub fanout spubsub notify wiredump climon compatintro aclsel cmdmeta s6fix ccfix psfix
DIFFER geometry: armed-fused (--thread-mode fused --read-local 1)
DIFFER matrix: atomic={1} seeds={7 19 20 23 21} legs=220 logs=/home/user/Projects/cx-flakeaudit2/build/gate-run.9MPk3h/jobs/differ-armed-1/differ
  vanilla Redis oracle boot                                  ok (pid=3629957 port=18341)
  oracle identity                                            ok (vanilla redis_version=7.4.10)
  target atomic=1 boot                                       ok (pid=3629982 port=18340)
  differ string (atomic=1 seed=7)                            ok (DIFFER string: 4033 ops, 0 diffs, 166 deadline-bounded TTL checks -> PASS)
  differ list (atomic=1 seed=7)                              ok (DIFFER list: 3521 ops, 0 diffs, 0 deadline-bounded TTL checks -> PASS)
  differ set (atomic=1 seed=7)                               ok (DIFFER set: 3524 ops, 0 diffs, 0 deadline-bounded TTL checks -> PASS)
  differ zset (atomic=1 seed=7)                              ok (DIFFER zset: 3531 ops, 0 diffs, 0 deadline-bounded TTL checks -> PASS)
  differ hash (atomic=1 seed=7)                              ok (DIFFER hash: 3545 ops, 0 diffs, 0 deadline-bounded TTL checks -> PASS)
  differ hexpire (atomic=1 seed=7)                           ok (DIFFER hexpire: 4288 ops, 0 diffs, 299 deadline-bounded TTL checks -> PASS)
  differ edgetime (atomic=1 seed=7)                          ok (DIFFER edgetime: 4427 ops, 0 diffs, 77 deadline-bounded TTL checks -> PASS)
  differ xshard (atomic=1 seed=7)                            ok (DIFFER xshard: 4276 ops, 0 diffs, 0 deadline-bounded TTL checks -> PASS)
  differ xmove (atomic=1 seed=7)                             ok (DIFFER xmove: 4263 ops, 0 diffs, 0 deadline-bounded TTL checks -> PASS)
  differ bitmap (atomic=1 seed=7)                            ok (DIFFER bitmap: 4262 ops, 0 diffs, 0 deadline-bounded TTL checks -> PASS)
  differ hll (atomic=1 seed=7)                               ok (DIFFER hll: 3057 ops, 0 diffs, 0 deadline-bounded TTL checks -> PASS)
  differ bitfield (atomic=1 seed=7)                          ok (DIFFER bitfield: 3226 ops, 0 diffs, 1 deadline-bounded TTL checks -> PASS)
  differ cgaps (atomic=1 seed=7)                             ok (DIFFER cgaps: 3310 ops, 0 diffs, 0 deadline-bounded TTL checks -> PASS)
  differ stream (atomic=1 seed=7)                            ok (DIFFER stream: 4031 ops, 0 diffs, 0 deadline-bounded TTL checks -> PASS)
  differ script (atomic=1 seed=7)                            ok (DIFFER script: 5061 ops, 0 diffs, 0 deadline-bounded TTL checks -> PASS)
  differ streamgrp (atomic=1 seed=7)                         ok (DIFFER streamgrp: 4052 ops, 0 diffs, 0 deadline-bounded TTL checks -> PASS)
  differ zsetops (atomic=1 seed=7)                           ok (DIFFER zsetops: 4200 ops, 0 diffs, 0 deadline-bounded TTL checks -> PASS)
  differ geo (atomic=1 seed=7)                               ok (DIFFER geo: 4951 ops, 0 diffs, 0 deadline-bounded TTL checks -> PASS)
  differ doubles (atomic=1 seed=7)                           ok (DIFFER doubles: 5000 ops, 0 diffs, 0 deadline-bounded TTL checks -> PASS)
  differ scan (atomic=1 seed=7)                              ok (DIFFER scan: 4081 ops, 0 diffs, 0 deadline-bounded TTL checks -> PASS)
  differ multi (atomic=1 seed=7)                             ok (DIFFER multi: 4275 ops, 0 diffs, 0 deadline-bounded TTL checks -> PASS)
  differ edgeenc (atomic=1 seed=7)                           ok (DIFFER edgeenc: 6757 ops, 0 diffs, 0 deadline-bounded TTL checks -> PASS)
  differ edgeproto (atomic=1 seed=7)                         ok (DIFFER edgeproto: 5200 ops, 0 diffs, 0 deadline-bounded TTL checks -> PASS)
  differ cmdgap (atomic=1 seed=7)                            ok (DIFFER cmdgap: 4213 ops, 0 diffs, 0 deadline-bounded TTL checks -> PASS)
  differ cmdgap2 (atomic=1 seed=7)                           ok (DIFFER cmdgap2: 4241 ops, 0 diffs, 0 deadline-bounded TTL checks -> PASS)
  differ sort (atomic=1 seed=7)                              SKIP (suite requires the split 6:2 geometry)
  differ servertail (atomic=1 seed=7)                        ok (DIFFER servertail: 5339 ops, 0 diffs, 0 deadline-bounded TTL checks -> PASS)
  differ arity (atomic=1 seed=7)                             ok (DIFFER arity: 4200 ops, 0 diffs, 0 deadline-bounded TTL checks -> PASS)
  differ storeorder (atomic=1 seed=7)                        ok (DIFFER storeorder: 4600 ops, 0 diffs, 0 deadline-bounded TTL checks -> PASS)
  differ infofix (atomic=1 seed=7)                           ok (DIFFER infofix: 4200 ops, 0 diffs, 0 deadline-bounded TTL checks -> PASS)
  differ multidb (atomic=1 seed=7)                           ok (DIFFER multidb: 5419 ops, 0 diffs, 0 deadline-bounded TTL checks -> PASS)
  differ blocking (atomic=1 seed=7)                          ok (DIFFER blocking: 5327 logical ops, 5390 checks, 0 diffs -> PASS)
  differ pubsub (atomic=1 seed=7)                            ok (DIFFER pubsub: 4198 logical ops, 25486 checks, 0 diffs -> PASS)
  differ fanout (atomic=1 seed=7)                            ok (DIFFER fanout: 14237 checks, 0 diffs -> PASS)
  differ spubsub (atomic=1 seed=7)                           ok (DIFFER spubsub: 801 checks, 0 diffs -> PASS)
  differ notify (atomic=1 seed=7)                            ok (DIFFER notify: 345 ops, 470 events, 0 diffs -> PASS)
  differ wiredump (atomic=1 seed=7)                          ok (DIFFER wiredump: 4200 ops, 0 diffs, 789 deadline-bounded TTL checks -> PASS)
  differ climon (atomic=1 seed=7)                            ok (DIFFER climon: 4318 ops, 0 diffs -> PASS)
  differ compatintro (atomic=1 seed=7)                       ok (DIFFER compatintro: 5630 checks, 0 diffs -> PASS (getkeys=1550, config_multi=631, client_rows=262, acl_mutations=401, notify_events=15, silence_controls=5))
  differ aclsel (atomic=1 seed=7)                            ok (DIFFER aclsel: 12619 checks, 0 diffs -> PASS (rejections=4200, unchanged=4200, grants=1400, command_denials=700, key_denials=1400, channel_denials=700))
  differ cmdmeta (atomic=1 seed=7)                           ok (DIFFER cmdmeta: 4475 ops, 0 diffs -> PASS (info=2125, intent=2075, pipes=96, categories=21, docs_boundary=1, zero_controls=2, absent_info_docs=78, patterns=8, module_filters=3))
  differ s6fix (atomic=1 seed=7)                             ok (DIFFER s6fix: 48456 logical ops, 0 diffs -> PASS)
  differ ccfix (atomic=1 seed=7)                             ok (DIFFER ccfix: 222 exact comparisons -> PASS)
  differ psfix (atomic=1 seed=7)                             ok (DIFFER psfix: 27 exact/property checks, 0 diffs -> PASS)
  differ string (atomic=1 seed=19)                           ok (DIFFER string: 4033 ops, 0 diffs, 199 deadline-bounded TTL checks -> PASS)
  differ list (atomic=1 seed=19)                             ok (DIFFER list: 3521 ops, 0 diffs, 0 deadline-bounded TTL checks -> PASS)
  differ set (atomic=1 seed=19)                              ok (DIFFER set: 3524 ops, 0 diffs, 0 deadline-bounded TTL checks -> PASS)
  differ zset (atomic=1 seed=19)                             ok (DIFFER zset: 3531 ops, 0 diffs, 0 deadline-bounded TTL checks -> PASS)
  differ hash (atomic=1 seed=19)                             ok (DIFFER hash: 3545 ops, 0 diffs, 0 deadline-bounded TTL checks -> PASS)
  differ hexpire (atomic=1 seed=19)                          ok (DIFFER hexpire: 4288 ops, 0 diffs, 291 deadline-bounded TTL checks -> PASS)
  differ edgetime (atomic=1 seed=19)                         ok (DIFFER edgetime: 4427 ops, 0 diffs, 73 deadline-bounded TTL checks -> PASS)
  differ xshard (atomic=1 seed=19)                           ok (DIFFER xshard: 4276 ops, 0 diffs, 0 deadline-bounded TTL checks -> PASS)
  differ xmove (atomic=1 seed=19)                            ok (DIFFER xmove: 4263 ops, 0 diffs, 0 deadline-bounded TTL checks -> PASS)
  differ bitmap (atomic=1 seed=19)                           ok (DIFFER bitmap: 4262 ops, 0 diffs, 0 deadline-bounded TTL checks -> PASS)
  differ hll (atomic=1 seed=19)                              ok (DIFFER hll: 3045 ops, 0 diffs, 0 deadline-bounded TTL checks -> PASS)
  differ bitfield (atomic=1 seed=19)                         ok (DIFFER bitfield: 3226 ops, 0 diffs, 1 deadline-bounded TTL checks -> PASS)
  differ cgaps (atomic=1 seed=19)                            ok (DIFFER cgaps: 3310 ops, 0 diffs, 0 deadline-bounded TTL checks -> PASS)
  differ stream (atomic=1 seed=19)                           ok (DIFFER stream: 4031 ops, 0 diffs, 0 deadline-bounded TTL checks -> PASS)
  differ script (atomic=1 seed=19)                           ok (DIFFER script: 5053 ops, 0 diffs, 0 deadline-bounded TTL checks -> PASS)
  differ streamgrp (atomic=1 seed=19)                        ok (DIFFER streamgrp: 4052 ops, 0 diffs, 0 deadline-bounded TTL checks -> PASS)
  differ zsetops (atomic=1 seed=19)                          ok (DIFFER zsetops: 4200 ops, 0 diffs, 0 deadline-bounded TTL checks -> PASS)
  differ geo (atomic=1 seed=19)                              ok (DIFFER geo: 4951 ops, 0 diffs, 0 deadline-bounded TTL checks -> PASS)
  differ doubles (atomic=1 seed=19)                          ok (DIFFER doubles: 5000 ops, 0 diffs, 0 deadline-bounded TTL checks -> PASS)
  differ scan (atomic=1 seed=19)                             ok (DIFFER scan: 4081 ops, 0 diffs, 0 deadline-bounded TTL checks -> PASS)
  differ multi (atomic=1 seed=19)                            ok (DIFFER multi: 4272 ops, 0 diffs, 0 deadline-bounded TTL checks -> PASS)
  differ edgeenc (atomic=1 seed=19)                          ok (DIFFER edgeenc: 6757 ops, 0 diffs, 0 deadline-bounded TTL checks -> PASS)
  differ edgeproto (atomic=1 seed=19)                        ok (DIFFER edgeproto: 5200 ops, 0 diffs, 0 deadline-bounded TTL checks -> PASS)
  differ cmdgap (atomic=1 seed=19)                           ok (DIFFER cmdgap: 4213 ops, 0 diffs, 0 deadline-bounded TTL checks -> PASS)
  differ cmdgap2 (atomic=1 seed=19)                          ok (DIFFER cmdgap2: 4241 ops, 0 diffs, 0 deadline-bounded TTL checks -> PASS)
  differ sort (atomic=1 seed=19)                             SKIP (suite requires the split 6:2 geometry)
  differ servertail (atomic=1 seed=19)                       ok (DIFFER servertail: 5339 ops, 0 diffs, 0 deadline-bounded TTL checks -> PASS)
  differ arity (atomic=1 seed=19)                            ok (DIFFER arity: 4200 ops, 0 diffs, 0 deadline-bounded TTL checks -> PASS)
  differ storeorder (atomic=1 seed=19)                       ok (DIFFER storeorder: 4600 ops, 0 diffs, 0 deadline-bounded TTL checks -> PASS)
  differ infofix (atomic=1 seed=19)                          ok (DIFFER infofix: 4200 ops, 0 diffs, 0 deadline-bounded TTL checks -> PASS)
  differ multidb (atomic=1 seed=19)                          ok (DIFFER multidb: 5557 ops, 0 diffs, 0 deadline-bounded TTL checks -> PASS)
  differ blocking (atomic=1 seed=19)                         ok (DIFFER blocking: 5297 logical ops, 5360 checks, 0 diffs -> PASS)
  differ pubsub (atomic=1 seed=19)                           ok (DIFFER pubsub: 4198 logical ops, 25265 checks, 0 diffs -> PASS)
  differ fanout (atomic=1 seed=19)                           ok (DIFFER fanout: 7081 checks, 0 diffs -> PASS)
  differ spubsub (atomic=1 seed=19)                          ok (DIFFER spubsub: 809 checks, 0 diffs -> PASS)
  differ notify (atomic=1 seed=19)                           ok (DIFFER notify: 331 ops, 454 events, 0 diffs -> PASS)
  differ wiredump (atomic=1 seed=19)                         ok (DIFFER wiredump: 4200 ops, 0 diffs, 801 deadline-bounded TTL checks -> PASS)
  differ climon (atomic=1 seed=19)                           ok (DIFFER climon: 4318 ops, 0 diffs -> PASS)
  differ compatintro (atomic=1 seed=19)                      ok (DIFFER compatintro: 5633 checks, 0 diffs -> PASS (getkeys=1550, config_multi=637, client_rows=240, acl_mutations=396, notify_events=15, silence_controls=5))
  differ aclsel (atomic=1 seed=19)                           ok (DIFFER aclsel: 12619 checks, 0 diffs -> PASS (rejections=4200, unchanged=4200, grants=1400, command_denials=700, key_denials=1400, channel_denials=700))
  differ cmdmeta (atomic=1 seed=19)                          ok (DIFFER cmdmeta: 4475 ops, 0 diffs -> PASS (info=2078, intent=2122, pipes=96, categories=21, docs_boundary=1, zero_controls=2, absent_info_docs=78, patterns=8, module_filters=3))
  differ s6fix (atomic=1 seed=19)                            ok (DIFFER s6fix: 48456 logical ops, 0 diffs -> PASS)
  differ ccfix (atomic=1 seed=19)                            ok (DIFFER ccfix: 222 exact comparisons -> PASS)
  differ psfix (atomic=1 seed=19)                            ok (DIFFER psfix: 27 exact/property checks, 0 diffs -> PASS)
  differ string (atomic=1 seed=20)                           ok (DIFFER string: 4033 ops, 0 diffs, 197 deadline-bounded TTL checks -> PASS)
  differ list (atomic=1 seed=20)                             ok (DIFFER list: 3521 ops, 0 diffs, 0 deadline-bounded TTL checks -> PASS)
  differ set (atomic=1 seed=20)                              ok (DIFFER set: 3524 ops, 0 diffs, 0 deadline-bounded TTL checks -> PASS)
  differ zset (atomic=1 seed=20)                             ok (DIFFER zset: 3531 ops, 0 diffs, 0 deadline-bounded TTL checks -> PASS)
  differ hash (atomic=1 seed=20)                             ok (DIFFER hash: 3545 ops, 0 diffs, 0 deadline-bounded TTL checks -> PASS)
  differ hexpire (atomic=1 seed=20)                          ok (DIFFER hexpire: 4288 ops, 0 diffs, 280 deadline-bounded TTL checks -> PASS)
  differ edgetime (atomic=1 seed=20)                         ok (DIFFER edgetime: 4427 ops, 0 diffs, 64 deadline-bounded TTL checks -> PASS)
  differ xshard (atomic=1 seed=20)                           ok (DIFFER xshard: 4276 ops, 0 diffs, 0 deadline-bounded TTL checks -> PASS)
  differ xmove (atomic=1 seed=20)                            ok (DIFFER xmove: 4263 ops, 0 diffs, 0 deadline-bounded TTL checks -> PASS)
  differ bitmap (atomic=1 seed=20)                           ok (DIFFER bitmap: 4262 ops, 0 diffs, 0 deadline-bounded TTL checks -> PASS)
  differ hll (atomic=1 seed=20)                              ok (DIFFER hll: 3068 ops, 0 diffs, 0 deadline-bounded TTL checks -> PASS)
  differ bitfield (atomic=1 seed=20)                         ok (DIFFER bitfield: 3226 ops, 0 diffs, 1 deadline-bounded TTL checks -> PASS)
  differ cgaps (atomic=1 seed=20)                            ok (DIFFER cgaps: 3310 ops, 0 diffs, 0 deadline-bounded TTL checks -> PASS)
  differ stream (atomic=1 seed=20)                           ok (DIFFER stream: 4031 ops, 0 diffs, 0 deadline-bounded TTL checks -> PASS)
  differ script (atomic=1 seed=20)                           ok (DIFFER script: 5062 ops, 0 diffs, 0 deadline-bounded TTL checks -> PASS)
  differ streamgrp (atomic=1 seed=20)                        ok (DIFFER streamgrp: 4052 ops, 0 diffs, 0 deadline-bounded TTL checks -> PASS)
  differ zsetops (atomic=1 seed=20)                          ok (DIFFER zsetops: 4200 ops, 0 diffs, 0 deadline-bounded TTL checks -> PASS)
  differ geo (atomic=1 seed=20)                              ok (DIFFER geo: 4951 ops, 0 diffs, 0 deadline-bounded TTL checks -> PASS)
  differ doubles (atomic=1 seed=20)                          ok (DIFFER doubles: 5000 ops, 0 diffs, 0 deadline-bounded TTL checks -> PASS)
  differ scan (atomic=1 seed=20)                             ok (DIFFER scan: 4081 ops, 0 diffs, 0 deadline-bounded TTL checks -> PASS)
  differ multi (atomic=1 seed=20)                            ok (DIFFER multi: 4204 ops, 0 diffs, 0 deadline-bounded TTL checks -> PASS)
  differ edgeenc (atomic=1 seed=20)                          ok (DIFFER edgeenc: 6757 ops, 0 diffs, 0 deadline-bounded TTL checks -> PASS)
  differ edgeproto (atomic=1 seed=20)                        ok (DIFFER edgeproto: 5200 ops, 0 diffs, 0 deadline-bounded TTL checks -> PASS)
  differ cmdgap (atomic=1 seed=20)                           ok (DIFFER cmdgap: 4213 ops, 0 diffs, 0 deadline-bounded TTL checks -> PASS)
  differ cmdgap2 (atomic=1 seed=20)                          ok (DIFFER cmdgap2: 4241 ops, 0 diffs, 0 deadline-bounded TTL checks -> PASS)
  differ sort (atomic=1 seed=20)                             SKIP (suite requires the split 6:2 geometry)
  differ servertail (atomic=1 seed=20)                       ok (DIFFER servertail: 5339 ops, 0 diffs, 0 deadline-bounded TTL checks -> PASS)
  differ arity (atomic=1 seed=20)                            ok (DIFFER arity: 4200 ops, 0 diffs, 0 deadline-bounded TTL checks -> PASS)
  differ storeorder (atomic=1 seed=20)                       ok (DIFFER storeorder: 4600 ops, 0 diffs, 0 deadline-bounded TTL checks -> PASS)
  differ infofix (atomic=1 seed=20)                          ok (DIFFER infofix: 4200 ops, 0 diffs, 0 deadline-bounded TTL checks -> PASS)
  differ multidb (atomic=1 seed=20)                          ok (DIFFER multidb: 5461 ops, 0 diffs, 0 deadline-bounded TTL checks -> PASS)
  differ blocking (atomic=1 seed=20)                         ok (DIFFER blocking: 5259 logical ops, 5322 checks, 0 diffs -> PASS)
  differ pubsub (atomic=1 seed=20)                           ok (DIFFER pubsub: 4198 logical ops, 25960 checks, 0 diffs -> PASS)
  differ fanout (atomic=1 seed=20)                           ok (DIFFER fanout: 10363 checks, 0 diffs -> PASS)
  differ spubsub (atomic=1 seed=20)                          ok (DIFFER spubsub: 786 checks, 0 diffs -> PASS)
  differ notify (atomic=1 seed=20)                           ok (DIFFER notify: 331 ops, 463 events, 0 diffs -> PASS)
  differ wiredump (atomic=1 seed=20)                         ok (DIFFER wiredump: 4200 ops, 0 diffs, 822 deadline-bounded TTL checks -> PASS)
  differ climon (atomic=1 seed=20)                           ok (DIFFER climon: 4318 ops, 0 diffs -> PASS)
  differ compatintro (atomic=1 seed=20)                      ok (DIFFER compatintro: 5586 checks, 0 diffs -> PASS (getkeys=1550, config_multi=604, client_rows=258, acl_mutations=409, notify_events=15, silence_controls=5))
  differ aclsel (atomic=1 seed=20)                           ok (DIFFER aclsel: 12619 checks, 0 diffs -> PASS (rejections=4200, unchanged=4200, grants=1400, command_denials=700, key_denials=1400, channel_denials=700))
  differ cmdmeta (atomic=1 seed=20)                          ok (DIFFER cmdmeta: 4475 ops, 0 diffs -> PASS (info=2057, intent=2143, pipes=96, categories=21, docs_boundary=1, zero_controls=2, absent_info_docs=78, patterns=8, module_filters=3))
  differ s6fix (atomic=1 seed=20)                            ok (DIFFER s6fix: 48456 logical ops, 0 diffs -> PASS)
  differ ccfix (atomic=1 seed=20)                            ok (DIFFER ccfix: 222 exact comparisons -> PASS)
  differ psfix (atomic=1 seed=20)                            ok (DIFFER psfix: 27 exact/property checks, 0 diffs -> PASS)
  differ string (atomic=1 seed=23)                           ok (DIFFER string: 4033 ops, 0 diffs, 195 deadline-bounded TTL checks -> PASS)
  differ list (atomic=1 seed=23)                             ok (DIFFER list: 3521 ops, 0 diffs, 0 deadline-bounded TTL checks -> PASS)
  differ set (atomic=1 seed=23)                              ok (DIFFER set: 3524 ops, 0 diffs, 0 deadline-bounded TTL checks -> PASS)
  differ zset (atomic=1 seed=23)                             ok (DIFFER zset: 3531 ops, 0 diffs, 0 deadline-bounded TTL checks -> PASS)
  differ hash (atomic=1 seed=23)                             ok (DIFFER hash: 3545 ops, 0 diffs, 0 deadline-bounded TTL checks -> PASS)
  differ hexpire (atomic=1 seed=23)                          ok (DIFFER hexpire: 4288 ops, 0 diffs, 327 deadline-bounded TTL checks -> PASS)
  differ edgetime (atomic=1 seed=23)                         ok (DIFFER edgetime: 4427 ops, 0 diffs, 61 deadline-bounded TTL checks -> PASS)
  differ xshard (atomic=1 seed=23)                           ok (DIFFER xshard: 4276 ops, 0 diffs, 0 deadline-bounded TTL checks -> PASS)
  differ xmove (atomic=1 seed=23)                            ok (DIFFER xmove: 4263 ops, 0 diffs, 0 deadline-bounded TTL checks -> PASS)
  differ bitmap (atomic=1 seed=23)                           ok (DIFFER bitmap: 4262 ops, 0 diffs, 0 deadline-bounded TTL checks -> PASS)
  differ hll (atomic=1 seed=23)                              ok (DIFFER hll: 3071 ops, 0 diffs, 0 deadline-bounded TTL checks -> PASS)
  differ bitfield (atomic=1 seed=23)                         ok (DIFFER bitfield: 3226 ops, 0 diffs, 1 deadline-bounded TTL checks -> PASS)
  differ cgaps (atomic=1 seed=23)                            ok (DIFFER cgaps: 3310 ops, 0 diffs, 0 deadline-bounded TTL checks -> PASS)
  differ stream (atomic=1 seed=23)                           ok (DIFFER stream: 4031 ops, 0 diffs, 0 deadline-bounded TTL checks -> PASS)
  differ script (atomic=1 seed=23)                           ok (DIFFER script: 5048 ops, 0 diffs, 0 deadline-bounded TTL checks -> PASS)
  differ streamgrp (atomic=1 seed=23)                        ok (DIFFER streamgrp: 4052 ops, 0 diffs, 0 deadline-bounded TTL checks -> PASS)
  differ zsetops (atomic=1 seed=23)                          ok (DIFFER zsetops: 4200 ops, 0 diffs, 0 deadline-bounded TTL checks -> PASS)
  differ geo (atomic=1 seed=23)                              ok (DIFFER geo: 4951 ops, 0 diffs, 0 deadline-bounded TTL checks -> PASS)
  differ doubles (atomic=1 seed=23)                          ok (DIFFER doubles: 5000 ops, 0 diffs, 0 deadline-bounded TTL checks -> PASS)
  differ scan (atomic=1 seed=23)                             ok (DIFFER scan: 4081 ops, 0 diffs, 0 deadline-bounded TTL checks -> PASS)
  differ multi (atomic=1 seed=23)                            ok (DIFFER multi: 4227 ops, 0 diffs, 0 deadline-bounded TTL checks -> PASS)
  differ edgeenc (atomic=1 seed=23)                          ok (DIFFER edgeenc: 6757 ops, 0 diffs, 0 deadline-bounded TTL checks -> PASS)
  differ edgeproto (atomic=1 seed=23)                        ok (DIFFER edgeproto: 5200 ops, 0 diffs, 0 deadline-bounded TTL checks -> PASS)
  differ cmdgap (atomic=1 seed=23)                           ok (DIFFER cmdgap: 4213 ops, 0 diffs, 0 deadline-bounded TTL checks -> PASS)
  differ cmdgap2 (atomic=1 seed=23)                          ok (DIFFER cmdgap2: 4241 ops, 0 diffs, 0 deadline-bounded TTL checks -> PASS)
  differ sort (atomic=1 seed=23)                             SKIP (suite requires the split 6:2 geometry)
  differ servertail (atomic=1 seed=23)                       ok (DIFFER servertail: 5339 ops, 0 diffs, 0 deadline-bounded TTL checks -> PASS)
  differ arity (atomic=1 seed=23)                            ok (DIFFER arity: 4200 ops, 0 diffs, 0 deadline-bounded TTL checks -> PASS)
  differ storeorder (atomic=1 seed=23)                       ok (DIFFER storeorder: 4600 ops, 0 diffs, 0 deadline-bounded TTL checks -> PASS)
  differ infofix (atomic=1 seed=23)                          ok (DIFFER infofix: 4200 ops, 0 diffs, 0 deadline-bounded TTL checks -> PASS)
  differ multidb (atomic=1 seed=23)                          ok (DIFFER multidb: 5317 ops, 0 diffs, 0 deadline-bounded TTL checks -> PASS)
  differ blocking (atomic=1 seed=23)                         ok (DIFFER blocking: 5294 logical ops, 5357 checks, 0 diffs -> PASS)
  differ pubsub (atomic=1 seed=23)                           ok (DIFFER pubsub: 4198 logical ops, 26605 checks, 0 diffs -> PASS)
  differ fanout (atomic=1 seed=23)                           ok (DIFFER fanout: 10420 checks, 0 diffs -> PASS)
  differ spubsub (atomic=1 seed=23)                          ok (DIFFER spubsub: 822 checks, 0 diffs -> PASS)
  differ notify (atomic=1 seed=23)                           ok (DIFFER notify: 327 ops, 451 events, 0 diffs -> PASS)
  differ wiredump (atomic=1 seed=23)                         ok (DIFFER wiredump: 4200 ops, 0 diffs, 824 deadline-bounded TTL checks -> PASS)
  differ climon (atomic=1 seed=23)                           ok (DIFFER climon: 4318 ops, 0 diffs -> PASS)
  differ compatintro (atomic=1 seed=23)                      ok (DIFFER compatintro: 5579 checks, 0 diffs -> PASS (getkeys=1550, config_multi=608, client_rows=224, acl_mutations=407, notify_events=15, silence_controls=5))
  differ aclsel (atomic=1 seed=23)                           ok (DIFFER aclsel: 12619 checks, 0 diffs -> PASS (rejections=4200, unchanged=4200, grants=1400, command_denials=700, key_denials=1400, channel_denials=700))
  differ cmdmeta (atomic=1 seed=23)                          ok (DIFFER cmdmeta: 4475 ops, 0 diffs -> PASS (info=2068, intent=2132, pipes=96, categories=21, docs_boundary=1, zero_controls=2, absent_info_docs=78, patterns=8, module_filters=3))
  differ s6fix (atomic=1 seed=23)                            ok (DIFFER s6fix: 48456 logical ops, 0 diffs -> PASS)
  differ ccfix (atomic=1 seed=23)                            ok (DIFFER ccfix: 222 exact comparisons -> PASS)
  differ psfix (atomic=1 seed=23)                            ok (DIFFER psfix: 27 exact/property checks, 0 diffs -> PASS)
  differ string (atomic=1 seed=21)                           ok (DIFFER string: 4033 ops, 0 diffs, 182 deadline-bounded TTL checks -> PASS)
  differ list (atomic=1 seed=21)                             ok (DIFFER list: 3521 ops, 0 diffs, 0 deadline-bounded TTL checks -> PASS)
  differ set (atomic=1 seed=21)                              ok (DIFFER set: 3524 ops, 0 diffs, 0 deadline-bounded TTL checks -> PASS)
  differ zset (atomic=1 seed=21)                             ok (DIFFER zset: 3531 ops, 0 diffs, 0 deadline-bounded TTL checks -> PASS)
  differ hash (atomic=1 seed=21)                             ok (DIFFER hash: 3545 ops, 0 diffs, 0 deadline-bounded TTL checks -> PASS)
  differ hexpire (atomic=1 seed=21)                          ok (DIFFER hexpire: 4288 ops, 0 diffs, 265 deadline-bounded TTL checks -> PASS)
  differ edgetime (atomic=1 seed=21)                         ok (DIFFER edgetime: 4427 ops, 0 diffs, 74 deadline-bounded TTL checks -> PASS)
  differ xshard (atomic=1 seed=21)                           ok (DIFFER xshard: 4276 ops, 0 diffs, 0 deadline-bounded TTL checks -> PASS)
  differ xmove (atomic=1 seed=21)                            ok (DIFFER xmove: 4263 ops, 0 diffs, 0 deadline-bounded TTL checks -> PASS)
  differ bitmap (atomic=1 seed=21)                           ok (DIFFER bitmap: 4262 ops, 0 diffs, 0 deadline-bounded TTL checks -> PASS)
  differ hll (atomic=1 seed=21)                              ok (DIFFER hll: 3034 ops, 0 diffs, 0 deadline-bounded TTL checks -> PASS)
  differ bitfield (atomic=1 seed=21)                         ok (DIFFER bitfield: 3226 ops, 0 diffs, 1 deadline-bounded TTL checks -> PASS)
  differ cgaps (atomic=1 seed=21)                            ok (DIFFER cgaps: 3310 ops, 0 diffs, 0 deadline-bounded TTL checks -> PASS)
  differ stream (atomic=1 seed=21)                           ok (DIFFER stream: 4031 ops, 0 diffs, 0 deadline-bounded TTL checks -> PASS)
  differ script (atomic=1 seed=21)                           ok (DIFFER script: 5050 ops, 0 diffs, 0 deadline-bounded TTL checks -> PASS)
  differ streamgrp (atomic=1 seed=21)                        ok (DIFFER streamgrp: 4052 ops, 0 diffs, 0 deadline-bounded TTL checks -> PASS)
  differ zsetops (atomic=1 seed=21)                          ok (DIFFER zsetops: 4200 ops, 0 diffs, 0 deadline-bounded TTL checks -> PASS)
  differ geo (atomic=1 seed=21)                              ok (DIFFER geo: 4951 ops, 0 diffs, 0 deadline-bounded TTL checks -> PASS)
  differ doubles (atomic=1 seed=21)                          ok (DIFFER doubles: 5000 ops, 0 diffs, 0 deadline-bounded TTL checks -> PASS)
  differ scan (atomic=1 seed=21)                             ok (DIFFER scan: 4081 ops, 0 diffs, 0 deadline-bounded TTL checks -> PASS)
  differ multi (atomic=1 seed=21)                            ok (DIFFER multi: 4194 ops, 0 diffs, 0 deadline-bounded TTL checks -> PASS)
  differ edgeenc (atomic=1 seed=21)                          ok (DIFFER edgeenc: 6757 ops, 0 diffs, 0 deadline-bounded TTL checks -> PASS)
  differ edgeproto (atomic=1 seed=21)                        ok (DIFFER edgeproto: 5200 ops, 0 diffs, 0 deadline-bounded TTL checks -> PASS)
  differ cmdgap (atomic=1 seed=21)                           ok (DIFFER cmdgap: 4213 ops, 0 diffs, 0 deadline-bounded TTL checks -> PASS)
  differ cmdgap2 (atomic=1 seed=21)                          ok (DIFFER cmdgap2: 4241 ops, 0 diffs, 0 deadline-bounded TTL checks -> PASS)
  differ sort (atomic=1 seed=21)                             SKIP (suite requires the split 6:2 geometry)
  differ servertail (atomic=1 seed=21)                       ok (DIFFER servertail: 5339 ops, 0 diffs, 0 deadline-bounded TTL checks -> PASS)
  differ arity (atomic=1 seed=21)                            ok (DIFFER arity: 4200 ops, 0 diffs, 0 deadline-bounded TTL checks -> PASS)
  differ storeorder (atomic=1 seed=21)                       ok (DIFFER storeorder: 4600 ops, 0 diffs, 0 deadline-bounded TTL checks -> PASS)
  differ infofix (atomic=1 seed=21)                          ok (DIFFER infofix: 4200 ops, 0 diffs, 0 deadline-bounded TTL checks -> PASS)
  differ multidb (atomic=1 seed=21)                          ok (DIFFER multidb: 5431 ops, 0 diffs, 0 deadline-bounded TTL checks -> PASS)
  differ blocking (atomic=1 seed=21)                         ok (DIFFER blocking: 5299 logical ops, 5362 checks, 0 diffs -> PASS)
  differ pubsub (atomic=1 seed=21)                           ok (DIFFER pubsub: 4198 logical ops, 25944 checks, 0 diffs -> PASS)
  differ fanout (atomic=1 seed=21)                           ok (DIFFER fanout: 12325 checks, 0 diffs -> PASS)
  differ spubsub (atomic=1 seed=21)                          ok (DIFFER spubsub: 835 checks, 0 diffs -> PASS)
  differ notify (atomic=1 seed=21)                           ok (DIFFER notify: 331 ops, 460 events, 0 diffs -> PASS)
  differ wiredump (atomic=1 seed=21)                         ok (DIFFER wiredump: 4200 ops, 0 diffs, 830 deadline-bounded TTL checks -> PASS)
  differ climon (atomic=1 seed=21)                           ok (DIFFER climon: 4318 ops, 0 diffs -> PASS)
  differ compatintro (atomic=1 seed=21)                      ok (DIFFER compatintro: 5615 checks, 0 diffs -> PASS (getkeys=1550, config_multi=633, client_rows=244, acl_mutations=364, notify_events=15, silence_controls=5))
  differ aclsel (atomic=1 seed=21)                           ok (DIFFER aclsel: 12619 checks, 0 diffs -> PASS (rejections=4200, unchanged=4200, grants=1400, command_denials=700, key_denials=1400, channel_denials=700))
  differ cmdmeta (atomic=1 seed=21)                          ok (DIFFER cmdmeta: 4475 ops, 0 diffs -> PASS (info=2140, intent=2060, pipes=96, categories=21, docs_boundary=1, zero_controls=2, absent_info_docs=78, patterns=8, module_filters=3))
  differ s6fix (atomic=1 seed=21)                            ok (DIFFER s6fix: 48456 logical ops, 0 diffs -> PASS)
  differ ccfix (atomic=1 seed=21)                            ok (DIFFER ccfix: 222 exact comparisons -> PASS)
  differ psfix (atomic=1 seed=21)                            ok (DIFFER psfix: 27 exact/property checks, 0 diffs -> PASS)
  differ multi (atomic=1 seed=19 rep 1)                      ok (DIFFER multi: 4272 ops, 0 diffs, 0 deadline-bounded TTL checks -> PASS)
  differ multi (atomic=1 seed=19 rep 2)                      ok (DIFFER multi: 4272 ops, 0 diffs, 0 deadline-bounded TTL checks -> PASS)
  differ multi (atomic=1 seed=19 rep 3)                      ok (DIFFER multi: 4272 ops, 0 diffs, 0 deadline-bounded TTL checks -> PASS)
  differ multi (atomic=1 seed=19 rep 4)                      ok (DIFFER multi: 4272 ops, 0 diffs, 0 deadline-bounded TTL checks -> PASS)
  read-local lane fired (atomic=1)                           ok (hits=981 fallbacks=276 at peak; final_hits=21 final_fallbacks=239)
  target atomic=1 stop                                       ok (port 18340 free)
  oracle stop                                                ok (port 18341 free)
DIFFER COMMAND COVERAGE: diffed 232 of 245 registered commands (1034222 recorded comparison witnesses, 219 legs)
  not observed in compared replies/properties: BGREWRITEAOF, FLIP, HELLO, LOLWUT, MONITOR, QUIT, REPLICAOF, SHUTDOWN, SLAVEOF, TIME, UNWATCH, WATCH, ZREVRANGE
DIFFER GATE: pass=220 fail=0 runtime=7m52s
  Redis 7.4 differential part (armed fused, atomic 1)  ok
  row budget: 900s; median=-s; no-history-conservative-default; mode equivalence part (all execution modes and knobs)
DIFFER suites (44): string list set zset hash hexpire edgetime xshard xmove bitmap hll bitfield cgaps stream script streamgrp zsetops geo doubles scan multi edgeenc edgeproto cmdgap cmdgap2 sort servertail arity storeorder infofix multidb blocking pubsub fanout spubsub notify wiredump climon compatintro aclsel cmdmeta s6fix ccfix psfix
DIFFER geometry: split (--ratio 6:2)
DIFFER matrix: atomic={} seeds={7 19 20 23 21} legs=0 logs=/home/user/Projects/cx-flakeaudit2/build/gate-run.9MPk3h/jobs/differ-equivalence/differ
  mode equivalence: all 32 execution/knob combinations       ok (exact replies and mechanism witnesses)
DIFFER GATE: pass=1 fail=0 runtime=0m42s
  mode equivalence part (all execution modes and knobs) ok
  row budget: 900s; median=-s; no-history-conservative-default; flip controller: ramp gate, hold, surge + mix re-maneuvers
  flip controller: ramp gate, hold, surge + mix re-maneuvers ok
  row budget: 900s; median=-s; no-history-conservative-default; s6 battery (atomic 0)
  s6 battery (atomic 0)                                ok
  row budget: 900s; median=-s; no-history-conservative-default; multi_exec battery (atomic 0)
  multi_exec battery (atomic 0)                        FAIL (see /home/user/Projects/cx-flakeaudit2/build/gate-run.9MPk3h/jobs/feature-split-0/gate-multi_exec-0.txt)
  row budget: 900s; median=-s; no-history-conservative-default; blocking battery (atomic 0)
  blocking battery (atomic 0)                          ok
  row budget: 900s; median=-s; no-history-conservative-default; blockmulti battery (atomic 0)
  blockmulti battery (atomic 0)                        ok
  row budget: 900s; median=-s; no-history-conservative-default; stream battery (atomic 0)
  stream battery (atomic 0)                            ok
  row budget: 900s; median=-s; no-history-conservative-default; streamgroups battery (atomic 0)
  streamgroups battery (atomic 0)                      ok
  row budget: 900s; median=-s; no-history-conservative-default; pubsub battery (atomic 0)
  pubsub battery (atomic 0)                            ok
  row budget: 900s; median=-s; no-history-conservative-default; lua_scripting battery (atomic 0)
  lua_scripting battery (atomic 0)                     ok
  row budget: 900s; median=-s; no-history-conservative-default; scriptsurf battery (atomic 0)
  scriptsurf battery (atomic 0)                        ok
  row budget: 900s; median=-s; no-history-conservative-default; limits battery (atomic 0)
  limits battery (atomic 0)                            ok
  row budget: 900s; median=-s; no-history-conservative-default; resp3 battery (atomic 0)
  resp3 battery (atomic 0)                             ok
  row budget: 900s; median=-s; no-history-conservative-default; bitfield battery (atomic 0)
  bitfield battery (atomic 0)                          ok
  row budget: 900s; median=-s; no-history-conservative-default; dumprestore battery (atomic 0)
  dumprestore battery (atomic 0)                       ok
  row budget: 900s; median=-s; no-history-conservative-default; zsetops battery (atomic 0)
  zsetops battery (atomic 0)                           ok
  row budget: 900s; median=-s; no-history-conservative-default; geo battery (atomic 0)
  geo battery (atomic 0)                               ok
  row budget: 900s; median=-s; no-history-conservative-default; climon battery (atomic 0)
  climon battery (atomic 0)                            ok
  row budget: 900s; median=-s; no-history-conservative-default; climon2 battery (atomic 0)
  climon2 battery (atomic 0)                           ok
  row budget: 900s; median=-s; no-history-conservative-default; tracking battery (atomic 0)
  tracking battery (atomic 0)                          ok
  row budget: 900s; median=-s; no-history-conservative-default; hexpire battery (atomic 0)
  hexpire battery (atomic 0)                           ok
  row budget: 900s; median=-s; no-history-conservative-default; servertail battery (atomic 0)
  servertail battery (atomic 0)                        ok
  row budget: 900s; median=-s; no-history-conservative-default; lcs battery (atomic 0)
  lcs battery (atomic 0)                               ok
  row budget: 900s; median=-s; no-history-conservative-default; concur battery (atomic 0)
  concur battery (atomic 0)                            ok
  row budget: 900s; median=-s; no-history-conservative-default; edgeproto battery (atomic 0)
  edgeproto battery (atomic 0)                         ok
  row budget: 900s; median=-s; no-history-conservative-default; edgeenc battery (atomic 0)
  edgeenc battery (atomic 0)                           ok
  row budget: 900s; median=-s; no-history-conservative-default; edgetime battery (atomic 0)
  edgetime battery (atomic 0)                          ok
  row budget: 900s; median=-s; no-history-conservative-default; arity battery (atomic 0)
  arity battery (atomic 0)                             ok
  row budget: 900s; median=-s; no-history-conservative-default; contarity battery (atomic 0)
  contarity battery (atomic 0)                         ok
  row budget: 900s; median=-s; no-history-conservative-default; cmdgap battery (atomic 0)
  cmdgap battery (atomic 0)                            ok
  row budget: 900s; median=-s; no-history-conservative-default; aclsel battery (atomic 0)
  aclsel battery (atomic 0)                            ok
  row budget: 900s; median=-s; no-history-conservative-default; expwide battery (atomic 0)
  expwide battery (atomic 0)                           ok
  row budget: 900s; median=-s; no-history-conservative-default; infofix battery (atomic 0)
  infofix battery (atomic 0)                           ok
  row budget: 900s; median=-s; no-history-conservative-default; pushtear battery (atomic 0)
  pushtear battery (atomic 0)                          ok
  row budget: 900s; median=-s; no-history-conservative-default; netcmd battery (atomic 0)
  netcmd battery (atomic 0)                            ok
  row budget: 900s; median=-s; no-history-conservative-default; feature shutdown invariants (atomic 0)
  feature shutdown invariants (atomic 0)               ok
  row budget: 900s; median=-s; no-history-conservative-default; fused+armed boot line (atomic 0)
  fused+armed boot line (atomic 0)                     ok
  row budget: 900s; median=-s; no-history-conservative-default; fused+armed s6 battery (atomic 0)
  fused+armed s6 battery (atomic 0)                    ok
  row budget: 900s; median=-s; no-history-conservative-default; fused+armed multi_exec battery (atomic 0)
  fused+armed multi_exec battery (atomic 0)            FAIL (see /home/user/Projects/cx-flakeaudit2/build/gate-run.9MPk3h/jobs/feature-armed-0/gate-fusedarmed-multi_exec-0.txt)
  row budget: 900s; median=-s; no-history-conservative-default; fused+armed blocking battery (atomic 0)
  fused+armed blocking battery (atomic 0)              ok
  row budget: 900s; median=-s; no-history-conservative-default; fused+armed blockmulti battery (atomic 0)
  fused+armed blockmulti battery (atomic 0)            ok
  row budget: 900s; median=-s; no-history-conservative-default; fused+armed stream battery (atomic 0)
  fused+armed stream battery (atomic 0)                ok
  row budget: 900s; median=-s; no-history-conservative-default; fused+armed streamgroups battery (atomic 0)
  fused+armed streamgroups battery (atomic 0)          ok
  row budget: 900s; median=-s; no-history-conservative-default; fused+armed pubsub battery (atomic 0)
  fused+armed pubsub battery (atomic 0)                ok
  row budget: 900s; median=-s; no-history-conservative-default; fused+armed lua_scripting battery (atomic 0)
  fused+armed lua_scripting battery (atomic 0)         ok
  row budget: 900s; median=-s; no-history-conservative-default; fused+armed scriptsurf battery (atomic 0)
  fused+armed scriptsurf battery (atomic 0)            ok
  row budget: 900s; median=-s; no-history-conservative-default; fused+armed limits battery (atomic 0)
  fused+armed limits battery (atomic 0)                ok
  row budget: 900s; median=-s; no-history-conservative-default; fused+armed resp3 battery (atomic 0)
  fused+armed resp3 battery (atomic 0)                 ok
  row budget: 900s; median=-s; no-history-conservative-default; fused+armed bitfield battery (atomic 0)
  fused+armed bitfield battery (atomic 0)              ok
  row budget: 900s; median=-s; no-history-conservative-default; fused+armed dumprestore battery (atomic 0)
  fused+armed dumprestore battery (atomic 0)           ok
  row budget: 900s; median=-s; no-history-conservative-default; fused+armed zsetops battery (atomic 0)
  fused+armed zsetops battery (atomic 0)               ok
  row budget: 900s; median=-s; no-history-conservative-default; fused+armed geo battery (atomic 0)
  fused+armed geo battery (atomic 0)                   ok
  row budget: 900s; median=-s; no-history-conservative-default; fused+armed climon battery (atomic 0)
  fused+armed climon battery (atomic 0)                ok
  row budget: 900s; median=-s; no-history-conservative-default; fused+armed climon2 battery (atomic 0)
  fused+armed climon2 battery (atomic 0)               ok
  row budget: 900s; median=-s; no-history-conservative-default; fused+armed tracking battery (atomic 0)
  fused+armed tracking battery (atomic 0)              ok
  row budget: 900s; median=-s; no-history-conservative-default; fused+armed hexpire battery (atomic 0)
  fused+armed hexpire battery (atomic 0)               ok
  row budget: 900s; median=-s; no-history-conservative-default; fused+armed servertail battery (atomic 0)
  fused+armed servertail battery (atomic 0)            ok
  row budget: 900s; median=-s; no-history-conservative-default; fused+armed lcs battery (atomic 0)
  fused+armed lcs battery (atomic 0)                   ok
  row budget: 900s; median=-s; no-history-conservative-default; fused+armed concur battery (atomic 0)
  fused+armed concur battery (atomic 0)                ok
  row budget: 900s; median=-s; no-history-conservative-default; fused+armed edgeproto battery (atomic 0)
  fused+armed edgeproto battery (atomic 0)             ok
  row budget: 900s; median=-s; no-history-conservative-default; fused+armed edgeenc battery (atomic 0)
  fused+armed edgeenc battery (atomic 0)               ok
  row budget: 900s; median=-s; no-history-conservative-default; fused+armed edgetime battery (atomic 0)
  fused+armed edgetime battery (atomic 0)              ok
  row budget: 900s; median=-s; no-history-conservative-default; fused+armed arity battery (atomic 0)
  fused+armed arity battery (atomic 0)                 ok
  row budget: 900s; median=-s; no-history-conservative-default; fused+armed contarity battery (atomic 0)
  fused+armed contarity battery (atomic 0)             ok
  row budget: 900s; median=-s; no-history-conservative-default; fused+armed cmdgap battery (atomic 0)
  fused+armed cmdgap battery (atomic 0)                ok
  row budget: 900s; median=-s; no-history-conservative-default; fused+armed aclsel battery (atomic 0)
  fused+armed aclsel battery (atomic 0)                ok
  row budget: 900s; median=-s; no-history-conservative-default; fused+armed expwide battery (atomic 0)
  fused+armed expwide battery (atomic 0)               ok
  row budget: 900s; median=-s; no-history-conservative-default; fused+armed infofix battery (atomic 0)
  fused+armed infofix battery (atomic 0)               ok
  row budget: 900s; median=-s; no-history-conservative-default; fused+armed pushtear battery (atomic 0)
  fused+armed pushtear battery (atomic 0)              ok
  row budget: 900s; median=-s; no-history-conservative-default; fused+armed netcmd battery (atomic 0)
  fused+armed netcmd battery (atomic 0)                ok
  row budget: 900s; median=-s; no-history-conservative-default; fused+armed shutdown report + lane fired (hits=N, atomic 0)
  fused+armed shutdown report + lane fired (hits=557, atomic 0) ok
  row budget: 900s; median=-s; no-history-conservative-default; s6 battery (atomic 1)
  s6 battery (atomic 1)                                ok
  row budget: 900s; median=-s; no-history-conservative-default; multi_exec battery (atomic 1)
  multi_exec battery (atomic 1)                        FAIL (see /home/user/Projects/cx-flakeaudit2/build/gate-run.9MPk3h/jobs/feature-split-1/gate-multi_exec-1.txt)
  row budget: 900s; median=-s; no-history-conservative-default; blocking battery (atomic 1)
  blocking battery (atomic 1)                          ok
  row budget: 900s; median=-s; no-history-conservative-default; blockmulti battery (atomic 1)
  blockmulti battery (atomic 1)                        ok
  row budget: 900s; median=-s; no-history-conservative-default; stream battery (atomic 1)
  stream battery (atomic 1)                            ok
  row budget: 900s; median=-s; no-history-conservative-default; streamgroups battery (atomic 1)
  streamgroups battery (atomic 1)                      ok
  row budget: 900s; median=-s; no-history-conservative-default; pubsub battery (atomic 1)
  pubsub battery (atomic 1)                            ok
  row budget: 900s; median=-s; no-history-conservative-default; lua_scripting battery (atomic 1)
  lua_scripting battery (atomic 1)                     ok
  row budget: 900s; median=-s; no-history-conservative-default; scriptsurf battery (atomic 1)
  scriptsurf battery (atomic 1)                        ok
  row budget: 900s; median=-s; no-history-conservative-default; limits battery (atomic 1)
  limits battery (atomic 1)                            ok
  row budget: 900s; median=-s; no-history-conservative-default; resp3 battery (atomic 1)
  resp3 battery (atomic 1)                             ok
  row budget: 900s; median=-s; no-history-conservative-default; bitfield battery (atomic 1)
  bitfield battery (atomic 1)                          ok
  row budget: 900s; median=-s; no-history-conservative-default; dumprestore battery (atomic 1)
  dumprestore battery (atomic 1)                       ok
  row budget: 900s; median=-s; no-history-conservative-default; zsetops battery (atomic 1)
  zsetops battery (atomic 1)                           ok
  row budget: 900s; median=-s; no-history-conservative-default; geo battery (atomic 1)
  geo battery (atomic 1)                               ok
  row budget: 900s; median=-s; no-history-conservative-default; climon battery (atomic 1)
  climon battery (atomic 1)                            ok
  row budget: 900s; median=-s; no-history-conservative-default; climon2 battery (atomic 1)
  climon2 battery (atomic 1)                           ok
  row budget: 900s; median=-s; no-history-conservative-default; tracking battery (atomic 1)
  tracking battery (atomic 1)                          ok
  row budget: 900s; median=-s; no-history-conservative-default; hexpire battery (atomic 1)
  hexpire battery (atomic 1)                           ok
  row budget: 900s; median=-s; no-history-conservative-default; servertail battery (atomic 1)
  servertail battery (atomic 1)                        ok
  row budget: 900s; median=-s; no-history-conservative-default; lcs battery (atomic 1)
  lcs battery (atomic 1)                               ok
  row budget: 900s; median=-s; no-history-conservative-default; concur battery (atomic 1)
  concur battery (atomic 1)                            ok
  row budget: 900s; median=-s; no-history-conservative-default; edgeproto battery (atomic 1)
  edgeproto battery (atomic 1)                         ok
  row budget: 900s; median=-s; no-history-conservative-default; edgeenc battery (atomic 1)
  edgeenc battery (atomic 1)                           ok
  row budget: 900s; median=-s; no-history-conservative-default; edgetime battery (atomic 1)
  edgetime battery (atomic 1)                          ok
  row budget: 900s; median=-s; no-history-conservative-default; arity battery (atomic 1)
  arity battery (atomic 1)                             ok
  row budget: 900s; median=-s; no-history-conservative-default; contarity battery (atomic 1)
  contarity battery (atomic 1)                         ok
  row budget: 900s; median=-s; no-history-conservative-default; cmdgap battery (atomic 1)
  cmdgap battery (atomic 1)                            ok
  row budget: 900s; median=-s; no-history-conservative-default; aclsel battery (atomic 1)
  aclsel battery (atomic 1)                            ok
  row budget: 900s; median=-s; no-history-conservative-default; expwide battery (atomic 1)
  expwide battery (atomic 1)                           ok
  row budget: 900s; median=-s; no-history-conservative-default; infofix battery (atomic 1)
  infofix battery (atomic 1)                           ok
  row budget: 900s; median=-s; no-history-conservative-default; pushtear battery (atomic 1)
  pushtear battery (atomic 1)                          ok
  row budget: 900s; median=-s; no-history-conservative-default; netcmd battery (atomic 1)
  netcmd battery (atomic 1)                            ok
  row budget: 900s; median=-s; no-history-conservative-default; feature shutdown invariants (atomic 1)
  feature shutdown invariants (atomic 1)               ok
  row budget: 900s; median=-s; no-history-conservative-default; fused+armed boot line (atomic 1)
  fused+armed boot line (atomic 1)                     ok
  row budget: 900s; median=-s; no-history-conservative-default; fused+armed s6 battery (atomic 1)
  fused+armed s6 battery (atomic 1)                    ok
  row budget: 900s; median=-s; no-history-conservative-default; fused+armed multi_exec battery (atomic 1)
  fused+armed multi_exec battery (atomic 1)            FAIL (see /home/user/Projects/cx-flakeaudit2/build/gate-run.9MPk3h/jobs/feature-armed-1/gate-fusedarmed-multi_exec-1.txt)
  row budget: 900s; median=-s; no-history-conservative-default; fused+armed blocking battery (atomic 1)
  fused+armed blocking battery (atomic 1)              ok
  row budget: 900s; median=-s; no-history-conservative-default; fused+armed blockmulti battery (atomic 1)
  fused+armed blockmulti battery (atomic 1)            ok
  row budget: 900s; median=-s; no-history-conservative-default; fused+armed stream battery (atomic 1)
  fused+armed stream battery (atomic 1)                ok
  row budget: 900s; median=-s; no-history-conservative-default; fused+armed streamgroups battery (atomic 1)
  fused+armed streamgroups battery (atomic 1)          ok
  row budget: 900s; median=-s; no-history-conservative-default; fused+armed pubsub battery (atomic 1)
  fused+armed pubsub battery (atomic 1)                ok
  row budget: 900s; median=-s; no-history-conservative-default; fused+armed lua_scripting battery (atomic 1)
  fused+armed lua_scripting battery (atomic 1)         ok
  row budget: 900s; median=-s; no-history-conservative-default; fused+armed scriptsurf battery (atomic 1)
  fused+armed scriptsurf battery (atomic 1)            ok
  row budget: 900s; median=-s; no-history-conservative-default; fused+armed limits battery (atomic 1)
  fused+armed limits battery (atomic 1)                ok
  row budget: 900s; median=-s; no-history-conservative-default; fused+armed resp3 battery (atomic 1)
  fused+armed resp3 battery (atomic 1)                 ok
  row budget: 900s; median=-s; no-history-conservative-default; fused+armed bitfield battery (atomic 1)
  fused+armed bitfield battery (atomic 1)              ok
  row budget: 900s; median=-s; no-history-conservative-default; fused+armed dumprestore battery (atomic 1)
  fused+armed dumprestore battery (atomic 1)           ok
  row budget: 900s; median=-s; no-history-conservative-default; fused+armed zsetops battery (atomic 1)
  fused+armed zsetops battery (atomic 1)               ok
  row budget: 900s; median=-s; no-history-conservative-default; fused+armed geo battery (atomic 1)
  fused+armed geo battery (atomic 1)                   ok
  row budget: 900s; median=-s; no-history-conservative-default; fused+armed climon battery (atomic 1)
  fused+armed climon battery (atomic 1)                ok
  row budget: 900s; median=-s; no-history-conservative-default; fused+armed climon2 battery (atomic 1)
  fused+armed climon2 battery (atomic 1)               ok
  row budget: 900s; median=-s; no-history-conservative-default; fused+armed tracking battery (atomic 1)
  fused+armed tracking battery (atomic 1)              ok
  row budget: 900s; median=-s; no-history-conservative-default; fused+armed hexpire battery (atomic 1)
  fused+armed hexpire battery (atomic 1)               ok
  row budget: 900s; median=-s; no-history-conservative-default; fused+armed servertail battery (atomic 1)
  fused+armed servertail battery (atomic 1)            ok
  row budget: 900s; median=-s; no-history-conservative-default; fused+armed lcs battery (atomic 1)
  fused+armed lcs battery (atomic 1)                   ok
  row budget: 900s; median=-s; no-history-conservative-default; fused+armed concur battery (atomic 1)
  fused+armed concur battery (atomic 1)                ok
  row budget: 900s; median=-s; no-history-conservative-default; fused+armed edgeproto battery (atomic 1)
  fused+armed edgeproto battery (atomic 1)             ok
  row budget: 900s; median=-s; no-history-conservative-default; fused+armed edgeenc battery (atomic 1)
  fused+armed edgeenc battery (atomic 1)               ok
  row budget: 900s; median=-s; no-history-conservative-default; fused+armed edgetime battery (atomic 1)
  fused+armed edgetime battery (atomic 1)              ok
  row budget: 900s; median=-s; no-history-conservative-default; fused+armed arity battery (atomic 1)
  fused+armed arity battery (atomic 1)                 ok
  row budget: 900s; median=-s; no-history-conservative-default; fused+armed contarity battery (atomic 1)
  fused+armed contarity battery (atomic 1)             ok
  row budget: 900s; median=-s; no-history-conservative-default; fused+armed cmdgap battery (atomic 1)
  fused+armed cmdgap battery (atomic 1)                ok
  row budget: 900s; median=-s; no-history-conservative-default; fused+armed aclsel battery (atomic 1)
  fused+armed aclsel battery (atomic 1)                ok
  row budget: 900s; median=-s; no-history-conservative-default; fused+armed expwide battery (atomic 1)
  fused+armed expwide battery (atomic 1)               ok
  row budget: 900s; median=-s; no-history-conservative-default; fused+armed infofix battery (atomic 1)
  fused+armed infofix battery (atomic 1)               ok
  row budget: 900s; median=-s; no-history-conservative-default; fused+armed pushtear battery (atomic 1)
  fused+armed pushtear battery (atomic 1)              ok
  row budget: 900s; median=-s; no-history-conservative-default; fused+armed netcmd battery (atomic 1)
  fused+armed netcmd battery (atomic 1)                ok
  row budget: 900s; median=-s; no-history-conservative-default; fused+armed shutdown report + lane fired (hits=N, atomic 1)
  fused+armed shutdown report + lane fired (hits=557, atomic 1) ok
  row budget: 900s; median=-s; no-history-conservative-default; plain-write lost updates (atomic 0)
  plain-write lost updates (atomic 0)                  ok
  row budget: 900s; median=-s; no-history-conservative-default; lbsignals battery (atomic 0)
  lbsignals battery (atomic 0)                         ok
  row budget: 900s; median=-s; no-history-conservative-default; slowlog battery (atomic 0)
  slowlog battery (atomic 0)                           ok
  row budget: 900s; median=-s; no-history-conservative-default; atomfix battery (atomic 0)
  atomfix battery (atomic 0)                           ok
  row budget: 900s; median=-s; no-history-conservative-default; scriptatomic battery (atomic 0)
  scriptatomic battery (atomic 0)                      ok
  row budget: 900s; median=-s; no-history-conservative-default; execatomic battery (atomic 0)
  execatomic battery (atomic 0)                        ok
  row budget: 900s; median=-s; no-history-conservative-default; execiso battery (atomic 0)
  execiso battery (atomic 0)                           ok
  row budget: 900s; median=-s; no-history-conservative-default; execfix battery (atomic 0)
  execfix battery (atomic 0)                           ok
  row budget: 900s; median=-s; no-history-conservative-default; multires battery (atomic 0)
  multires battery (atomic 0)                          ok
  row budget: 900s; median=-s; no-history-conservative-default; multirace battery (atomic 0)
  multirace battery (atomic 0)                         ok
  row budget: 900s; median=-s; no-history-conservative-default; session_monotonic battery (atomic 0)
  session_monotonic battery (atomic 0)                 ok
  row budget: 900s; median=-s; no-history-conservative-default; xacct battery (atomic 0)
  xacct battery (atomic 0)                             ok
  row budget: 900s; median=-s; no-history-conservative-default; xmove battery (atomic 0)
  xmove battery (atomic 0)                             ok
  row budget: 900s; median=-s; no-history-conservative-default; xscript battery (atomic 0)
  xscript battery (atomic 0)                           ok
  row budget: 900s; median=-s; no-history-conservative-default; plain-write lost updates (atomic 1)
  plain-write lost updates (atomic 1)                  ok
  row budget: 900s; median=-s; no-history-conservative-default; lbsignals battery (atomic 1)
  lbsignals battery (atomic 1)                         ok
  row budget: 900s; median=-s; no-history-conservative-default; slowlog battery (atomic 1)
  slowlog battery (atomic 1)                           ok
  row budget: 900s; median=-s; no-history-conservative-default; atomfix battery (atomic 1)
  atomfix battery (atomic 1)                           ok
  row budget: 900s; median=-s; no-history-conservative-default; scriptatomic battery (atomic 1)
  scriptatomic battery (atomic 1)                      ok
  row budget: 900s; median=-s; no-history-conservative-default; execatomic battery (atomic 1)
  execatomic battery (atomic 1)                        ok
  row budget: 900s; median=-s; no-history-conservative-default; execiso battery (atomic 1)
  execiso battery (atomic 1)                           ok
  row budget: 900s; median=-s; no-history-conservative-default; execfix battery (atomic 1)
  execfix battery (atomic 1)                           ok
  row budget: 900s; median=-s; no-history-conservative-default; multires battery (atomic 1)
  multires battery (atomic 1)                          ok
  row budget: 900s; median=-s; no-history-conservative-default; multirace battery (atomic 1)
  multirace battery (atomic 1)                         ok
  row budget: 900s; median=-s; no-history-conservative-default; session_monotonic battery (atomic 1)
  session_monotonic battery (atomic 1)                 ok
  row budget: 900s; median=-s; no-history-conservative-default; xacct battery (atomic 1)
  xacct battery (atomic 1)                             ok
  row budget: 900s; median=-s; no-history-conservative-default; xmove battery (atomic 1)
  xmove battery (atomic 1)                             ok
  row budget: 900s; median=-s; no-history-conservative-default; xscript battery (atomic 1)
  xscript battery (atomic 1)                           ok
  row budget: 900s; median=-s; no-history-conservative-default; torture battery
  torture battery                                      ok
  row budget: 900s; median=-s; no-history-conservative-default; RYOW battery
  RYOW battery                                         ok
  row budget: 900s; median=-s; no-history-conservative-default; ACL category runtime table
  ACL category runtime table                           ok
  row budget: 900s; median=-s; no-history-conservative-default; ACL LOAD/SAVE no-file errors
  ACL LOAD/SAVE no-file errors                         ok
  row budget: 900s; median=-s; no-history-conservative-default; idle loop ceiling (LBSIGNALS, 1s)
  idle loop ceiling (LBSIGNALS, 1s)                    ok
  row budget: 900s; median=-s; no-history-conservative-default; shutdown invariants (nothing stuck)
LBSIGNALS IO tenure conservation: {'tenures': 6, 'fired': {'did_submit': 0, 'sweep_submit': 0, 'park': 0, 'role_exit': 0}, 'mixed': False}
  shutdown invariants (nothing stuck)                  ok
  row budget: 900s; median=-s; no-history-conservative-default; direct-reply fired (direct=N)
  direct-reply fired (direct=11614)                    ok
  row budget: 900s; median=-s; no-history-conservative-default; dispatched==executed (N)
  dispatched==executed (55060)                         ok
  row budget: 900s; median=-s; no-history-conservative-default; ACL recheck one-reply battery (2s)
  ACL recheck one-reply battery (2s)                   ok
  row budget: 900s; median=-s; no-history-conservative-default; ACL recheck one-reply battery (1s)
  ACL recheck one-reply battery (1s)                   ok
  row budget: 900s; median=-s; no-history-conservative-default; MULTI feature battery
  MULTI feature battery                                FAIL (see /home/user/Projects/cx-flakeaudit2/build/gate-run.9MPk3h/jobs/notify/gate-multi.txt)
  row budget: 900s; median=-s; no-history-conservative-default; blocking feature battery
  blocking feature battery                             ok
  row budget: 900s; median=-s; no-history-conservative-default; pubsub feature battery
  pubsub feature battery                               ok
  row budget: 900s; median=-s; no-history-conservative-default; Lua feature battery
  Lua feature battery                                  ok
  row budget: 900s; median=-s; no-history-conservative-default; keyspace notification battery (atomic 0/1)
  keyspace notification battery (atomic 0/1)           ok
  row budget: 900s; median=-s; no-history-conservative-default; feature battery shutdown invariants
  feature battery shutdown invariants                  ok
  row budget: 900s; median=-s; no-history-conservative-default; FLIP state battery
  FLIP state battery                                   ok
  row budget: 900s; median=-s; no-history-conservative-default; FLIP under verified load
  FLIP under verified load                             ok
  row budget: 900s; median=-s; no-history-conservative-default; FLIP TTL + expiry events
  FLIP TTL + expiry events                             ok
  row budget: 900s; median=-s; no-history-conservative-default; partial-frame conn parks (no io spin)
  partial-frame conn parks (no io spin)                ok
  row budget: 900s; median=-s; no-history-conservative-default; atomic MGET/MSET floor (N/s >= 120k)
  atomic MGET/MSET floor (1032932/s >= 120k)           ok
  row budget: 900s; median=-s; no-history-conservative-default; tripwire arm/disarm round-trip
  tripwire arm/disarm round-trip                       ok
  row budget: 900s; median=-s; no-history-conservative-default; pipelined same-conn program order (400 rolls)
  pipelined same-conn program order (400 rolls)        ok
  row budget: 900s; median=-s; no-history-conservative-default; TLS ephemeral CA/server/client certificates
  TLS ephemeral CA/server/client certificates          ok
  row budget: 900s; median=-s; no-history-conservative-default; NET2 serverless RX policy and KeyUpdate controls
  NET2 serverless RX policy and KeyUpdate controls     ok
  row budget: 900s; median=-s; no-history-conservative-default; reject TLS listener without certificate
  reject TLS listener without certificate              ok
  row budget: 900s; median=-s; no-history-conservative-default; reject invalid tls-protocols
  reject invalid tls-protocols                         ok
  row budget: 900s; median=-s; no-history-conservative-default; reject invalid tls-ciphers
  reject invalid tls-ciphers                           ok
  row budget: 900s; median=-s; no-history-conservative-default; TLS client-auth yes matrix
  TLS client-auth yes matrix                           ok
  row budget: 900s; median=-s; no-history-conservative-default; TLS yes shutdown invariants
  TLS yes shutdown invariants                          ok
  row budget: 900s; median=-s; no-history-conservative-default; TLS client-auth optional matrix
  TLS client-auth optional matrix                      ok
  row budget: 900s; median=-s; no-history-conservative-default; kTLS TLS 1.2 engaged live (default boot)
  kTLS TLS 1.2 engaged live (default boot)             ok
  row budget: 900s; median=-s; no-history-conservative-default; TLS 1.3 KeyUpdate survives (NET2)
  TLS 1.3 KeyUpdate survives (NET2)                    ok
  row budget: 900s; median=-s; no-history-conservative-default; TLS 1.3 userspace KeyUpdate survives (NET2)
  TLS 1.3 userspace KeyUpdate survives (NET2)          ok
  row budget: 900s; median=-s; no-history-conservative-default; TLS optional shutdown invariants
  TLS optional shutdown invariants                     ok
  row budget: 900s; median=-s; no-history-conservative-default; TLS pipeline/torn-record/coexistence battery
  TLS pipeline/torn-record/coexistence battery         ok
  row budget: 900s; median=-s; no-history-conservative-default; TLS shutdown invariants
  TLS shutdown invariants                              ok
  row budget: 900s; median=-s; no-history-conservative-default; TLS application send path error-free
  TLS application send path error-free                 ok
  row budget: 900s; median=-s; no-history-conservative-default; TLS connection slots all freed (N/N)
  TLS connection slots all freed (33/33)               ok
  row budget: 900s; median=-s; no-history-conservative-default; TLS zc borrow gates fired (suppressed=N)
  TLS zc borrow gates fired (suppressed=21)            ok
  row budget: 900s; median=-s; no-history-conservative-default; fused boot line (atomic 0)
  fused boot line (atomic 0)                           ok
  row budget: 900s; median=-s; no-history-conservative-default; fused s6 battery (atomic 0)
  fused s6 battery (atomic 0)                          ok
  row budget: 900s; median=-s; no-history-conservative-default; fused multi_exec battery (atomic 0)
  fused multi_exec battery (atomic 0)                  FAIL (see /home/user/Projects/cx-flakeaudit2/build/gate-run.9MPk3h/jobs/fused-0/gate-fused-multi_exec-0.txt)
  row budget: 900s; median=-s; no-history-conservative-default; fused edgeproto battery (atomic 0)
  fused edgeproto battery (atomic 0)                   ok
  row budget: 900s; median=-s; no-history-conservative-default; fused atomfix battery (atomic 0)
  fused atomfix battery (atomic 0)                     ok
  row budget: 900s; median=-s; no-history-conservative-default; fused spinprobe battery (atomic 0)
  fused spinprobe battery (atomic 0)                   ok
  row budget: 900s; median=-s; no-history-conservative-default; fused shutdown report (atomic 0)
  fused shutdown report (atomic 0)                     ok
  row budget: 900s; median=-s; no-history-conservative-default; fused boot line (atomic 1)
  fused boot line (atomic 1)                           ok
  row budget: 900s; median=-s; no-history-conservative-default; fused s6 battery (atomic 1)
  fused s6 battery (atomic 1)                          ok
  row budget: 900s; median=-s; no-history-conservative-default; fused multi_exec battery (atomic 1)
  fused multi_exec battery (atomic 1)                  FAIL (see /home/user/Projects/cx-flakeaudit2/build/gate-run.9MPk3h/jobs/fused-1/gate-fused-multi_exec-1.txt)
  row budget: 900s; median=-s; no-history-conservative-default; fused edgeproto battery (atomic 1)
  fused edgeproto battery (atomic 1)                   ok
  row budget: 900s; median=-s; no-history-conservative-default; fused atomfix battery (atomic 1)
  fused atomfix battery (atomic 1)                     ok
  row budget: 900s; median=-s; no-history-conservative-default; fused spinprobe battery (atomic 1)
  fused spinprobe battery (atomic 1)                   ok
  row budget: 900s; median=-s; no-history-conservative-default; fused shutdown report (atomic 1)
  fused shutdown report (atomic 1)                     ok
  row budget: 900s; median=-s; no-history-conservative-default; torture under ASAN
  torture under ASAN                                   ok
  row budget: 900s; median=-s; no-history-conservative-default; RYOW under ASAN
  RYOW under ASAN                                      ok
  row budget: 900s; median=-s; no-history-conservative-default; atomic torn/window under ASAN
  atomic torn/window under ASAN                        ok
  row budget: 900s; median=-s; no-history-conservative-default; atomic RYOW under ASAN
  atomic RYOW under ASAN                               ok
  row budget: 900s; median=-s; no-history-conservative-default; ASAN clean
  ASAN clean                                           ok
GATE(PARTIAL): 226 ok, 7 FAIL; no EXPECT tally, ABBA, NIC or receipt; ledger: /home/user/Projects/cx-flakeaudit2/docs/flakeaudit2/evidence/mainline-20261008T013954Z/selected-run1-ledger.partial
