# To display the perf.data header info, please use --header/--header-only options.
#
#
# Total Lost Samples: 0
#
# Samples: 835  of event 'cycles:u'
# Event count (approx.): 2247300247
#
# Overhead  Symbol                                                                                                                                                                                                                                                                                                                                                                                                                                                                                                                                                                                                                                                                                                                                                                                         IPC   [IPC Coverage]
# ........  .............................................................................................................................................................................................................................................................................................................................................................................................................................................................................................................................................................................................................................................................................................................................................................................................  ....................
#
    10.93%  [.] __strcmp_evex                                                                                                                                                                                                                                                                                                                                                                                                                                                                                                                                                                                                                                                                                                                                                                              -      -            
     9.35%  [.] tomo::xshard_prepare(tomo::Server&, tomo::Op&, tomo::ScatterArenaPool&, unsigned int, unsigned long, tomo::ScatterDispatch&, bool, tomo::Client*)                                                                                                                                                                                                                                                                                                                                                                                                                                                                                                                                                                                                                                          -      -            
     3.93%  [.] unsigned int tomo::ExLoopT<true>::fused_pass_impl<32u, true, false, true>()                                                                                                                                                                                                                                                                                                                                                                                                                                                                                                                                                                                                                                                                                                                -      -            
     3.78%  [.] unsigned int tomo::FlatStore::scan_home<tomo::xshard_execute(tomo::Task const&, tomo::Shard&, tomo::Op&, unsigned int)::{lambda(tomo::KvObj*)#1}>(int, unsigned int, tomo::xshard_execute(tomo::Task const&, tomo::Shard&, tomo::Op&, unsigned int)::{lambda(tomo::KvObj*)#1}&, bool)                                                                                                                                                                                                                                                                                                                                                                                                                                                                                                      -      -            
            |          
             --0.01%--scan_home<tomo::xshard_execute(const Task&, Shard&, Op&, uint32_t)::<lambda(tomo::KvObj*)> > (inlined)
                       scan<tomo::xshard_execute(const Task&, Shard&, Op&, uint32_t)::<lambda(tomo::KvObj*)> > (inlined)
                       xshard_execute (inlined)
                       execute<false> (inlined)
                       |          
                       |--0.01%--service_xshard_retries<false> (inlined)
                       |          fused_pass_impl<32, true, false, true> (inlined)
                       |          fused_baseline_pass (inlined)
                       |          fused_baseline_pass (inlined)
                       |          flush_ready<false, false, true, false, false, false> (inlined)
                       |          run_loop<false, false, false, true, 0> (inlined)
                       |          operator() (inlined)
                       |          __invoke_impl<void, tomo::run_fused_server(Server&, const SnapshotLoadPlan*, const std::vector<std::unique_ptr<AofReplayPlan> >&, const SnapshotLoadPlan*, TlsContext*, LateUnixListener&, ShutdownReportFinalLine&)::<lambda()> > (inlined)
                       |          __invoke<tomo::run_fused_server(Server&, const SnapshotLoadPlan*, const std::vector<std::unique_ptr<AofReplayPlan> >&, const SnapshotLoadPlan*, TlsContext*, LateUnixListener&, ShutdownReportFinalLine&)::<lambda()> > (inlined)
                       |          _M_invoke<0> (inlined)
                       |          operator() (inlined)
                       |          _M_run (inlined)
                       |          0x7013940ecdb3
                       |          start_thread
                       |          __clone3 (inlined)
                       |          
                        --0.00%--exec_batch_timed<false> (inlined)
                                  exec_batch_prefetched<false> (inlined)
                                  exec_batch<false, 32> (inlined)
                                  exec_batch<false, 32> (inlined)
                                  drain_tasks<> (inlined)
                                  fused_pass_impl<32, true, false, true> (inlined)
                                  fused_baseline_pass (inlined)
                                  fused_baseline_pass (inlined)
                                  flush_ready<false, false, true, false, false, false> (inlined)
                                  run_loop<false, false, false, true, 0> (inlined)
                                  operator() (inlined)
                                  __invoke_impl<void, tomo::run_fused_server(Server&, const SnapshotLoadPlan*, const std::vector<std::unique_ptr<AofReplayPlan> >&, const SnapshotLoadPlan*, TlsContext*, LateUnixListener&, ShutdownReportFinalLine&)::<lambda()> > (inlined)
                                  __invoke<tomo::run_fused_server(Server&, const SnapshotLoadPlan*, const std::vector<std::unique_ptr<AofReplayPlan> >&, const SnapshotLoadPlan*, TlsContext*, LateUnixListener&, ShutdownReportFinalLine&)::<lambda()> > (inlined)
                                  _M_invoke<0> (inlined)
                                  operator() (inlined)
                                  _M_run (inlined)
                                  0x7013940ecdb3
                                  start_thread
                                  __clone3 (inlined)

     3.57%  [.] tomo::FlatStore::hash_key(tomo::Slice)                                                                                                                                                                                                                                                                                                                                                                                                                                                                                                                                                                                                                                                                                                                                                     -      -            
     3.35%  [.] tomo::xshard_execute(tomo::Task const&, tomo::Shard&, tomo::Op&, unsigned int)                                                                                                                                                                                                                                                                                                                                                                                                                                                                                                                                                                                                                                                                                                             -      -            
            |          
             --0.01%--scan_cursor_reverse_bits (inlined)
                       scan_cursor_next (inlined)
                       scan<tomo::xshard_execute(const Task&, Shard&, Op&, uint32_t)::<lambda(tomo::KvObj*)> > (inlined)
                       xshard_execute (inlined)
                       execute<false> (inlined)
                       service_xshard_retries<false> (inlined)
                       fused_pass_impl<32, true, false, true> (inlined)
                       fused_baseline_pass (inlined)
                       fused_baseline_pass (inlined)
                       flush_ready<false, false, true, false, false, false> (inlined)
                       run_loop<false, false, false, true, 0> (inlined)
                       operator() (inlined)
                       __invoke_impl<void, tomo::run_fused_server(Server&, const SnapshotLoadPlan*, const std::vector<std::unique_ptr<AofReplayPlan> >&, const SnapshotLoadPlan*, TlsContext*, LateUnixListener&, ShutdownReportFinalLine&)::<lambda()> > (inlined)
                       __invoke<tomo::run_fused_server(Server&, const SnapshotLoadPlan*, const std::vector<std::unique_ptr<AofReplayPlan> >&, const SnapshotLoadPlan*, TlsContext*, LateUnixListener&, ShutdownReportFinalLine&)::<lambda()> > (inlined)
                       _M_invoke<0> (inlined)
                       operator() (inlined)
                       _M_run (inlined)
                       0x7013940ecdb3
                       start_thread
                       __clone3 (inlined)

     3.17%  [.] __memset_avx512_unaligned_erms                                                                                                                                                                                                                                                                                                                                                                                                                                                                                                                                                                                                                                                                                                                                                             -      -            
            |          
             --0.00%--__memset_avx512_unaligned_erms
                       publish_phase2<false> (inlined)

     2.84%  [.] unsigned int tomo::ExLoopT<true>::drain_tasks<32u, false>(bool)                                                                                                                                                                                                                                                                                                                                                                                                                                                                                                                                                                                                                                                                                                                            -      -            
     2.55%  [.] unsigned int tomo::IoLoop::flush_ready<false, false, true, false, false, false>()                                                                                                                                                                                                                                                                                                                                                                                                                                                                                                                                                                                                                                                                                                          -      -            
            |          
             --0.00%--fused_baseline_pass (inlined)
                       flush_ready<false, false, true, false, false, false> (inlined)
                       run_loop<false, false, false, true, 0> (inlined)
                       operator() (inlined)
                       __invoke_impl<void, tomo::run_fused_server(Server&, const SnapshotLoadPlan*, const std::vector<std::unique_ptr<AofReplayPlan> >&, const SnapshotLoadPlan*, TlsContext*, LateUnixListener&, ShutdownReportFinalLine&)::<lambda()> > (inlined)
                       __invoke<tomo::run_fused_server(Server&, const SnapshotLoadPlan*, const std::vector<std::unique_ptr<AofReplayPlan> >&, const SnapshotLoadPlan*, TlsContext*, LateUnixListener&, ShutdownReportFinalLine&)::<lambda()> > (inlined)
                       _M_invoke<0> (inlined)
                       operator() (inlined)
                       _M_run (inlined)
                       0x7013940ecdb3
                       start_thread
                       __clone3 (inlined)

     2.45%  [.] tomo::IoLoop::DispatchResult tomo::IoLoop::parse_and_dispatch<false, 32u, false, false>(tomo::Client*)                                                                                                                                                                                                                                                                                                                                                                                                                                                                                                                                                                                                                                                                                     -      -            
     2.12%  [.] tomo::ParseResult tomo::resp_parse_t<false>(char const*, unsigned int, unsigned int&, tomo::Op&, char const**, unsigned long, unsigned long) [clone .isra.0]                                                                                                                                                                                                                                                                                                                                                                                                                                                                                                                                                                                                                               -      -            
     1.99%  [.] 0x000000000000099a                                                                                                                                                                                                                                                                                                                                                                                                                                                                                                                                                                                                                                                                                                                                                                         -      -            
     1.94%  [.] tomo::command_metadata_collect_keys(tomo::Op&, unsigned int, tomo::CommandMetadata const&, std::vector<tomo::CommandKeyMetadata, std::allocator<tomo::CommandKeyMetadata> >&)                                                                                                                                                                                                                                                                                                                                                                                                                                                                                                                                                                                                              -      -            
     1.94%  [.] tomo::ScatterState::ScatterState()                                                                                                                                                                                                                                                                                                                                                                                                                                                                                                                                                                                                                                                                                                                                                         -      -            
     1.84%  [k] 0xffffffffa8e0008b                                                                                                                                                                                                                                                                                                                                                                                                                                                                                                                                                                                                                                                                                                                                                                         -      -            
     1.68%  [k] 0xffffffffa8e00080                                                                                                                                                                                                                                                                                                                                                                                                                                                                                                                                                                                                                                                                                                                                                                         -      -            
     1.62%  [.] tomo::Rob<64u>::resolve_read_local_write()                                                                                                                                                                                                                                                                                                                                                                                                                                                                                                                                                                                                                                                                                                                                                 -      -            
     1.50%  [.] tomo::(anonymous namespace)::build_initial_groups(tomo::ScatterState&)                                                                                                                                                                                                                                                                                                                                                                                                                                                                                                                                                                                                                                                                                                                     -      -            
     1.43%  [.] tomo::(anonymous namespace)::append_key_span(tomo::Op const&, tomo::(anonymous namespace)::XshardKeyPlan&, unsigned int, unsigned int, unsigned int, tomo::(anonymous namespace)::XshardKeyUse)                                                                                                                                                                                                                                                                                                                                                                                                                                                                                                                                                                                            -      -            
     1.41%  [.] void tomo::IoLoop::run_loop<false, false, false, true, (unsigned char)0, false>()                                                                                                                                                                                                                                                                                                                                                                                                                                                                                                                                                                                                                                                                                                          -      -            
     1.39%  [.] unsigned int tomo::multi_owner_pass_entry_impl<false>(tomo::IoLoop&)                                                                                                                                                                                                                                                                                                                                                                                                                                                                                                                                                                                                                                                                                                                       -      -            
     1.13%  [.] bool tomo::wb_rule::defer<tomo::Client>(tomo::Client&, int)                                                                                                                                                                                                                                                                                                                                                                                                                                                                                                                                                                                                                                                                                                                                -      -            
     1.09%  [.] unsigned int tomo::ThreadCtx::drain_tasks<false, tomo::ExLoopT<true>::drain_tasks<32u, false>(bool)::{lambda(tomo::Task const&)#1}&>(tomo::ExLoopT<true>::drain_tasks<32u, false>(bool)::{lambda(tomo::Task const&)#1}&)                                                                                                                                                                                                                                                                                                                                                                                                                                                                                                                                                                   -      -            
     1.03%  [.] tomo::multi_reap_deferred(std::vector<tomo::MultiExecState*, std::allocator<tomo::MultiExecState*> >&)                                                                                                                                                                                                                                                                                                                                                                                                                                                                                                                                                                                                                                                                                     -      -            
     1.00%  [.] tomo::ScatterState::~ScatterState()                                                                                                                                                                                                                                                                                                                                                                                                                                                                                                                                                                                                                                                                                                                                                        -      -            
     0.96%  [.] unsigned int tomo::ExLoopT<true>::service_xshard_retries<false>()                                                                                                                                                                                                                                                                                                                                                                                                                                                                                                                                                                                                                                                                                                                          -      -            
     0.95%  [.] tomo::command_lookup_registry(tomo::Slice)                                                                                                                                                                                                                                                                                                                                                                                                                                                                                                                                                                                                                                                                                                                                                 -      -            
     0.92%  [.] unsigned int tomo::ExLoopT<true>::service_ordered_deferred<32u, false>()                                                                                                                                                                                                                                                                                                                                                                                                                                                                                                                                                                                                                                                                                                                   -      -            
     0.89%  [.] unsigned int tomo::IoLoop::collect_retire_work<false, false>(bool)                                                                                                                                                                                                                                                                                                                                                                                                                                                                                                                                                                                                                                                                                                                         -      -            
     0.87%  [k] 0xffffffffa8e00083                                                                                                                                                                                                                                                                                                                                                                                                                                                                                                                                                                                                                                                                                                                                                                         -      -            
     0.77%  [k] 0xffffffffa99dd0dc                                                                                                                                                                                                                                                                                                                                                                                                                                                                                                                                                                                                                                                                                                                                                                         -      -            
            |
            ---0xffffffffa99d020d
               0xffffffffa99d03b2
               0xffffffffa908f246
               0xffffffffaa479b29
               0xffffffffa8e0012b

     0.77%  [.] tomo::ThreadCtx::sample_depth(unsigned long)                                                                                                                                                                                                                                                                                                                                                                                                                                                                                                                                                                                                                                                                                                                                               -      -            
     0.76%  [.] tomo::(anonymous namespace)::group_for(tomo::ScatterState&, int)                                                                                                                                                                                                                                                                                                                                                                                                                                                                                                                                                                                                                                                                                                                           -      -            
     0.75%  [.] tomo::Op::cmd_name() const                                                                                                                                                                                                                                                                                                                                                                                                                                                                                                                                                                                                                                                                                                                                                                 -      -            
     0.69%  [.] tomo::command_metadata_resolve(tomo::Op&, unsigned int)                                                                                                                                                                                                                                                                                                                                                                                                                                                                                                                                                                                                                                                                                                                                    -      -            
     0.68%  [k] 0xffffffffa8e000a7                                                                                                                                                                                                                                                                                                                                                                                                                                                                                                                                                                                                                                                                                                                                                                         -      -            
     0.67%  [.] tomo::Rob<64u>::mark_current_write()                                                                                                                                                                                                                                                                                                                                                                                                                                                                                                                                                                                                                                                                                                                                                       -      -            
     0.67%  [.] tomo::(anonymous namespace)::free_state_contents(tomo::ScatterState&) [clone .part.0]                                                                                                                                                                                                                                                                                                                                                                                                                                                                                                                                                                                                                                                                                                      -      -            
     0.64%  [.] tomo::(anonymous namespace)::classify_keys(tomo::Op const&, tomo::(anonymous namespace)::Kind, tomo::(anonymous namespace)::XshardKeyHints const&, tomo::(anonymous namespace)::XshardKeyPlan&)                                                                                                                                                                                                                                                                                                                                                                                                                                                                                                                                                                                            -      -            
     0.62%  [.] tomo::(anonymous namespace)::classify(tomo::Op const&, tomo::(anonymous namespace)::Kind&) [clone .isra.0]                                                                                                                                                                                                                                                                                                                                                                                                                                                                                                                                                                                                                                                                                 -      -            
     0.59%  [.] tomo::IoLoop::lb_control_pass()                                                                                                                                                                                                                                                                                                                                                                                                                                                                                                                                                                                                                                                                                                                                                            -      -            
     0.52%  [.] void tomo::IoLoop::arm_recv<false>(tomo::Client*)                                                                                                                                                                                                                                                                                                                                                                                                                                                                                                                                                                                                                                                                                                                                          -      -            
     0.52%  [.] tomo::IoLoop::flip_fingerprint_finish_pass()                                                                                                                                                                                                                                                                                                                                                                                                                                                                                                                                                                                                                                                                                                                                               -      -            
     0.51%  [.] io_uring_submit_and_get_events                                                                                                                                                                                                                                                                                                                                                                                                                                                                                                                                                                                                                                                                                                                                                             -      -            
     0.50%  [.] operator new(unsigned long)                                                                                                                                                                                                                                                                                                                                                                                                                                                                                                                                                                                                                                                                                                                                                                -      -            
     0.49%  [.] tomo::ScatterArenaPool::reap_deferred()                                                                                                                                                                                                                                                                                                                                                                                                                                                                                                                                                                                                                                                                                                                                                    -      -            
     0.46%  [.] unsigned int tomo::ExLoopT<true>::service_atomic_deferred<false>()                                                                                                                                                                                                                                                                                                                                                                                                                                                                                                                                                                                                                                                                                                                         -      -            
     0.45%  [.] tomo::multidb_stamp(tomo::Server&, tomo::Op&, unsigned char)                                                                                                                                                                                                                                                                                                                                                                                                                                                                                                                                                                                                                                                                                                                               -      -            
     0.41%  [k] 0xffffffffa8e000ba                                                                                                                                                                                                                                                                                                                                                                                                                                                                                                                                                                                                                                                                                                                                                                         -      -            
     0.40%  [.] __strlen_evex                                                                                                                                                                                                                                                                                                                                                                                                                                                                                                                                                                                                                                                                                                                                                                              -      -            
     0.39%  [.] tomo::ExLoopT<true>::compact_local_read_tombstones()                                                                                                                                                                                                                                                                                                                                                                                                                                                                                                                                                                                                                                                                                                                                       -      -            
     0.39%  [.] unsigned int tomo::IoLoop::drain_client_transfers<false>(bool)                                                                                                                                                                                                                                                                                                                                                                                                                                                                                                                                                                                                                                                                                                                             -      -            
     0.36%  [.] tomo::IoLoop::ReadLocalDemotionPlan::prepare(tomo::IoLoop&, tomo::Client*, unsigned long, bool, int, tomo::ReadLocalFallbackReason, bool, unsigned long const*, tomo::ReadLocalFallbackReason const*, unsigned int, tomo::Op const*, bool)                                                                                                                                                                                                                                                                                                                                                                                                                                                                                                                                                 -      -            
     0.32%  [.] tomo::stamp_regular_range(tomo::Op&)                                                                                                                                                                                                                                                                                                                                                                                                                                                                                                                                                                                                                                                                                                                                                       -      -            
     0.31%  [.] tomo::xshard_destroy(tomo::ScatterState*, tomo::ScatterArenaPool&, unsigned int)                                                                                                                                                                                                                                                                                                                                                                                                                                                                                                                                                                                                                                                                                                           -      -            
     0.27%  [.] tomo::ExLoopT<true>::note_lb_hash(tomo::Shard&, unsigned long)                                                                                                                                                                                                                                                                                                                                                                                                                                                                                                                                                                                                                                                                                                                             -      -            
     0.27%  [.] __memcmp_evex_movbe                                                                                                                                                                                                                                                                                                                                                                                                                                                                                                                                                                                                                                                                                                                                                                        -      -            
     0.27%  [.] unsigned int tomo::ExLoopT<true>::sweep<32u, true, false, false>()                                                                                                                                                                                                                                                                                                                                                                                                                                                                                                                                                                                                                                                                                                                         -      -            
     0.26%  [.] unsigned long tomo::FlatStore::scan<tomo::Shard::lb_scan_bucket_bytes(unsigned int)::{lambda(tomo::KvObj*)#1}>(unsigned long, unsigned int, tomo::Shard::lb_scan_bucket_bytes(unsigned int)::{lambda(tomo::KvObj*)#1}&&, bool)                                                                                                                                                                                                                                                                                                                                                                                                                                                                                                                                                             -      -            
            |          
             --0.00%--scan_cursor_reverse_bits (inlined)
                       scan_cursor_next (inlined)
                       scan<tomo::Shard::lb_scan_bucket_bytes(uint32_t)::<lambda(tomo::KvObj*)> > (inlined)
                       lb_scan_bucket_bytes (inlined)
                       lb_bucket_bytes_pass (inlined)
                       lb_bucket_bytes_pass (inlined)
                       owner_control_tail (inlined)
                       fused_pass_impl<32, true, false, true> (inlined)
                       fused_baseline_pass (inlined)
                       fused_baseline_pass (inlined)
                       flush_ready<false, false, true, false, false, false> (inlined)
                       run_loop<false, false, false, true, 0> (inlined)
                       operator() (inlined)
                       __invoke_impl<void, tomo::run_fused_server(Server&, const SnapshotLoadPlan*, const std::vector<std::unique_ptr<AofReplayPlan> >&, const SnapshotLoadPlan*, TlsContext*, LateUnixListener&, ShutdownReportFinalLine&)::<lambda()> > (inlined)
                       __invoke<tomo::run_fused_server(Server&, const SnapshotLoadPlan*, const std::vector<std::unique_ptr<AofReplayPlan> >&, const SnapshotLoadPlan*, TlsContext*, LateUnixListener&, ShutdownReportFinalLine&)::<lambda()> > (inlined)
                       _M_invoke<0> (inlined)
                       operator() (inlined)
                       _M_run (inlined)
                       0x7013940ecdb3
                       start_thread
                       __clone3 (inlined)

     0.26%  [.] unsigned int tomo::ThreadCtx::drain_releases<tomo::ExLoopT<true>::drain_releases(bool)::{lambda(tomo::BorrowRelease const&)#1}&>(tomo::ExLoopT<true>::drain_releases(bool)::{lambda(tomo::BorrowRelease const&)#1}&)                                                                                                                                                                                                                                                                                                                                                                                                                                                                                                                                                                       -      -            
     0.26%  [.] tomo::multi_owner_pass_entry(tomo::IoLoop&)                                                                                                                                                                                                                                                                                                                                                                                                                                                                                                                                                                                                                                                                                                                                                -      -            
     0.26%  [.] tomo::xshard_task_should_defer(tomo::Server&, tomo::Shard&, tomo::Task const&, tomo::Op&)                                                                                                                                                                                                                                                                                                                                                                                                                                                                                                                                                                                                                                                                                                  -      -            
     0.26%  [.] unsigned int tomo::FlatStore::scan_home<tomo::Shard::lb_scan_bucket_bytes(unsigned int)::{lambda(tomo::KvObj*)#1}>(int, unsigned int, tomo::Shard::lb_scan_bucket_bytes(unsigned int)::{lambda(tomo::KvObj*)#1}&, bool)                                                                                                                                                                                                                                                                                                                                                                                                                                                                                                                                                                    -      -            
     0.26%  [.] tomo::(anonymous namespace)::arm_debug_off_hop_delay(tomo::ScatterState&, tomo::Op const&) [clone .isra.0]                                                                                                                                                                                                                                                                                                                                                                                                                                                                                                                                                                                                                                                                                 -      -            
     0.26%  [.] bool tomo::ExLoopT<true>::execute<false, false>(tomo::Task const&)                                                                                                                                                                                                                                                                                                                                                                                                                                                                                                                                                                                                                                                                                                                         -      -            
     0.25%  [.] tomo::IoLoop::ReadLocalDemotionPlan::commit_reads()                                                                                                                                                                                                                                                                                                                                                                                                                                                                                                                                                                                                                                                                                                                                        -      -            
     0.25%  [.] unsigned int tomo::IoLoop::flip_control_pass<false>()                                                                                                                                                                                                                                                                                                                                                                                                                                                                                                                                                                                                                                                                                                                                      -      -            
     0.25%  [.] tomo::ExLoopT<true>::aof_flush_pass()                                                                                                                                                                                                                                                                                                                                                                                                                                                                                                                                                                                                                                                                                                                                                      -      -            
     0.25%  [.] tomo::ExLoopT<true>::flush_xshard_commits()                                                                                                                                                                                                                                                                                                                                                                                                                                                                                                                                                                                                                                                                                                                                                -      -            
     0.25%  [.] tomo::(anonymous namespace)::command_equal(tomo::Slice, char const*) [clone .isra.0]                                                                                                                                                                                                                                                                                                                                                                                                                                                                                                                                                                                                                                                                                                       -      -            
     0.23%  [.] 0x00000000000009d4                                                                                                                                                                                                                                                                                                                                                                                                                                                                                                                                                                                                                                                                                                                                                                         -      -            
     0.21%  [.] tomo::ExLoopT<true>::drain_releases(bool)                                                                                                                                                                                                                                                                                                                                                                                                                                                                                                                                                                                                                                                                                                                                                  -      -            
     0.19%  [.] tomo::WbEngine::serve_impl<true, false, false, true, false, true>(tomo::Client&, bool*)::{lambda(tomo::Op&)#1}::operator()(tomo::Op&) const                                                                                                                                                                                                                                                                                                                                                                                                                                                                                                                                                                                                                                                -      -            
     0.18%  [.] 0x00000000000009ce                                                                                                                                                                                                                                                                                                                                                                                                                                                                                                                                                                                                                                                                                                                                                                         -      -            
     0.14%  [.] unsigned int tomo::IoLoop::service_client_migrations<false>()                                                                                                                                                                                                                                                                                                                                                                                                                                                                                                                                                                                                                                                                                                                              -      -            
     0.14%  [.] tomo::FlatStore::foreign_read_poison_open()                                                                                                                                                                                                                                                                                                                                                                                                                                                                                                                                                                                                                                                                                                                                                -      -            
     0.14%  [.] tomo::ExLoopT<true>::lb_control_pass()                                                                                                                                                                                                                                                                                                                                                                                                                                                                                                                                                                                                                                                                                                                                                     -      -            
     0.14%  [.] tomo::xshard_watch_finish(tomo::Task const&, tomo::Shard&, tomo::Op&, tomo::ScatterTaskResult)                                                                                                                                                                                                                                                                                                                                                                                                                                                                                                                                                                                                                                                                                             -      -            
     0.14%  [.] std::__detail::_Insert_base<std::__cxx11::basic_string<char, std::char_traits<char>, std::allocator<char> >, std::__cxx11::basic_string<char, std::char_traits<char>, std::allocator<char> >, std::allocator<std::__cxx11::basic_string<char, std::char_traits<char>, std::allocator<char> > >, std::__detail::_Identity, std::equal_to<std::__cxx11::basic_string<char, std::char_traits<char>, std::allocator<char> > >, std::hash<std::__cxx11::basic_string<char, std::char_traits<char>, std::allocator<char> > >, std::__detail::_Mod_range_hashing, std::__detail::_Default_ranged_hash, std::__detail::_Prime_rehash_policy, std::__detail::_Hashtable_traits<true, true, true> >::insert(std::__cxx11::basic_string<char, std::char_traits<char>, std::allocator<char> > const&)  -      -            
     0.14%  [.] __GI___pthread_disable_asynccancel                                                                                                                                                                                                                                                                                                                                                                                                                                                                                                                                                                                                                                                                                                                                                         -      -            
     0.14%  [.] tomo::slowlog_note_batch_timed()                                                                                                                                                                                                                                                                                                                                                                                                                                                                                                                                                                                                                                                                                                                                                           -      -            
     0.13%  [.] tomo::ExLoopT<true>::fairlane_owner_debt_pending() const                                                                                                                                                                                                                                                                                                                                                                                                                                                                                                                                                                                                                                                                                                                                   -      -            
     0.13%  [.] tomo::(anonymous namespace)::set_snapshot_read(tomo::SnapshotSaveCursor&, unsigned char*, unsigned long, unsigned long&)::{lambda(tomo::Slice)#1}::operator()(tomo::Slice) const [clone .isra.0]                                                                                                                                                                                                                                                                                                                                                                                                                                                                                                                                                                                           -      -            
            |
            ---operator() (inlined)
               for_each_member<tomo::(anonymous namespace)::set_snapshot_read(tomo::SnapshotSaveCursor&, uint8_t*, size_t, size_t&)::<lambda(tomo::Slice)> > (inlined)
               set_snapshot_read (inlined)
               serialize_object (inlined)
               xshard_execute (inlined)
               execute<false> (inlined)
               exec_batch_timed<false> (inlined)
               exec_batch_prefetched<false> (inlined)
               exec_batch<false, 32> (inlined)
               drain_tasks<> (inlined)
               fused_pass_impl<32, true, false, true> (inlined)
               fused_baseline_pass (inlined)
               fused_baseline_pass (inlined)
               flush_ready<false, false, true, false, false, false> (inlined)
               run_loop<false, false, false, true, 0> (inlined)
               operator() (inlined)
               __invoke_impl<void, tomo::run_fused_server(Server&, const SnapshotLoadPlan*, const std::vector<std::unique_ptr<AofReplayPlan> >&, const SnapshotLoadPlan*, TlsContext*, LateUnixListener&, ShutdownReportFinalLine&)::<lambda()> > (inlined)
               __invoke<tomo::run_fused_server(Server&, const SnapshotLoadPlan*, const std::vector<std::unique_ptr<AofReplayPlan> >&, const SnapshotLoadPlan*, TlsContext*, LateUnixListener&, ShutdownReportFinalLine&)::<lambda()> > (inlined)
               _M_invoke<0> (inlined)
               operator() (inlined)
               _M_run (inlined)
               0x7013940ecdb3
               start_thread
               __clone3 (inlined)

     0.13%  [.] void tomo::ExLoopT<true>::exec_batch_timed<false>(tomo::Task const*, unsigned int)                                                                                                                                                                                                                                                                                                                                                                                                                                                                                                                                                                                                                                                                                                         -      -            
            |
            ---exec_batch_prefetched<false> (inlined)
               exec_batch<false, 32> (inlined)
               exec_batch<false, 32> (inlined)
               drain_tasks<> (inlined)
               fused_pass_impl<32, true, false, true> (inlined)
               fused_baseline_pass (inlined)
               fused_baseline_pass (inlined)
               flush_ready<false, false, true, false, false, false> (inlined)
               run_loop<false, false, false, true, 0> (inlined)
               operator() (inlined)
               __invoke_impl<void, tomo::run_fused_server(Server&, const SnapshotLoadPlan*, const std::vector<std::unique_ptr<AofReplayPlan> >&, const SnapshotLoadPlan*, TlsContext*, LateUnixListener&, ShutdownReportFinalLine&)::<lambda()> > (inlined)
               __invoke<tomo::run_fused_server(Server&, const SnapshotLoadPlan*, const std::vector<std::unique_ptr<AofReplayPlan> >&, const SnapshotLoadPlan*, TlsContext*, LateUnixListener&, ShutdownReportFinalLine&)::<lambda()> > (inlined)
               _M_invoke<0> (inlined)
               operator() (inlined)
               _M_run (inlined)
               0x7013940ecdb3
               start_thread
               __clone3 (inlined)

     0.13%  [.] 0x00000000000b4c8a                                                                                                                                                                                                                                                                                                                                                                                                                                                                                                                                                                                                                                                                                                                                                                         -      -            
     0.13%  [.] void tomo::reply_bulk<tomo::Op::Sink>(tomo::Op::Sink&&, tomo::Slice) [clone .isra.0]                                                                                                                                                                                                                                                                                                                                                                                                                                                                                                                                                                                                                                                                                                       -      -            
     0.13%  [k] 0xffffffffa99d006e                                                                                                                                                                                                                                                                                                                                                                                                                                                                                                                                                                                                                                                                                                                                                                         -      -            
            |
            ---0xffffffffa99d03b2
               0xffffffffa908f246
               0xffffffffaa479b29
               0xffffffffa8e0012b

     0.13%  [.] tomo::FlatStore::atomic_needs_version(unsigned long, tomo::Slice) const                                                                                                                                                                                                                                                                                                                                                                                                                                                                                                                                                                                                                                                                                                                    -      -            
     0.13%  [.] tomo::Compact::append(tomo::Slice) [clone .isra.0]                                                                                                                                                                                                                                                                                                                                                                                                                                                                                                                                                                                                                                                                                                                                         -      -            
     0.13%  [.] 0x00000000001a1628                                                                                                                                                                                                                                                                                                                                                                                                                                                                                                                                                                                                                                                                                                                                                                         -      -            
     0.13%  [.] unsigned int tomo::ExLoopT<true>::fused_sweep_impl<32u, true, false, true>()                                                                                                                                                                                                                                                                                                                                                                                                                                                                                                                                                                                                                                                                                                               -      -            
     0.13%  [k] 0xffffffffa8e000be                                                                                                                                                                                                                                                                                                                                                                                                                                                                                                                                                                                                                                                                                                                                                                         -      -            
     0.13%  [.] tomo::IoLoop::query_buffer_exceeded(tomo::Client const&) const                                                                                                                                                                                                                                                                                                                                                                                                                                                                                                                                                                                                                                                                                                                             -      -            
     0.13%  [.] memset@plt                                                                                                                                                                                                                                                                                                                                                                                                                                                                                                                                                                                                                                                                                                                                                                                 -      -            
     0.13%  [.] std::vector<unsigned int, std::allocator<unsigned int> >::~vector()                                                                                                                                                                                                                                                                                                                                                                                                                                                                                                                                                                                                                                                                                                                        -      -            
     0.13%  [k] 0xffffffffa99cffdd                                                                                                                                                                                                                                                                                                                                                                                                                                                                                                                                                                                                                                                                                                                                                                         -      -            
            |
            ---0xffffffffa99d03b2
               0xffffffffa908f246
               0xffffffffaa479b29
               0xffffffffa8e0012b

     0.13%  [.] unsigned int tomo::ExLoopT<true>::service_stale_forwards<32u, false>()                                                                                                                                                                                                                                                                                                                                                                                                                                                                                                                                                                                                                                                                                                                     -      -            
     0.13%  [.] 0x00000000000009a8                                                                                                                                                                                                                                                                                                                                                                                                                                                                                                                                                                                                                                                                                                                                                                         -      -            
     0.13%  [.] tomo::ThreadCtx::note_command(unsigned short)                                                                                                                                                                                                                                                                                                                                                                                                                                                                                                                                                                                                                                                                                                                                              -      -            
     0.13%  [.] tomo::ThreadCtx::post_task_quiet(unsigned int, tomo::Task const&, tomo::LoopSignals&)                                                                                                                                                                                                                                                                                                                                                                                                                                                                                                                                                                                                                                                                                                      -      -            
     0.13%  [k] 0xffffffffa8e000b0                                                                                                                                                                                                                                                                                                                                                                                                                                                                                                                                                                                                                                                                                                                                                                         -      -            
     0.13%  [.] 0x00000000000009e5                                                                                                                                                                                                                                                                                                                                                                                                                                                                                                                                                                                                                                                                                                                                                                         -      -            
     0.13%  [k] 0xffffffffa9295d24                                                                                                                                                                                                                                                                                                                                                                                                                                                                                                                                                                                                                                                                                                                                                                         -      -            
            |
            ---0xffffffffa99d0185
               0xffffffffa99d03b2
               0xffffffffa908f246
               0xffffffffaa479b29
               0xffffffffa8e0012b

     0.13%  [k] 0xffffffffa8e000b5                                                                                                                                                                                                                                                                                                                                                                                                                                                                                                                                                                                                                                                                                                                                                                         -      -            
     0.13%  [.] 0x0000000000000967                                                                                                                                                                                                                                                                                                                                                                                                                                                                                                                                                                                                                                                                                                                                                                         -      -            
     0.13%  [.] tomo::(anonymous namespace)::has_status(tomo::(anonymous namespace)::Kind, bool)                                                                                                                                                                                                                                                                                                                                                                                                                                                                                                                                                                                                                                                                                                           -      -            
     0.13%  [.] tomo::(anonymous namespace)::child_count(tomo::CommandMetadata const&)                                                                                                                                                                                                                                                                                                                                                                                                                                                                                                                                                                                                                                                                                                                     -      -            
     0.13%  [.] pthread_mutex_unlock@@GLIBC_2.2.5                                                                                                                                                                                                                                                                                                                                                                                                                                                                                                                                                                                                                                                                                                                                                          -      -            
     0.13%  [.] std::_Vector_base<double, std::allocator<double> >::~_Vector_base()                                                                                                                                                                                                                                                                                                                                                                                                                                                                                                                                                                                                                                                                                                                        -      -            
     0.13%  [.] tomo::ExLoopT<true>::active_expire_cycle()                                                                                                                                                                                                                                                                                                                                                                                                                                                                                                                                                                                                                                                                                                                                                 -      -            
     0.13%  [.] 0x0000000000000981                                                                                                                                                                                                                                                                                                                                                                                                                                                                                                                                                                                                                                                                                                                                                                         -      -            
     0.13%  [.] tomo::xshard_visit_task_hashes(tomo::Task const&, void*, void (*)(void*, unsigned long))                                                                                                                                                                                                                                                                                                                                                                                                                                                                                                                                                                                                                                                                                                   -      -            
     0.13%  [.] tomo::ExLoopT<true>::owner_control_tail()                                                                                                                                                                                                                                                                                                                                                                                                                                                                                                                                                                                                                                                                                                                                                  -      -            
     0.13%  [k] 0xffffffffaa479a89                                                                                                                                                                                                                                                                                                                                                                                                                                                                                                                                                                                                                                                                                                                                                                         -      -            
            |
            ---0xffffffffa8e0012b

     0.13%  [.] tomo::IoLoop::init(tomo::Server*, tomo::ThreadCtx*, char const*, unsigned short, int, tomo::TlsContext const*, bool)::{lambda(void*, tomo::Client&, tomo::Op&)#1}::_FUN(void*, tomo::Client&, tomo::Op&)                                                                                                                                                                                                                                                                                                                                                                                                                                                                                                                                                                                   -      -            
     0.13%  [k] 0xffffffffa8e000a9                                                                                                                                                                                                                                                                                                                                                                                                                                                                                                                                                                                                                                                                                                                                                                         -      -            
     0.12%  [.] unsigned int tomo::ThreadCtx::drain_tasks_unmasked<false, tomo::ExLoopT<true>::drain_tasks<32u, false>(bool)::{lambda(tomo::Task const&)#1}&>(tomo::ExLoopT<true>::drain_tasks<32u, false>(bool)::{lambda(tomo::Task const&)#1}&)                                                                                                                                                                                                                                                                                                                                                                                                                                                                                                                                                          -      -            
     0.12%  [.] tomo::ScatterArenaPool::refresh_snapshot_floor(tomo::Server&, unsigned int)                                                                                                                                                                                                                                                                                                                                                                                                                                                                                                                                                                                                                                                                                                                -      -            
     0.12%  [.] tomo::FlatStore::erase_in_read_local(int, unsigned long, tomo::Slice, bool*)                                                                                                                                                                                                                                                                                                                                                                                                                                                                                                                                                                                                                                                                                                               -      -            
     0.12%  [.] unsigned int tomo::ExLoopT<true>::snapshot_control_pass<32u, false>()                                                                                                                                                                                                                                                                                                                                                                                                                                                                                                                                                                                                                                                                                                                      -      -            
     0.12%  [.] 0x0000000000000a83                                                                                                                                                                                                                                                                                                                                                                                                                                                                                                                                                                                                                                                                                                                                                                         -      -            
     0.12%  [.] tomo::Client::nothing_to_write() const                                                                                                                                                                                                                                                                                                                                                                                                                                                                                                                                                                                                                                                                                                                                                     -      -            
     0.12%  [.] tomo::ExLoopT<true>::prefetch_overlap_batch(tomo::Task const*, unsigned int)                                                                                                                                                                                                                                                                                                                                                                                                                                                                                                                                                                                                                                                                                                               -      -            
     0.12%  [.] tomo::FlatStore::find_in(int, unsigned long, tomo::Slice) const                                                                                                                                                                                                                                                                                                                                                                                                                                                                                                                                                                                                                                                                                                                            -      -            
     0.12%  [.] tomo::ReadLocalDeferredQueue::drain_ready()                                                                                                                                                                                                                                                                                                                                                                                                                                                                                                                                                                                                                                                                                                                                                -      -            
     0.12%  [.] tomo::KvObj::key() const                                                                                                                                                                                                                                                                                                                                                                                                                                                                                                                                                                                                                                                                                                                                                                   -      -            
     0.12%  [.] tomo::ExLoopT<true>::fused_baseline_sweep() [clone .part.0]                                                                                                                                                                                                                                                                                                                                                                                                                                                                                                                                                                                                                                                                                                                                -      -            
            |
            ---fused_baseline_sweep (inlined)
               flush_ready<false, false, true, false, true, false> (inlined)
               sweep<false, false, false, true, false> (inlined)
               run_loop<false, false, false, true, 0> (inlined)
               operator() (inlined)
               __invoke_impl<void, tomo::run_fused_server(Server&, const SnapshotLoadPlan*, const std::vector<std::unique_ptr<AofReplayPlan> >&, const SnapshotLoadPlan*, TlsContext*, LateUnixListener&, ShutdownReportFinalLine&)::<lambda()> > (inlined)
               __invoke<tomo::run_fused_server(Server&, const SnapshotLoadPlan*, const std::vector<std::unique_ptr<AofReplayPlan> >&, const SnapshotLoadPlan*, TlsContext*, LateUnixListener&, ShutdownReportFinalLine&)::<lambda()> > (inlined)
               _M_invoke<0> (inlined)
               operator() (inlined)
               _M_run (inlined)
               0x7013940ecdb3
               start_thread
               __clone3 (inlined)

     0.12%  [.] tomo::IoLoop::lb_pass_begin()                                                                                                                                                                                                                                                                                                                                                                                                                                                                                                                                                                                                                                                                                                                                                              -      -            
     0.12%  [.] tomo::FlatStore::rehash_step_read_local()                                                                                                                                                                                                                                                                                                                                                                                                                                                                                                                                                                                                                                                                                                                                                  -      -            
     0.11%  [.] tomo::Shard::publish_size()                                                                                                                                                                                                                                                                                                                                                                                                                                                                                                                                                                                                                                                                                                                                                                -      -            
     0.11%  [.] 0x00000000000af83c                                                                                                                                                                                                                                                                                                                                                                                                                                                                                                                                                                                                                                                                                                                                                                         -      -            
     0.11%  [.] tomo::ExpireIndex::insert(unsigned long, long) [clone .isra.0]                                                                                                                                                                                                                                                                                                                                                                                                                                                                                                                                                                                                                                                                                                                             -      -            
     0.10%  [.] tomo::FlatStore::find(unsigned long, tomo::Slice)                                                                                                                                                                                                                                                                                                                                                                                                                                                                                                                                                                                                                                                                                                                                          -      -            


#
# (Cannot load tips.txt file, please install perf!)
#
